TestFile,Answer,Prediction
1_mp3,90-100,90-100
1_mp3,90-100,90-100
1_mp3,90-100,90-100
1_mp3,90-100,90-100
1_mp3,90-100,90-100
1_mp3,90-100,90-100
1_mp3,90-100,90-100
1_mp3,90-100,90-100
1_mp3,90-100,50-60
1_mp3,90-100,50-60
1_mp3,90-100,50-60
1_mp3,90-100,90-100
1_mp3,90-100,90-100
1_mp3,90-100,90-100
1_mp3,90-100,90-100
1_mp3,90-100,90-100
1_mp3,90-100,90-100
1_mp3,90-100,90-100
1_mp3,90-100,90-100
1_mp3,90-100,90-100
1_mp3,90-100,50-60
1_mp3,90-100,90-100
1_mp3,90-100,90-100
1_mp3,90-100,90-100
1_mp3,90-100,90-100
1_mp3,90-100,90-100
1_mp3,90-100,90-100
1_mp3,90-100,90-100
1_mp3,90-100,90-100
1_mp3,90-100,90-100
1_mp3,90-100,50-60
1_mp3,90-100,50-60
1_mp3,90-100,50-60
1_mp3,90-100,90-100
1_mp3,90-100,50-60
1_mp3,90-100,90-100
1_mp3,90-100,90-100
1_mp3,90-100,90-100
1_mp3,90-100,90-100
1_mp3,90-100,90-100
1_mp3,90-100,90-100
1_mp3,90-100,90-100
1_mp3,90-100,90-100
1_mp3,90-100,90-100
1_mp3,90-100,90-100
1_mp3,90-100,90-100
1_mp3,90-100,90-100
1_mp3,90-100,90-100
1_mp3,90-100,90-100
1_mp3,90-100,90-100
1_mp3,90-100,50-60
1_mp3,90-100,90-100
1_mp3,90-100,90-100
1_mp3,90-100,90-100
1_mp3,90-100,50-60
1_mp3,90-100,90-100
1_mp3,90-100,90-100
1_mp3,90-100,90-100
1_mp3,90-100,90-100
1_mp3,90-100,90-100
1_mp3,90-100,90-100
1_mp3,90-100,90-100
1_mp3,90-100,90-100
1_mp3,90-100,90-100
1_mp3,90-100,50-60
1_mp3,90-100,90-100
1_mp3,90-100,50-60
1_mp3,90-100,90-100
1_mp3,90-100,50-60
1_mp3,90-100,90-100
1_mp3,90-100,90-100
1_mp3,90-100,90-100
1_mp3,90-100,50-60
1_mp3,90-100,90-100
1_mp3,90-100,90-100
1_mp3,90-100,50-60
1_mp3,90-100,90-100
1_mp3,90-100,90-100
1_mp3,90-100,90-100
1_mp3,90-100,90-100
1_mp3,90-100,90-100
1_mp3,90-100,90-100
1_mp3,90-100,90-100
1_mp3,90-100,50-60
1_mp3,90-100,50-60
1_mp3,90-100,90-100
1_mp3,90-100,90-100
1_mp3,90-100,90-100
1_mp3,90-100,90-100
1_mp3,90-100,50-60
1_mp3,90-100,50-60
1_mp3,90-100,50-60
1_mp3,90-100,90-100
1_mp3,90-100,90-100
1_mp3,90-100,90-100
1_mp3,90-100,50-60
1_mp3,90-100,90-100
1_mp3,90-100,90-100
1_mp3,90-100,90-100
1_mp3,90-100,90-100
(Accuracy)1_mp3,0.79
2_mp3,90-100,90-100
2_mp3,90-100,90-100
2_mp3,90-100,90-100
2_mp3,90-100,90-100
2_mp3,90-100,90-100
2_mp3,90-100,90-100
2_mp3,90-100,90-100
2_mp3,90-100,90-100
2_mp3,90-100,90-100
2_mp3,90-100,90-100
2_mp3,90-100,90-100
2_mp3,90-100,90-100
2_mp3,90-100,90-100
2_mp3,90-100,90-100
2_mp3,90-100,90-100
2_mp3,90-100,90-100
2_mp3,90-100,90-100
2_mp3,90-100,90-100
2_mp3,90-100,90-100
2_mp3,90-100,90-100
2_mp3,90-100,90-100
2_mp3,90-100,90-100
2_mp3,90-100,90-100
2_mp3,90-100,90-100
2_mp3,90-100,90-100
2_mp3,90-100,90-100
2_mp3,90-100,90-100
2_mp3,90-100,90-100
2_mp3,90-100,90-100
2_mp3,90-100,90-100
2_mp3,90-100,90-100
2_mp3,90-100,90-100
2_mp3,90-100,90-100
2_mp3,90-100,90-100
2_mp3,90-100,90-100
2_mp3,90-100,90-100
2_mp3,90-100,90-100
2_mp3,90-100,90-100
2_mp3,90-100,90-100
2_mp3,90-100,90-100
2_mp3,90-100,90-100
2_mp3,90-100,90-100
2_mp3,90-100,90-100
2_mp3,90-100,90-100
2_mp3,90-100,90-100
2_mp3,90-100,90-100
2_mp3,90-100,90-100
2_mp3,90-100,90-100
2_mp3,90-100,90-100
2_mp3,90-100,90-100
2_mp3,90-100,90-100
2_mp3,90-100,90-100
2_mp3,90-100,90-100
2_mp3,90-100,90-100
2_mp3,90-100,90-100
2_mp3,90-100,90-100
2_mp3,90-100,90-100
2_mp3,90-100,90-100
2_mp3,90-100,90-100
2_mp3,90-100,90-100
2_mp3,90-100,90-100
2_mp3,90-100,90-100
2_mp3,90-100,90-100
2_mp3,90-100,90-100
2_mp3,90-100,90-100
2_mp3,90-100,90-100
2_mp3,90-100,90-100
2_mp3,90-100,90-100
2_mp3,90-100,90-100
2_mp3,90-100,90-100
2_mp3,90-100,90-100
2_mp3,90-100,90-100
2_mp3,90-100,90-100
2_mp3,90-100,90-100
2_mp3,90-100,90-100
2_mp3,90-100,90-100
2_mp3,90-100,90-100
2_mp3,90-100,90-100
2_mp3,90-100,90-100
2_mp3,90-100,90-100
2_mp3,90-100,90-100
2_mp3,90-100,90-100
2_mp3,90-100,90-100
2_mp3,90-100,90-100
2_mp3,90-100,90-100
2_mp3,90-100,90-100
2_mp3,90-100,90-100
2_mp3,90-100,90-100
2_mp3,90-100,90-100
2_mp3,90-100,90-100
2_mp3,90-100,90-100
2_mp3,90-100,90-100
2_mp3,90-100,90-100
2_mp3,90-100,90-100
2_mp3,90-100,90-100
2_mp3,90-100,90-100
2_mp3,90-100,90-100
2_mp3,90-100,90-100
2_mp3,90-100,90-100
2_mp3,90-100,90-100
(Accuracy)2_mp3,1.0
3_mp3,90-100,90-100
3_mp3,90-100,90-100
3_mp3,90-100,90-100
3_mp3,90-100,90-100
3_mp3,90-100,90-100
3_mp3,90-100,90-100
3_mp3,90-100,90-100
3_mp3,90-100,90-100
3_mp3,90-100,90-100
3_mp3,90-100,90-100
3_mp3,90-100,90-100
3_mp3,90-100,90-100
3_mp3,90-100,90-100
3_mp3,90-100,90-100
3_mp3,90-100,90-100
3_mp3,90-100,90-100
3_mp3,90-100,90-100
3_mp3,90-100,90-100
3_mp3,90-100,90-100
3_mp3,90-100,90-100
3_mp3,90-100,90-100
3_mp3,90-100,90-100
3_mp3,90-100,90-100
3_mp3,90-100,90-100
3_mp3,90-100,90-100
3_mp3,90-100,90-100
3_mp3,90-100,90-100
3_mp3,90-100,90-100
3_mp3,90-100,90-100
3_mp3,90-100,90-100
3_mp3,90-100,90-100
3_mp3,90-100,90-100
3_mp3,90-100,90-100
3_mp3,90-100,90-100
3_mp3,90-100,90-100
3_mp3,90-100,90-100
3_mp3,90-100,90-100
3_mp3,90-100,90-100
3_mp3,90-100,90-100
3_mp3,90-100,90-100
3_mp3,90-100,90-100
3_mp3,90-100,90-100
3_mp3,90-100,90-100
3_mp3,90-100,90-100
3_mp3,90-100,90-100
3_mp3,90-100,90-100
3_mp3,90-100,90-100
3_mp3,90-100,90-100
3_mp3,90-100,90-100
3_mp3,90-100,90-100
3_mp3,90-100,90-100
3_mp3,90-100,90-100
3_mp3,90-100,90-100
3_mp3,90-100,90-100
3_mp3,90-100,90-100
3_mp3,90-100,90-100
3_mp3,90-100,90-100
3_mp3,90-100,90-100
3_mp3,90-100,90-100
3_mp3,90-100,90-100
3_mp3,90-100,90-100
3_mp3,90-100,90-100
3_mp3,90-100,90-100
3_mp3,90-100,90-100
3_mp3,90-100,90-100
3_mp3,90-100,90-100
3_mp3,90-100,90-100
3_mp3,90-100,90-100
3_mp3,90-100,90-100
3_mp3,90-100,90-100
3_mp3,90-100,90-100
3_mp3,90-100,90-100
3_mp3,90-100,90-100
3_mp3,90-100,90-100
3_mp3,90-100,90-100
3_mp3,90-100,90-100
3_mp3,90-100,90-100
3_mp3,90-100,90-100
3_mp3,90-100,90-100
3_mp3,90-100,90-100
3_mp3,90-100,90-100
3_mp3,90-100,90-100
3_mp3,90-100,90-100
3_mp3,90-100,90-100
3_mp3,90-100,90-100
3_mp3,90-100,90-100
3_mp3,90-100,90-100
3_mp3,90-100,90-100
3_mp3,90-100,90-100
3_mp3,90-100,90-100
3_mp3,90-100,90-100
3_mp3,90-100,90-100
3_mp3,90-100,90-100
3_mp3,90-100,90-100
3_mp3,90-100,90-100
3_mp3,90-100,90-100
3_mp3,90-100,90-100
3_mp3,90-100,90-100
3_mp3,90-100,90-100
3_mp3,90-100,90-100
(Accuracy)3_mp3,1.0
4_mp3,90-100,90-100
4_mp3,90-100,90-100
4_mp3,90-100,90-100
4_mp3,90-100,90-100
4_mp3,90-100,90-100
4_mp3,90-100,90-100
4_mp3,90-100,90-100
4_mp3,90-100,90-100
4_mp3,90-100,90-100
4_mp3,90-100,90-100
4_mp3,90-100,90-100
4_mp3,90-100,90-100
4_mp3,90-100,90-100
4_mp3,90-100,90-100
4_mp3,90-100,90-100
4_mp3,90-100,90-100
4_mp3,90-100,90-100
4_mp3,90-100,90-100
4_mp3,90-100,90-100
4_mp3,90-100,90-100
4_mp3,90-100,90-100
4_mp3,90-100,90-100
4_mp3,90-100,90-100
4_mp3,90-100,90-100
4_mp3,90-100,90-100
4_mp3,90-100,90-100
4_mp3,90-100,90-100
4_mp3,90-100,90-100
4_mp3,90-100,90-100
4_mp3,90-100,90-100
4_mp3,90-100,90-100
4_mp3,90-100,90-100
4_mp3,90-100,90-100
4_mp3,90-100,90-100
4_mp3,90-100,90-100
4_mp3,90-100,90-100
4_mp3,90-100,90-100
4_mp3,90-100,90-100
4_mp3,90-100,90-100
4_mp3,90-100,90-100
4_mp3,90-100,90-100
4_mp3,90-100,90-100
4_mp3,90-100,90-100
4_mp3,90-100,90-100
4_mp3,90-100,90-100
4_mp3,90-100,90-100
4_mp3,90-100,90-100
4_mp3,90-100,90-100
4_mp3,90-100,90-100
4_mp3,90-100,90-100
4_mp3,90-100,90-100
4_mp3,90-100,90-100
4_mp3,90-100,90-100
4_mp3,90-100,90-100
4_mp3,90-100,90-100
4_mp3,90-100,90-100
4_mp3,90-100,90-100
4_mp3,90-100,90-100
4_mp3,90-100,90-100
4_mp3,90-100,90-100
4_mp3,90-100,90-100
4_mp3,90-100,90-100
4_mp3,90-100,90-100
4_mp3,90-100,90-100
4_mp3,90-100,90-100
4_mp3,90-100,90-100
4_mp3,90-100,90-100
4_mp3,90-100,90-100
4_mp3,90-100,90-100
4_mp3,90-100,90-100
4_mp3,90-100,90-100
4_mp3,90-100,90-100
4_mp3,90-100,90-100
4_mp3,90-100,90-100
4_mp3,90-100,90-100
4_mp3,90-100,90-100
4_mp3,90-100,90-100
4_mp3,90-100,90-100
4_mp3,90-100,90-100
4_mp3,90-100,90-100
4_mp3,90-100,90-100
4_mp3,90-100,90-100
4_mp3,90-100,90-100
4_mp3,90-100,90-100
4_mp3,90-100,90-100
4_mp3,90-100,90-100
4_mp3,90-100,90-100
4_mp3,90-100,90-100
4_mp3,90-100,90-100
4_mp3,90-100,90-100
4_mp3,90-100,90-100
4_mp3,90-100,90-100
4_mp3,90-100,90-100
4_mp3,90-100,90-100
4_mp3,90-100,90-100
4_mp3,90-100,90-100
4_mp3,90-100,90-100
4_mp3,90-100,90-100
4_mp3,90-100,90-100
4_mp3,90-100,90-100
(Accuracy)4_mp3,1.0
5_mp3,90-100,90-100
5_mp3,90-100,90-100
5_mp3,90-100,90-100
5_mp3,90-100,50-60
5_mp3,90-100,50-60
5_mp3,90-100,90-100
5_mp3,90-100,50-60
5_mp3,90-100,90-100
5_mp3,90-100,50-60
5_mp3,90-100,50-60
5_mp3,90-100,90-100
5_mp3,90-100,90-100
5_mp3,90-100,90-100
5_mp3,90-100,90-100
5_mp3,90-100,90-100
5_mp3,90-100,90-100
5_mp3,90-100,90-100
5_mp3,90-100,50-60
5_mp3,90-100,90-100
5_mp3,90-100,90-100
5_mp3,90-100,50-60
5_mp3,90-100,90-100
5_mp3,90-100,50-60
5_mp3,90-100,90-100
5_mp3,90-100,90-100
5_mp3,90-100,90-100
5_mp3,90-100,90-100
5_mp3,90-100,90-100
5_mp3,90-100,90-100
5_mp3,90-100,90-100
5_mp3,90-100,50-60
5_mp3,90-100,90-100
5_mp3,90-100,50-60
5_mp3,90-100,90-100
5_mp3,90-100,50-60
5_mp3,90-100,50-60
5_mp3,90-100,50-60
5_mp3,90-100,50-60
5_mp3,90-100,90-100
5_mp3,90-100,50-60
5_mp3,90-100,90-100
5_mp3,90-100,90-100
5_mp3,90-100,50-60
5_mp3,90-100,90-100
5_mp3,90-100,90-100
5_mp3,90-100,90-100
5_mp3,90-100,50-60
5_mp3,90-100,50-60
5_mp3,90-100,50-60
5_mp3,90-100,90-100
5_mp3,90-100,50-60
5_mp3,90-100,50-60
5_mp3,90-100,90-100
5_mp3,90-100,90-100
5_mp3,90-100,50-60
5_mp3,90-100,50-60
5_mp3,90-100,50-60
5_mp3,90-100,50-60
5_mp3,90-100,90-100
5_mp3,90-100,50-60
5_mp3,90-100,50-60
5_mp3,90-100,90-100
5_mp3,90-100,90-100
5_mp3,90-100,50-60
5_mp3,90-100,90-100
5_mp3,90-100,90-100
5_mp3,90-100,50-60
5_mp3,90-100,50-60
5_mp3,90-100,90-100
5_mp3,90-100,90-100
5_mp3,90-100,90-100
5_mp3,90-100,50-60
5_mp3,90-100,90-100
5_mp3,90-100,90-100
5_mp3,90-100,50-60
5_mp3,90-100,90-100
5_mp3,90-100,90-100
5_mp3,90-100,50-60
5_mp3,90-100,90-100
5_mp3,90-100,90-100
5_mp3,90-100,90-100
5_mp3,90-100,90-100
5_mp3,90-100,90-100
5_mp3,90-100,50-60
5_mp3,90-100,90-100
5_mp3,90-100,50-60
5_mp3,90-100,50-60
5_mp3,90-100,90-100
5_mp3,90-100,90-100
5_mp3,90-100,90-100
5_mp3,90-100,90-100
5_mp3,90-100,90-100
5_mp3,90-100,50-60
5_mp3,90-100,90-100
5_mp3,90-100,50-60
5_mp3,90-100,90-100
5_mp3,90-100,90-100
5_mp3,90-100,50-60
5_mp3,90-100,90-100
5_mp3,90-100,90-100
(Accuracy)5_mp3,0.61
6_mp3,90-100,90-100
6_mp3,90-100,90-100
6_mp3,90-100,90-100
6_mp3,90-100,90-100
6_mp3,90-100,90-100
6_mp3,90-100,90-100
6_mp3,90-100,90-100
6_mp3,90-100,90-100
6_mp3,90-100,90-100
6_mp3,90-100,90-100
6_mp3,90-100,90-100
6_mp3,90-100,90-100
6_mp3,90-100,90-100
6_mp3,90-100,90-100
6_mp3,90-100,90-100
6_mp3,90-100,90-100
6_mp3,90-100,90-100
6_mp3,90-100,90-100
6_mp3,90-100,90-100
6_mp3,90-100,90-100
6_mp3,90-100,90-100
6_mp3,90-100,90-100
6_mp3,90-100,90-100
6_mp3,90-100,90-100
6_mp3,90-100,90-100
6_mp3,90-100,90-100
6_mp3,90-100,90-100
6_mp3,90-100,90-100
6_mp3,90-100,90-100
6_mp3,90-100,90-100
6_mp3,90-100,90-100
6_mp3,90-100,90-100
6_mp3,90-100,90-100
6_mp3,90-100,90-100
6_mp3,90-100,90-100
6_mp3,90-100,90-100
6_mp3,90-100,90-100
6_mp3,90-100,90-100
6_mp3,90-100,90-100
6_mp3,90-100,90-100
6_mp3,90-100,90-100
6_mp3,90-100,90-100
6_mp3,90-100,90-100
6_mp3,90-100,90-100
6_mp3,90-100,90-100
6_mp3,90-100,90-100
6_mp3,90-100,90-100
6_mp3,90-100,90-100
6_mp3,90-100,90-100
6_mp3,90-100,90-100
6_mp3,90-100,90-100
6_mp3,90-100,90-100
6_mp3,90-100,90-100
6_mp3,90-100,90-100
6_mp3,90-100,90-100
6_mp3,90-100,90-100
6_mp3,90-100,90-100
6_mp3,90-100,90-100
6_mp3,90-100,90-100
6_mp3,90-100,90-100
6_mp3,90-100,90-100
6_mp3,90-100,90-100
6_mp3,90-100,90-100
6_mp3,90-100,90-100
6_mp3,90-100,90-100
6_mp3,90-100,90-100
6_mp3,90-100,90-100
6_mp3,90-100,90-100
6_mp3,90-100,90-100
6_mp3,90-100,90-100
6_mp3,90-100,90-100
6_mp3,90-100,90-100
6_mp3,90-100,90-100
6_mp3,90-100,90-100
6_mp3,90-100,90-100
6_mp3,90-100,90-100
6_mp3,90-100,90-100
6_mp3,90-100,90-100
6_mp3,90-100,90-100
6_mp3,90-100,90-100
6_mp3,90-100,90-100
6_mp3,90-100,90-100
6_mp3,90-100,90-100
6_mp3,90-100,90-100
6_mp3,90-100,90-100
6_mp3,90-100,90-100
6_mp3,90-100,90-100
6_mp3,90-100,90-100
6_mp3,90-100,90-100
6_mp3,90-100,90-100
6_mp3,90-100,90-100
6_mp3,90-100,90-100
6_mp3,90-100,90-100
6_mp3,90-100,90-100
6_mp3,90-100,90-100
6_mp3,90-100,90-100
6_mp3,90-100,90-100
6_mp3,90-100,90-100
6_mp3,90-100,90-100
6_mp3,90-100,90-100
(Accuracy)6_mp3,1.0
7_mp3,90-100,90-100
7_mp3,90-100,90-100
7_mp3,90-100,90-100
7_mp3,90-100,90-100
7_mp3,90-100,90-100
7_mp3,90-100,90-100
7_mp3,90-100,90-100
7_mp3,90-100,90-100
7_mp3,90-100,90-100
7_mp3,90-100,90-100
7_mp3,90-100,90-100
7_mp3,90-100,90-100
7_mp3,90-100,90-100
7_mp3,90-100,90-100
7_mp3,90-100,90-100
7_mp3,90-100,90-100
7_mp3,90-100,90-100
7_mp3,90-100,90-100
7_mp3,90-100,90-100
7_mp3,90-100,90-100
7_mp3,90-100,90-100
7_mp3,90-100,90-100
7_mp3,90-100,90-100
7_mp3,90-100,90-100
7_mp3,90-100,90-100
7_mp3,90-100,90-100
7_mp3,90-100,90-100
7_mp3,90-100,90-100
7_mp3,90-100,90-100
7_mp3,90-100,90-100
7_mp3,90-100,90-100
7_mp3,90-100,90-100
7_mp3,90-100,90-100
7_mp3,90-100,90-100
7_mp3,90-100,90-100
7_mp3,90-100,90-100
7_mp3,90-100,90-100
7_mp3,90-100,90-100
7_mp3,90-100,90-100
7_mp3,90-100,90-100
7_mp3,90-100,90-100
7_mp3,90-100,90-100
7_mp3,90-100,90-100
7_mp3,90-100,90-100
7_mp3,90-100,90-100
7_mp3,90-100,90-100
7_mp3,90-100,90-100
7_mp3,90-100,90-100
7_mp3,90-100,90-100
7_mp3,90-100,90-100
7_mp3,90-100,90-100
7_mp3,90-100,90-100
7_mp3,90-100,90-100
7_mp3,90-100,90-100
7_mp3,90-100,90-100
7_mp3,90-100,90-100
7_mp3,90-100,90-100
7_mp3,90-100,90-100
7_mp3,90-100,90-100
7_mp3,90-100,90-100
7_mp3,90-100,90-100
7_mp3,90-100,90-100
7_mp3,90-100,90-100
7_mp3,90-100,90-100
7_mp3,90-100,90-100
7_mp3,90-100,90-100
7_mp3,90-100,90-100
7_mp3,90-100,90-100
7_mp3,90-100,90-100
7_mp3,90-100,90-100
7_mp3,90-100,90-100
7_mp3,90-100,90-100
7_mp3,90-100,90-100
7_mp3,90-100,90-100
7_mp3,90-100,90-100
7_mp3,90-100,90-100
7_mp3,90-100,90-100
7_mp3,90-100,90-100
7_mp3,90-100,90-100
7_mp3,90-100,90-100
7_mp3,90-100,90-100
7_mp3,90-100,90-100
7_mp3,90-100,90-100
7_mp3,90-100,90-100
7_mp3,90-100,90-100
7_mp3,90-100,90-100
7_mp3,90-100,90-100
7_mp3,90-100,90-100
7_mp3,90-100,90-100
7_mp3,90-100,90-100
7_mp3,90-100,90-100
7_mp3,90-100,90-100
7_mp3,90-100,90-100
7_mp3,90-100,90-100
7_mp3,90-100,90-100
7_mp3,90-100,90-100
7_mp3,90-100,90-100
7_mp3,90-100,90-100
7_mp3,90-100,90-100
7_mp3,90-100,90-100
(Accuracy)7_mp3,1.0
8_mp3,90-100,90-100
8_mp3,90-100,90-100
8_mp3,90-100,90-100
8_mp3,90-100,70-80
8_mp3,90-100,90-100
8_mp3,90-100,70-80
8_mp3,90-100,90-100
8_mp3,90-100,90-100
8_mp3,90-100,90-100
8_mp3,90-100,90-100
8_mp3,90-100,90-100
8_mp3,90-100,90-100
8_mp3,90-100,90-100
8_mp3,90-100,90-100
8_mp3,90-100,70-80
8_mp3,90-100,90-100
8_mp3,90-100,90-100
8_mp3,90-100,90-100
8_mp3,90-100,90-100
8_mp3,90-100,90-100
8_mp3,90-100,90-100
8_mp3,90-100,90-100
8_mp3,90-100,90-100
8_mp3,90-100,90-100
8_mp3,90-100,90-100
8_mp3,90-100,90-100
8_mp3,90-100,90-100
8_mp3,90-100,90-100
8_mp3,90-100,90-100
8_mp3,90-100,90-100
8_mp3,90-100,90-100
8_mp3,90-100,90-100
8_mp3,90-100,90-100
8_mp3,90-100,90-100
8_mp3,90-100,90-100
8_mp3,90-100,90-100
8_mp3,90-100,90-100
8_mp3,90-100,70-80
8_mp3,90-100,90-100
8_mp3,90-100,90-100
8_mp3,90-100,90-100
8_mp3,90-100,90-100
8_mp3,90-100,90-100
8_mp3,90-100,90-100
8_mp3,90-100,90-100
8_mp3,90-100,70-80
8_mp3,90-100,90-100
8_mp3,90-100,90-100
8_mp3,90-100,90-100
8_mp3,90-100,90-100
8_mp3,90-100,80-90
8_mp3,90-100,90-100
8_mp3,90-100,90-100
8_mp3,90-100,90-100
8_mp3,90-100,80-90
8_mp3,90-100,90-100
8_mp3,90-100,90-100
8_mp3,90-100,90-100
8_mp3,90-100,90-100
8_mp3,90-100,90-100
8_mp3,90-100,90-100
8_mp3,90-100,90-100
8_mp3,90-100,90-100
8_mp3,90-100,90-100
8_mp3,90-100,90-100
8_mp3,90-100,90-100
8_mp3,90-100,90-100
8_mp3,90-100,90-100
8_mp3,90-100,90-100
8_mp3,90-100,90-100
8_mp3,90-100,90-100
8_mp3,90-100,90-100
8_mp3,90-100,90-100
8_mp3,90-100,90-100
8_mp3,90-100,90-100
8_mp3,90-100,90-100
8_mp3,90-100,70-80
8_mp3,90-100,90-100
8_mp3,90-100,90-100
8_mp3,90-100,90-100
8_mp3,90-100,80-90
8_mp3,90-100,90-100
8_mp3,90-100,90-100
8_mp3,90-100,90-100
8_mp3,90-100,90-100
8_mp3,90-100,90-100
8_mp3,90-100,90-100
8_mp3,90-100,70-80
8_mp3,90-100,90-100
8_mp3,90-100,90-100
8_mp3,90-100,90-100
8_mp3,90-100,60-70
8_mp3,90-100,90-100
8_mp3,90-100,90-100
8_mp3,90-100,90-100
8_mp3,90-100,90-100
8_mp3,90-100,70-80
8_mp3,90-100,90-100
8_mp3,90-100,90-100
8_mp3,90-100,90-100
(Accuracy)8_mp3,0.88
9_mp3,90-100,70-80
9_mp3,90-100,90-100
9_mp3,90-100,90-100
9_mp3,90-100,90-100
9_mp3,90-100,90-100
9_mp3,90-100,90-100
9_mp3,90-100,90-100
9_mp3,90-100,70-80
9_mp3,90-100,70-80
9_mp3,90-100,90-100
9_mp3,90-100,90-100
9_mp3,90-100,90-100
9_mp3,90-100,90-100
9_mp3,90-100,70-80
9_mp3,90-100,90-100
9_mp3,90-100,70-80
9_mp3,90-100,70-80
9_mp3,90-100,90-100
9_mp3,90-100,90-100
9_mp3,90-100,90-100
9_mp3,90-100,80-90
9_mp3,90-100,90-100
9_mp3,90-100,80-90
9_mp3,90-100,90-100
9_mp3,90-100,90-100
9_mp3,90-100,90-100
9_mp3,90-100,90-100
9_mp3,90-100,90-100
9_mp3,90-100,90-100
9_mp3,90-100,90-100
9_mp3,90-100,80-90
9_mp3,90-100,90-100
9_mp3,90-100,90-100
9_mp3,90-100,90-100
9_mp3,90-100,90-100
9_mp3,90-100,80-90
9_mp3,90-100,70-80
9_mp3,90-100,90-100
9_mp3,90-100,80-90
9_mp3,90-100,70-80
9_mp3,90-100,90-100
9_mp3,90-100,90-100
9_mp3,90-100,70-80
9_mp3,90-100,90-100
9_mp3,90-100,90-100
9_mp3,90-100,90-100
9_mp3,90-100,90-100
9_mp3,90-100,90-100
9_mp3,90-100,90-100
9_mp3,90-100,70-80
9_mp3,90-100,90-100
9_mp3,90-100,90-100
9_mp3,90-100,70-80
9_mp3,90-100,90-100
9_mp3,90-100,90-100
9_mp3,90-100,90-100
9_mp3,90-100,90-100
9_mp3,90-100,90-100
9_mp3,90-100,90-100
9_mp3,90-100,90-100
9_mp3,90-100,90-100
9_mp3,90-100,90-100
9_mp3,90-100,90-100
9_mp3,90-100,90-100
9_mp3,90-100,90-100
9_mp3,90-100,90-100
9_mp3,90-100,90-100
9_mp3,90-100,80-90
9_mp3,90-100,90-100
9_mp3,90-100,90-100
9_mp3,90-100,90-100
9_mp3,90-100,70-80
9_mp3,90-100,80-90
9_mp3,90-100,90-100
9_mp3,90-100,90-100
9_mp3,90-100,80-90
9_mp3,90-100,70-80
9_mp3,90-100,90-100
9_mp3,90-100,90-100
9_mp3,90-100,90-100
9_mp3,90-100,70-80
9_mp3,90-100,90-100
9_mp3,90-100,90-100
9_mp3,90-100,90-100
9_mp3,90-100,90-100
9_mp3,90-100,90-100
9_mp3,90-100,90-100
9_mp3,90-100,90-100
9_mp3,90-100,70-80
9_mp3,90-100,90-100
9_mp3,90-100,70-80
9_mp3,90-100,70-80
9_mp3,90-100,90-100
9_mp3,90-100,90-100
9_mp3,90-100,90-100
9_mp3,90-100,90-100
9_mp3,90-100,90-100
9_mp3,90-100,80-90
9_mp3,90-100,90-100
9_mp3,90-100,70-80
(Accuracy)9_mp3,0.73
10_mp3,90-100,90-100
10_mp3,90-100,90-100
10_mp3,90-100,90-100
10_mp3,90-100,50-60
10_mp3,90-100,90-100
10_mp3,90-100,90-100
10_mp3,90-100,50-60
10_mp3,90-100,50-60
10_mp3,90-100,90-100
10_mp3,90-100,90-100
10_mp3,90-100,50-60
10_mp3,90-100,90-100
10_mp3,90-100,90-100
10_mp3,90-100,90-100
10_mp3,90-100,90-100
10_mp3,90-100,90-100
10_mp3,90-100,90-100
10_mp3,90-100,50-60
10_mp3,90-100,90-100
10_mp3,90-100,90-100
10_mp3,90-100,90-100
10_mp3,90-100,70-80
10_mp3,90-100,50-60
10_mp3,90-100,50-60
10_mp3,90-100,50-60
10_mp3,90-100,90-100
10_mp3,90-100,90-100
10_mp3,90-100,50-60
10_mp3,90-100,90-100
10_mp3,90-100,50-60
10_mp3,90-100,90-100
10_mp3,90-100,50-60
10_mp3,90-100,90-100
10_mp3,90-100,50-60
10_mp3,90-100,90-100
10_mp3,90-100,90-100
10_mp3,90-100,50-60
10_mp3,90-100,50-60
10_mp3,90-100,70-80
10_mp3,90-100,50-60
10_mp3,90-100,50-60
10_mp3,90-100,90-100
10_mp3,90-100,50-60
10_mp3,90-100,90-100
10_mp3,90-100,90-100
10_mp3,90-100,50-60
10_mp3,90-100,50-60
10_mp3,90-100,90-100
10_mp3,90-100,90-100
10_mp3,90-100,90-100
10_mp3,90-100,90-100
10_mp3,90-100,90-100
10_mp3,90-100,90-100
10_mp3,90-100,50-60
10_mp3,90-100,50-60
10_mp3,90-100,90-100
10_mp3,90-100,90-100
10_mp3,90-100,90-100
10_mp3,90-100,90-100
10_mp3,90-100,90-100
10_mp3,90-100,50-60
10_mp3,90-100,90-100
10_mp3,90-100,90-100
10_mp3,90-100,90-100
10_mp3,90-100,50-60
10_mp3,90-100,90-100
10_mp3,90-100,90-100
10_mp3,90-100,90-100
10_mp3,90-100,90-100
10_mp3,90-100,90-100
10_mp3,90-100,70-80
10_mp3,90-100,50-60
10_mp3,90-100,90-100
10_mp3,90-100,90-100
10_mp3,90-100,90-100
10_mp3,90-100,50-60
10_mp3,90-100,90-100
10_mp3,90-100,90-100
10_mp3,90-100,90-100
10_mp3,90-100,90-100
10_mp3,90-100,90-100
10_mp3,90-100,90-100
10_mp3,90-100,50-60
10_mp3,90-100,90-100
10_mp3,90-100,90-100
10_mp3,90-100,50-60
10_mp3,90-100,90-100
10_mp3,90-100,80-90
10_mp3,90-100,70-80
10_mp3,90-100,90-100
10_mp3,90-100,90-100
10_mp3,90-100,90-100
10_mp3,90-100,90-100
10_mp3,90-100,90-100
10_mp3,90-100,50-60
10_mp3,90-100,90-100
10_mp3,90-100,50-60
10_mp3,90-100,90-100
10_mp3,90-100,90-100
10_mp3,90-100,70-80
(Accuracy)10_mp3,0.65
11_mp3,90-100,90-100
11_mp3,90-100,90-100
11_mp3,90-100,60-70
11_mp3,90-100,90-100
11_mp3,90-100,60-70
11_mp3,90-100,90-100
11_mp3,90-100,80-90
11_mp3,90-100,90-100
11_mp3,90-100,80-90
11_mp3,90-100,90-100
11_mp3,90-100,90-100
11_mp3,90-100,90-100
11_mp3,90-100,90-100
11_mp3,90-100,90-100
11_mp3,90-100,80-90
11_mp3,90-100,90-100
11_mp3,90-100,90-100
11_mp3,90-100,90-100
11_mp3,90-100,90-100
11_mp3,90-100,90-100
11_mp3,90-100,90-100
11_mp3,90-100,90-100
11_mp3,90-100,90-100
11_mp3,90-100,90-100
11_mp3,90-100,90-100
11_mp3,90-100,80-90
11_mp3,90-100,90-100
11_mp3,90-100,90-100
11_mp3,90-100,90-100
11_mp3,90-100,60-70
11_mp3,90-100,80-90
11_mp3,90-100,90-100
11_mp3,90-100,90-100
11_mp3,90-100,90-100
11_mp3,90-100,90-100
11_mp3,90-100,90-100
11_mp3,90-100,90-100
11_mp3,90-100,90-100
11_mp3,90-100,90-100
11_mp3,90-100,90-100
11_mp3,90-100,70-80
11_mp3,90-100,90-100
11_mp3,90-100,60-70
11_mp3,90-100,70-80
11_mp3,90-100,90-100
11_mp3,90-100,90-100
11_mp3,90-100,90-100
11_mp3,90-100,90-100
11_mp3,90-100,90-100
11_mp3,90-100,90-100
11_mp3,90-100,90-100
11_mp3,90-100,90-100
11_mp3,90-100,60-70
11_mp3,90-100,90-100
11_mp3,90-100,90-100
11_mp3,90-100,60-70
11_mp3,90-100,90-100
11_mp3,90-100,90-100
11_mp3,90-100,90-100
11_mp3,90-100,90-100
11_mp3,90-100,90-100
11_mp3,90-100,80-90
11_mp3,90-100,60-70
11_mp3,90-100,90-100
11_mp3,90-100,90-100
11_mp3,90-100,90-100
11_mp3,90-100,60-70
11_mp3,90-100,90-100
11_mp3,90-100,80-90
11_mp3,90-100,90-100
11_mp3,90-100,90-100
11_mp3,90-100,90-100
11_mp3,90-100,90-100
11_mp3,90-100,90-100
11_mp3,90-100,90-100
11_mp3,90-100,90-100
11_mp3,90-100,80-90
11_mp3,90-100,90-100
11_mp3,90-100,90-100
11_mp3,90-100,90-100
11_mp3,90-100,70-80
11_mp3,90-100,90-100
11_mp3,90-100,60-70
11_mp3,90-100,90-100
11_mp3,90-100,90-100
11_mp3,90-100,90-100
11_mp3,90-100,60-70
11_mp3,90-100,90-100
11_mp3,90-100,90-100
11_mp3,90-100,90-100
11_mp3,90-100,90-100
11_mp3,90-100,90-100
11_mp3,90-100,90-100
11_mp3,90-100,90-100
11_mp3,90-100,90-100
11_mp3,90-100,90-100
11_mp3,90-100,90-100
11_mp3,90-100,90-100
11_mp3,90-100,90-100
11_mp3,90-100,90-100
(Accuracy)11_mp3,0.79
12_mp3,90-100,90-100
12_mp3,90-100,90-100
12_mp3,90-100,90-100
12_mp3,90-100,90-100
12_mp3,90-100,90-100
12_mp3,90-100,90-100
12_mp3,90-100,90-100
12_mp3,90-100,90-100
12_mp3,90-100,90-100
12_mp3,90-100,90-100
12_mp3,90-100,90-100
12_mp3,90-100,90-100
12_mp3,90-100,90-100
12_mp3,90-100,90-100
12_mp3,90-100,90-100
12_mp3,90-100,90-100
12_mp3,90-100,90-100
12_mp3,90-100,90-100
12_mp3,90-100,90-100
12_mp3,90-100,90-100
12_mp3,90-100,90-100
12_mp3,90-100,90-100
12_mp3,90-100,90-100
12_mp3,90-100,90-100
12_mp3,90-100,90-100
12_mp3,90-100,90-100
12_mp3,90-100,90-100
12_mp3,90-100,90-100
12_mp3,90-100,90-100
12_mp3,90-100,90-100
12_mp3,90-100,90-100
12_mp3,90-100,90-100
12_mp3,90-100,90-100
12_mp3,90-100,90-100
12_mp3,90-100,90-100
12_mp3,90-100,90-100
12_mp3,90-100,90-100
12_mp3,90-100,90-100
12_mp3,90-100,90-100
12_mp3,90-100,90-100
12_mp3,90-100,90-100
12_mp3,90-100,90-100
12_mp3,90-100,90-100
12_mp3,90-100,90-100
12_mp3,90-100,90-100
12_mp3,90-100,90-100
12_mp3,90-100,90-100
12_mp3,90-100,90-100
12_mp3,90-100,90-100
12_mp3,90-100,90-100
12_mp3,90-100,90-100
12_mp3,90-100,90-100
12_mp3,90-100,90-100
12_mp3,90-100,90-100
12_mp3,90-100,90-100
12_mp3,90-100,90-100
12_mp3,90-100,90-100
12_mp3,90-100,90-100
12_mp3,90-100,90-100
12_mp3,90-100,90-100
12_mp3,90-100,90-100
12_mp3,90-100,90-100
12_mp3,90-100,90-100
12_mp3,90-100,90-100
12_mp3,90-100,90-100
12_mp3,90-100,90-100
12_mp3,90-100,90-100
12_mp3,90-100,90-100
12_mp3,90-100,90-100
12_mp3,90-100,90-100
12_mp3,90-100,90-100
12_mp3,90-100,90-100
12_mp3,90-100,90-100
12_mp3,90-100,90-100
12_mp3,90-100,90-100
12_mp3,90-100,90-100
12_mp3,90-100,90-100
12_mp3,90-100,90-100
12_mp3,90-100,90-100
12_mp3,90-100,90-100
12_mp3,90-100,90-100
12_mp3,90-100,90-100
12_mp3,90-100,90-100
12_mp3,90-100,90-100
12_mp3,90-100,90-100
12_mp3,90-100,90-100
12_mp3,90-100,90-100
12_mp3,90-100,90-100
12_mp3,90-100,90-100
12_mp3,90-100,90-100
12_mp3,90-100,90-100
12_mp3,90-100,90-100
12_mp3,90-100,90-100
12_mp3,90-100,90-100
12_mp3,90-100,90-100
12_mp3,90-100,90-100
12_mp3,90-100,90-100
12_mp3,90-100,90-100
12_mp3,90-100,90-100
12_mp3,90-100,90-100
(Accuracy)12_mp3,1.0
13_mp3,90-100,90-100
13_mp3,90-100,90-100
13_mp3,90-100,90-100
13_mp3,90-100,90-100
13_mp3,90-100,90-100
13_mp3,90-100,90-100
13_mp3,90-100,90-100
13_mp3,90-100,90-100
13_mp3,90-100,90-100
13_mp3,90-100,90-100
13_mp3,90-100,90-100
13_mp3,90-100,90-100
13_mp3,90-100,90-100
13_mp3,90-100,90-100
13_mp3,90-100,90-100
13_mp3,90-100,90-100
13_mp3,90-100,90-100
13_mp3,90-100,90-100
13_mp3,90-100,90-100
13_mp3,90-100,90-100
13_mp3,90-100,90-100
13_mp3,90-100,90-100
13_mp3,90-100,90-100
13_mp3,90-100,90-100
13_mp3,90-100,90-100
13_mp3,90-100,90-100
13_mp3,90-100,90-100
13_mp3,90-100,90-100
13_mp3,90-100,90-100
13_mp3,90-100,90-100
13_mp3,90-100,90-100
13_mp3,90-100,90-100
13_mp3,90-100,90-100
13_mp3,90-100,90-100
13_mp3,90-100,90-100
13_mp3,90-100,90-100
13_mp3,90-100,90-100
13_mp3,90-100,90-100
13_mp3,90-100,90-100
13_mp3,90-100,90-100
13_mp3,90-100,90-100
13_mp3,90-100,90-100
13_mp3,90-100,90-100
13_mp3,90-100,90-100
13_mp3,90-100,90-100
13_mp3,90-100,90-100
13_mp3,90-100,90-100
13_mp3,90-100,90-100
13_mp3,90-100,90-100
13_mp3,90-100,90-100
13_mp3,90-100,90-100
13_mp3,90-100,90-100
13_mp3,90-100,90-100
13_mp3,90-100,90-100
13_mp3,90-100,90-100
13_mp3,90-100,90-100
13_mp3,90-100,90-100
13_mp3,90-100,90-100
13_mp3,90-100,90-100
13_mp3,90-100,90-100
13_mp3,90-100,90-100
13_mp3,90-100,90-100
13_mp3,90-100,90-100
13_mp3,90-100,90-100
13_mp3,90-100,90-100
13_mp3,90-100,90-100
13_mp3,90-100,90-100
13_mp3,90-100,90-100
13_mp3,90-100,90-100
13_mp3,90-100,90-100
13_mp3,90-100,90-100
13_mp3,90-100,90-100
13_mp3,90-100,90-100
13_mp3,90-100,90-100
13_mp3,90-100,90-100
13_mp3,90-100,90-100
13_mp3,90-100,90-100
13_mp3,90-100,90-100
13_mp3,90-100,90-100
13_mp3,90-100,90-100
13_mp3,90-100,90-100
13_mp3,90-100,90-100
13_mp3,90-100,90-100
13_mp3,90-100,90-100
13_mp3,90-100,90-100
13_mp3,90-100,90-100
13_mp3,90-100,90-100
13_mp3,90-100,90-100
13_mp3,90-100,90-100
13_mp3,90-100,90-100
13_mp3,90-100,90-100
13_mp3,90-100,90-100
13_mp3,90-100,90-100
13_mp3,90-100,90-100
13_mp3,90-100,90-100
13_mp3,90-100,90-100
13_mp3,90-100,90-100
13_mp3,90-100,90-100
13_mp3,90-100,90-100
13_mp3,90-100,90-100
(Accuracy)13_mp3,1.0
14_mp3,90-100,80-90
14_mp3,90-100,80-90
14_mp3,90-100,80-90
14_mp3,90-100,80-90
14_mp3,90-100,90-100
14_mp3,90-100,90-100
14_mp3,90-100,80-90
14_mp3,90-100,90-100
14_mp3,90-100,80-90
14_mp3,90-100,90-100
14_mp3,90-100,90-100
14_mp3,90-100,80-90
14_mp3,90-100,80-90
14_mp3,90-100,90-100
14_mp3,90-100,80-90
14_mp3,90-100,90-100
14_mp3,90-100,90-100
14_mp3,90-100,90-100
14_mp3,90-100,90-100
14_mp3,90-100,80-90
14_mp3,90-100,90-100
14_mp3,90-100,90-100
14_mp3,90-100,90-100
14_mp3,90-100,90-100
14_mp3,90-100,90-100
14_mp3,90-100,90-100
14_mp3,90-100,90-100
14_mp3,90-100,80-90
14_mp3,90-100,80-90
14_mp3,90-100,90-100
14_mp3,90-100,80-90
14_mp3,90-100,80-90
14_mp3,90-100,80-90
14_mp3,90-100,80-90
14_mp3,90-100,80-90
14_mp3,90-100,80-90
14_mp3,90-100,80-90
14_mp3,90-100,80-90
14_mp3,90-100,90-100
14_mp3,90-100,80-90
14_mp3,90-100,90-100
14_mp3,90-100,80-90
14_mp3,90-100,90-100
14_mp3,90-100,80-90
14_mp3,90-100,90-100
14_mp3,90-100,90-100
14_mp3,90-100,90-100
14_mp3,90-100,90-100
14_mp3,90-100,90-100
14_mp3,90-100,90-100
14_mp3,90-100,90-100
14_mp3,90-100,80-90
14_mp3,90-100,90-100
14_mp3,90-100,90-100
14_mp3,90-100,90-100
14_mp3,90-100,90-100
14_mp3,90-100,80-90
14_mp3,90-100,80-90
14_mp3,90-100,90-100
14_mp3,90-100,90-100
14_mp3,90-100,80-90
14_mp3,90-100,80-90
14_mp3,90-100,90-100
14_mp3,90-100,90-100
14_mp3,90-100,90-100
14_mp3,90-100,90-100
14_mp3,90-100,90-100
14_mp3,90-100,90-100
14_mp3,90-100,80-90
14_mp3,90-100,90-100
14_mp3,90-100,80-90
14_mp3,90-100,80-90
14_mp3,90-100,90-100
14_mp3,90-100,80-90
14_mp3,90-100,90-100
14_mp3,90-100,90-100
14_mp3,90-100,80-90
14_mp3,90-100,80-90
14_mp3,90-100,80-90
14_mp3,90-100,80-90
14_mp3,90-100,90-100
14_mp3,90-100,90-100
14_mp3,90-100,90-100
14_mp3,90-100,80-90
14_mp3,90-100,80-90
14_mp3,90-100,90-100
14_mp3,90-100,90-100
14_mp3,90-100,90-100
14_mp3,90-100,80-90
14_mp3,90-100,90-100
14_mp3,90-100,80-90
14_mp3,90-100,80-90
14_mp3,90-100,80-90
14_mp3,90-100,80-90
14_mp3,90-100,80-90
14_mp3,90-100,80-90
14_mp3,90-100,90-100
14_mp3,90-100,80-90
14_mp3,90-100,90-100
14_mp3,90-100,80-90
(Accuracy)14_mp3,0.53
15_mp3,90-100,90-100
15_mp3,90-100,90-100
15_mp3,90-100,90-100
15_mp3,90-100,90-100
15_mp3,90-100,90-100
15_mp3,90-100,90-100
15_mp3,90-100,90-100
15_mp3,90-100,90-100
15_mp3,90-100,90-100
15_mp3,90-100,90-100
15_mp3,90-100,90-100
15_mp3,90-100,90-100
15_mp3,90-100,90-100
15_mp3,90-100,90-100
15_mp3,90-100,90-100
15_mp3,90-100,90-100
15_mp3,90-100,90-100
15_mp3,90-100,90-100
15_mp3,90-100,90-100
15_mp3,90-100,90-100
15_mp3,90-100,90-100
15_mp3,90-100,90-100
15_mp3,90-100,90-100
15_mp3,90-100,90-100
15_mp3,90-100,90-100
15_mp3,90-100,90-100
15_mp3,90-100,90-100
15_mp3,90-100,90-100
15_mp3,90-100,90-100
15_mp3,90-100,90-100
15_mp3,90-100,90-100
15_mp3,90-100,90-100
15_mp3,90-100,90-100
15_mp3,90-100,70-80
15_mp3,90-100,90-100
15_mp3,90-100,90-100
15_mp3,90-100,90-100
15_mp3,90-100,90-100
15_mp3,90-100,90-100
15_mp3,90-100,90-100
15_mp3,90-100,90-100
15_mp3,90-100,90-100
15_mp3,90-100,90-100
15_mp3,90-100,90-100
15_mp3,90-100,90-100
15_mp3,90-100,70-80
15_mp3,90-100,90-100
15_mp3,90-100,90-100
15_mp3,90-100,90-100
15_mp3,90-100,90-100
15_mp3,90-100,90-100
15_mp3,90-100,90-100
15_mp3,90-100,90-100
15_mp3,90-100,90-100
15_mp3,90-100,90-100
15_mp3,90-100,90-100
15_mp3,90-100,90-100
15_mp3,90-100,90-100
15_mp3,90-100,90-100
15_mp3,90-100,90-100
15_mp3,90-100,90-100
15_mp3,90-100,90-100
15_mp3,90-100,90-100
15_mp3,90-100,90-100
15_mp3,90-100,90-100
15_mp3,90-100,90-100
15_mp3,90-100,90-100
15_mp3,90-100,90-100
15_mp3,90-100,90-100
15_mp3,90-100,90-100
15_mp3,90-100,90-100
15_mp3,90-100,70-80
15_mp3,90-100,90-100
15_mp3,90-100,90-100
15_mp3,90-100,90-100
15_mp3,90-100,90-100
15_mp3,90-100,90-100
15_mp3,90-100,90-100
15_mp3,90-100,90-100
15_mp3,90-100,90-100
15_mp3,90-100,90-100
15_mp3,90-100,90-100
15_mp3,90-100,90-100
15_mp3,90-100,90-100
15_mp3,90-100,90-100
15_mp3,90-100,90-100
15_mp3,90-100,90-100
15_mp3,90-100,90-100
15_mp3,90-100,90-100
15_mp3,90-100,90-100
15_mp3,90-100,90-100
15_mp3,90-100,90-100
15_mp3,90-100,90-100
15_mp3,90-100,90-100
15_mp3,90-100,90-100
15_mp3,90-100,90-100
15_mp3,90-100,90-100
15_mp3,90-100,90-100
15_mp3,90-100,90-100
15_mp3,90-100,90-100
(Accuracy)15_mp3,0.97
16_mp3,90-100,90-100
16_mp3,90-100,90-100
16_mp3,90-100,90-100
16_mp3,90-100,90-100
16_mp3,90-100,90-100
16_mp3,90-100,90-100
16_mp3,90-100,90-100
16_mp3,90-100,90-100
16_mp3,90-100,90-100
16_mp3,90-100,90-100
16_mp3,90-100,90-100
16_mp3,90-100,90-100
16_mp3,90-100,90-100
16_mp3,90-100,90-100
16_mp3,90-100,90-100
16_mp3,90-100,90-100
16_mp3,90-100,90-100
16_mp3,90-100,90-100
16_mp3,90-100,90-100
16_mp3,90-100,90-100
16_mp3,90-100,90-100
16_mp3,90-100,90-100
16_mp3,90-100,90-100
16_mp3,90-100,90-100
16_mp3,90-100,90-100
16_mp3,90-100,90-100
16_mp3,90-100,90-100
16_mp3,90-100,90-100
16_mp3,90-100,90-100
16_mp3,90-100,90-100
16_mp3,90-100,90-100
16_mp3,90-100,90-100
16_mp3,90-100,90-100
16_mp3,90-100,90-100
16_mp3,90-100,90-100
16_mp3,90-100,90-100
16_mp3,90-100,90-100
16_mp3,90-100,90-100
16_mp3,90-100,90-100
16_mp3,90-100,90-100
16_mp3,90-100,90-100
16_mp3,90-100,90-100
16_mp3,90-100,90-100
16_mp3,90-100,90-100
16_mp3,90-100,90-100
16_mp3,90-100,90-100
16_mp3,90-100,90-100
16_mp3,90-100,90-100
16_mp3,90-100,90-100
16_mp3,90-100,90-100
16_mp3,90-100,90-100
16_mp3,90-100,90-100
16_mp3,90-100,90-100
16_mp3,90-100,90-100
16_mp3,90-100,90-100
16_mp3,90-100,90-100
16_mp3,90-100,90-100
16_mp3,90-100,90-100
16_mp3,90-100,90-100
16_mp3,90-100,90-100
16_mp3,90-100,90-100
16_mp3,90-100,90-100
16_mp3,90-100,90-100
16_mp3,90-100,90-100
16_mp3,90-100,90-100
16_mp3,90-100,90-100
16_mp3,90-100,90-100
16_mp3,90-100,90-100
16_mp3,90-100,90-100
16_mp3,90-100,90-100
16_mp3,90-100,90-100
16_mp3,90-100,90-100
16_mp3,90-100,90-100
16_mp3,90-100,90-100
16_mp3,90-100,90-100
16_mp3,90-100,90-100
16_mp3,90-100,90-100
16_mp3,90-100,90-100
16_mp3,90-100,90-100
16_mp3,90-100,90-100
16_mp3,90-100,90-100
16_mp3,90-100,90-100
16_mp3,90-100,90-100
16_mp3,90-100,90-100
16_mp3,90-100,90-100
16_mp3,90-100,90-100
16_mp3,90-100,90-100
16_mp3,90-100,90-100
16_mp3,90-100,90-100
16_mp3,90-100,90-100
16_mp3,90-100,90-100
16_mp3,90-100,90-100
16_mp3,90-100,90-100
16_mp3,90-100,90-100
16_mp3,90-100,90-100
16_mp3,90-100,90-100
16_mp3,90-100,90-100
16_mp3,90-100,90-100
16_mp3,90-100,90-100
16_mp3,90-100,90-100
(Accuracy)16_mp3,1.0
17_mp3,90-100,80-90
17_mp3,90-100,80-90
17_mp3,90-100,80-90
17_mp3,90-100,80-90
17_mp3,90-100,70-80
17_mp3,90-100,80-90
17_mp3,90-100,90-100
17_mp3,90-100,90-100
17_mp3,90-100,90-100
17_mp3,90-100,80-90
17_mp3,90-100,90-100
17_mp3,90-100,90-100
17_mp3,90-100,90-100
17_mp3,90-100,80-90
17_mp3,90-100,80-90
17_mp3,90-100,90-100
17_mp3,90-100,90-100
17_mp3,90-100,90-100
17_mp3,90-100,90-100
17_mp3,90-100,90-100
17_mp3,90-100,90-100
17_mp3,90-100,70-80
17_mp3,90-100,90-100
17_mp3,90-100,70-80
17_mp3,90-100,90-100
17_mp3,90-100,90-100
17_mp3,90-100,90-100
17_mp3,90-100,90-100
17_mp3,90-100,80-90
17_mp3,90-100,70-80
17_mp3,90-100,80-90
17_mp3,90-100,90-100
17_mp3,90-100,90-100
17_mp3,90-100,80-90
17_mp3,90-100,90-100
17_mp3,90-100,90-100
17_mp3,90-100,90-100
17_mp3,90-100,90-100
17_mp3,90-100,80-90
17_mp3,90-100,90-100
17_mp3,90-100,70-80
17_mp3,90-100,80-90
17_mp3,90-100,90-100
17_mp3,90-100,90-100
17_mp3,90-100,80-90
17_mp3,90-100,90-100
17_mp3,90-100,90-100
17_mp3,90-100,90-100
17_mp3,90-100,80-90
17_mp3,90-100,90-100
17_mp3,90-100,90-100
17_mp3,90-100,80-90
17_mp3,90-100,90-100
17_mp3,90-100,70-80
17_mp3,90-100,90-100
17_mp3,90-100,90-100
17_mp3,90-100,70-80
17_mp3,90-100,90-100
17_mp3,90-100,90-100
17_mp3,90-100,90-100
17_mp3,90-100,90-100
17_mp3,90-100,90-100
17_mp3,90-100,90-100
17_mp3,90-100,90-100
17_mp3,90-100,70-80
17_mp3,90-100,90-100
17_mp3,90-100,80-90
17_mp3,90-100,90-100
17_mp3,90-100,90-100
17_mp3,90-100,80-90
17_mp3,90-100,90-100
17_mp3,90-100,90-100
17_mp3,90-100,90-100
17_mp3,90-100,90-100
17_mp3,90-100,90-100
17_mp3,90-100,90-100
17_mp3,90-100,90-100
17_mp3,90-100,70-80
17_mp3,90-100,90-100
17_mp3,90-100,80-90
17_mp3,90-100,90-100
17_mp3,90-100,90-100
17_mp3,90-100,80-90
17_mp3,90-100,90-100
17_mp3,90-100,90-100
17_mp3,90-100,90-100
17_mp3,90-100,90-100
17_mp3,90-100,90-100
17_mp3,90-100,70-80
17_mp3,90-100,90-100
17_mp3,90-100,90-100
17_mp3,90-100,80-90
17_mp3,90-100,80-90
17_mp3,90-100,90-100
17_mp3,90-100,90-100
17_mp3,90-100,90-100
17_mp3,90-100,90-100
17_mp3,90-100,90-100
17_mp3,90-100,90-100
17_mp3,90-100,90-100
(Accuracy)17_mp3,0.68
18_mp3,90-100,50-60
18_mp3,90-100,90-100
18_mp3,90-100,90-100
18_mp3,90-100,50-60
18_mp3,90-100,50-60
18_mp3,90-100,50-60
18_mp3,90-100,90-100
18_mp3,90-100,70-80
18_mp3,90-100,50-60
18_mp3,90-100,90-100
18_mp3,90-100,90-100
18_mp3,90-100,70-80
18_mp3,90-100,90-100
18_mp3,90-100,50-60
18_mp3,90-100,90-100
18_mp3,90-100,70-80
18_mp3,90-100,70-80
18_mp3,90-100,90-100
18_mp3,90-100,90-100
18_mp3,90-100,50-60
18_mp3,90-100,90-100
18_mp3,90-100,70-80
18_mp3,90-100,90-100
18_mp3,90-100,90-100
18_mp3,90-100,70-80
18_mp3,90-100,50-60
18_mp3,90-100,70-80
18_mp3,90-100,90-100
18_mp3,90-100,70-80
18_mp3,90-100,90-100
18_mp3,90-100,50-60
18_mp3,90-100,50-60
18_mp3,90-100,70-80
18_mp3,90-100,70-80
18_mp3,90-100,70-80
18_mp3,90-100,50-60
18_mp3,90-100,70-80
18_mp3,90-100,50-60
18_mp3,90-100,70-80
18_mp3,90-100,90-100
18_mp3,90-100,70-80
18_mp3,90-100,70-80
18_mp3,90-100,90-100
18_mp3,90-100,50-60
18_mp3,90-100,50-60
18_mp3,90-100,90-100
18_mp3,90-100,50-60
18_mp3,90-100,90-100
18_mp3,90-100,50-60
18_mp3,90-100,50-60
18_mp3,90-100,90-100
18_mp3,90-100,70-80
18_mp3,90-100,90-100
18_mp3,90-100,70-80
18_mp3,90-100,70-80
18_mp3,90-100,90-100
18_mp3,90-100,90-100
18_mp3,90-100,70-80
18_mp3,90-100,90-100
18_mp3,90-100,50-60
18_mp3,90-100,90-100
18_mp3,90-100,50-60
18_mp3,90-100,90-100
18_mp3,90-100,50-60
18_mp3,90-100,70-80
18_mp3,90-100,50-60
18_mp3,90-100,50-60
18_mp3,90-100,70-80
18_mp3,90-100,70-80
18_mp3,90-100,50-60
18_mp3,90-100,90-100
18_mp3,90-100,70-80
18_mp3,90-100,50-60
18_mp3,90-100,70-80
18_mp3,90-100,70-80
18_mp3,90-100,90-100
18_mp3,90-100,70-80
18_mp3,90-100,70-80
18_mp3,90-100,90-100
18_mp3,90-100,90-100
18_mp3,90-100,90-100
18_mp3,90-100,50-60
18_mp3,90-100,90-100
18_mp3,90-100,90-100
18_mp3,90-100,50-60
18_mp3,90-100,90-100
18_mp3,90-100,90-100
18_mp3,90-100,50-60
18_mp3,90-100,50-60
18_mp3,90-100,50-60
18_mp3,90-100,50-60
18_mp3,90-100,50-60
18_mp3,90-100,70-80
18_mp3,90-100,50-60
18_mp3,90-100,70-80
18_mp3,90-100,90-100
18_mp3,90-100,70-80
18_mp3,90-100,90-100
18_mp3,90-100,90-100
18_mp3,90-100,90-100
(Accuracy)18_mp3,0.38
19_mp3,90-100,70-80
19_mp3,90-100,80-90
19_mp3,90-100,50-60
19_mp3,90-100,80-90
19_mp3,90-100,80-90
19_mp3,90-100,80-90
19_mp3,90-100,70-80
19_mp3,90-100,80-90
19_mp3,90-100,80-90
19_mp3,90-100,80-90
19_mp3,90-100,80-90
19_mp3,90-100,50-60
19_mp3,90-100,50-60
19_mp3,90-100,50-60
19_mp3,90-100,80-90
19_mp3,90-100,80-90
19_mp3,90-100,80-90
19_mp3,90-100,50-60
19_mp3,90-100,50-60
19_mp3,90-100,80-90
19_mp3,90-100,50-60
19_mp3,90-100,50-60
19_mp3,90-100,50-60
19_mp3,90-100,50-60
19_mp3,90-100,80-90
19_mp3,90-100,50-60
19_mp3,90-100,70-80
19_mp3,90-100,50-60
19_mp3,90-100,50-60
19_mp3,90-100,80-90
19_mp3,90-100,80-90
19_mp3,90-100,50-60
19_mp3,90-100,70-80
19_mp3,90-100,80-90
19_mp3,90-100,50-60
19_mp3,90-100,60-70
19_mp3,90-100,50-60
19_mp3,90-100,50-60
19_mp3,90-100,50-60
19_mp3,90-100,50-60
19_mp3,90-100,50-60
19_mp3,90-100,80-90
19_mp3,90-100,80-90
19_mp3,90-100,50-60
19_mp3,90-100,80-90
19_mp3,90-100,80-90
19_mp3,90-100,80-90
19_mp3,90-100,50-60
19_mp3,90-100,80-90
19_mp3,90-100,50-60
19_mp3,90-100,80-90
19_mp3,90-100,80-90
19_mp3,90-100,80-90
19_mp3,90-100,50-60
19_mp3,90-100,80-90
19_mp3,90-100,50-60
19_mp3,90-100,50-60
19_mp3,90-100,80-90
19_mp3,90-100,50-60
19_mp3,90-100,80-90
19_mp3,90-100,80-90
19_mp3,90-100,50-60
19_mp3,90-100,80-90
19_mp3,90-100,80-90
19_mp3,90-100,80-90
19_mp3,90-100,80-90
19_mp3,90-100,80-90
19_mp3,90-100,50-60
19_mp3,90-100,80-90
19_mp3,90-100,50-60
19_mp3,90-100,70-80
19_mp3,90-100,50-60
19_mp3,90-100,50-60
19_mp3,90-100,80-90
19_mp3,90-100,80-90
19_mp3,90-100,50-60
19_mp3,90-100,50-60
19_mp3,90-100,80-90
19_mp3,90-100,80-90
19_mp3,90-100,80-90
19_mp3,90-100,80-90
19_mp3,90-100,80-90
19_mp3,90-100,50-60
19_mp3,90-100,80-90
19_mp3,90-100,50-60
19_mp3,90-100,80-90
19_mp3,90-100,80-90
19_mp3,90-100,50-60
19_mp3,90-100,80-90
19_mp3,90-100,80-90
19_mp3,90-100,70-80
19_mp3,90-100,80-90
19_mp3,90-100,50-60
19_mp3,90-100,50-60
19_mp3,90-100,50-60
19_mp3,90-100,80-90
19_mp3,90-100,80-90
19_mp3,90-100,80-90
19_mp3,90-100,80-90
19_mp3,90-100,80-90
(Accuracy)19_mp3,0.0
20_mp3,90-100,90-100
20_mp3,90-100,90-100
20_mp3,90-100,90-100
20_mp3,90-100,90-100
20_mp3,90-100,90-100
20_mp3,90-100,90-100
20_mp3,90-100,90-100
20_mp3,90-100,90-100
20_mp3,90-100,90-100
20_mp3,90-100,90-100
20_mp3,90-100,90-100
20_mp3,90-100,90-100
20_mp3,90-100,90-100
20_mp3,90-100,90-100
20_mp3,90-100,90-100
20_mp3,90-100,90-100
20_mp3,90-100,90-100
20_mp3,90-100,90-100
20_mp3,90-100,90-100
20_mp3,90-100,90-100
20_mp3,90-100,90-100
20_mp3,90-100,90-100
20_mp3,90-100,90-100
20_mp3,90-100,90-100
20_mp3,90-100,90-100
20_mp3,90-100,90-100
20_mp3,90-100,90-100
20_mp3,90-100,90-100
20_mp3,90-100,90-100
20_mp3,90-100,90-100
20_mp3,90-100,90-100
20_mp3,90-100,90-100
20_mp3,90-100,90-100
20_mp3,90-100,90-100
20_mp3,90-100,90-100
20_mp3,90-100,90-100
20_mp3,90-100,90-100
20_mp3,90-100,90-100
20_mp3,90-100,90-100
20_mp3,90-100,90-100
20_mp3,90-100,90-100
20_mp3,90-100,90-100
20_mp3,90-100,90-100
20_mp3,90-100,90-100
20_mp3,90-100,90-100
20_mp3,90-100,90-100
20_mp3,90-100,90-100
20_mp3,90-100,90-100
20_mp3,90-100,90-100
20_mp3,90-100,90-100
20_mp3,90-100,90-100
20_mp3,90-100,90-100
20_mp3,90-100,90-100
20_mp3,90-100,90-100
20_mp3,90-100,90-100
20_mp3,90-100,90-100
20_mp3,90-100,90-100
20_mp3,90-100,90-100
20_mp3,90-100,90-100
20_mp3,90-100,90-100
20_mp3,90-100,90-100
20_mp3,90-100,90-100
20_mp3,90-100,90-100
20_mp3,90-100,90-100
20_mp3,90-100,90-100
20_mp3,90-100,90-100
20_mp3,90-100,90-100
20_mp3,90-100,90-100
20_mp3,90-100,90-100
20_mp3,90-100,90-100
20_mp3,90-100,90-100
20_mp3,90-100,90-100
20_mp3,90-100,90-100
20_mp3,90-100,90-100
20_mp3,90-100,90-100
20_mp3,90-100,90-100
20_mp3,90-100,90-100
20_mp3,90-100,90-100
20_mp3,90-100,90-100
20_mp3,90-100,90-100
20_mp3,90-100,90-100
20_mp3,90-100,90-100
20_mp3,90-100,90-100
20_mp3,90-100,90-100
20_mp3,90-100,90-100
20_mp3,90-100,90-100
20_mp3,90-100,90-100
20_mp3,90-100,90-100
20_mp3,90-100,90-100
20_mp3,90-100,90-100
20_mp3,90-100,90-100
20_mp3,90-100,90-100
20_mp3,90-100,90-100
20_mp3,90-100,90-100
20_mp3,90-100,90-100
20_mp3,90-100,90-100
20_mp3,90-100,90-100
20_mp3,90-100,90-100
20_mp3,90-100,90-100
20_mp3,90-100,90-100
(Accuracy)20_mp3,1.0
21_mp3,90-100,90-100
21_mp3,90-100,90-100
21_mp3,90-100,90-100
21_mp3,90-100,70-80
21_mp3,90-100,80-90
21_mp3,90-100,90-100
21_mp3,90-100,90-100
21_mp3,90-100,70-80
21_mp3,90-100,70-80
21_mp3,90-100,80-90
21_mp3,90-100,80-90
21_mp3,90-100,80-90
21_mp3,90-100,80-90
21_mp3,90-100,80-90
21_mp3,90-100,90-100
21_mp3,90-100,90-100
21_mp3,90-100,80-90
21_mp3,90-100,80-90
21_mp3,90-100,90-100
21_mp3,90-100,80-90
21_mp3,90-100,90-100
21_mp3,90-100,90-100
21_mp3,90-100,70-80
21_mp3,90-100,80-90
21_mp3,90-100,70-80
21_mp3,90-100,70-80
21_mp3,90-100,90-100
21_mp3,90-100,70-80
21_mp3,90-100,80-90
21_mp3,90-100,90-100
21_mp3,90-100,90-100
21_mp3,90-100,70-80
21_mp3,90-100,80-90
21_mp3,90-100,90-100
21_mp3,90-100,80-90
21_mp3,90-100,90-100
21_mp3,90-100,90-100
21_mp3,90-100,90-100
21_mp3,90-100,90-100
21_mp3,90-100,70-80
21_mp3,90-100,90-100
21_mp3,90-100,70-80
21_mp3,90-100,90-100
21_mp3,90-100,90-100
21_mp3,90-100,80-90
21_mp3,90-100,80-90
21_mp3,90-100,70-80
21_mp3,90-100,80-90
21_mp3,90-100,90-100
21_mp3,90-100,90-100
21_mp3,90-100,90-100
21_mp3,90-100,70-80
21_mp3,90-100,70-80
21_mp3,90-100,70-80
21_mp3,90-100,70-80
21_mp3,90-100,90-100
21_mp3,90-100,90-100
21_mp3,90-100,80-90
21_mp3,90-100,70-80
21_mp3,90-100,80-90
21_mp3,90-100,90-100
21_mp3,90-100,90-100
21_mp3,90-100,70-80
21_mp3,90-100,80-90
21_mp3,90-100,90-100
21_mp3,90-100,90-100
21_mp3,90-100,70-80
21_mp3,90-100,90-100
21_mp3,90-100,70-80
21_mp3,90-100,70-80
21_mp3,90-100,70-80
21_mp3,90-100,70-80
21_mp3,90-100,70-80
21_mp3,90-100,70-80
21_mp3,90-100,90-100
21_mp3,90-100,70-80
21_mp3,90-100,80-90
21_mp3,90-100,80-90
21_mp3,90-100,90-100
21_mp3,90-100,90-100
21_mp3,90-100,90-100
21_mp3,90-100,80-90
21_mp3,90-100,80-90
21_mp3,90-100,70-80
21_mp3,90-100,80-90
21_mp3,90-100,70-80
21_mp3,90-100,80-90
21_mp3,90-100,80-90
21_mp3,90-100,70-80
21_mp3,90-100,70-80
21_mp3,90-100,70-80
21_mp3,90-100,70-80
21_mp3,90-100,90-100
21_mp3,90-100,80-90
21_mp3,90-100,80-90
21_mp3,90-100,90-100
21_mp3,90-100,80-90
21_mp3,90-100,80-90
21_mp3,90-100,90-100
21_mp3,90-100,70-80
(Accuracy)21_mp3,0.38
22_mp3,90-100,90-100
22_mp3,90-100,80-90
22_mp3,90-100,80-90
22_mp3,90-100,80-90
22_mp3,90-100,80-90
22_mp3,90-100,80-90
22_mp3,90-100,80-90
22_mp3,90-100,80-90
22_mp3,90-100,80-90
22_mp3,90-100,90-100
22_mp3,90-100,80-90
22_mp3,90-100,90-100
22_mp3,90-100,90-100
22_mp3,90-100,80-90
22_mp3,90-100,90-100
22_mp3,90-100,80-90
22_mp3,90-100,80-90
22_mp3,90-100,90-100
22_mp3,90-100,90-100
22_mp3,90-100,90-100
22_mp3,90-100,80-90
22_mp3,90-100,90-100
22_mp3,90-100,80-90
22_mp3,90-100,90-100
22_mp3,90-100,80-90
22_mp3,90-100,80-90
22_mp3,90-100,80-90
22_mp3,90-100,90-100
22_mp3,90-100,80-90
22_mp3,90-100,80-90
22_mp3,90-100,80-90
22_mp3,90-100,80-90
22_mp3,90-100,80-90
22_mp3,90-100,80-90
22_mp3,90-100,80-90
22_mp3,90-100,90-100
22_mp3,90-100,90-100
22_mp3,90-100,80-90
22_mp3,90-100,80-90
22_mp3,90-100,80-90
22_mp3,90-100,80-90
22_mp3,90-100,80-90
22_mp3,90-100,80-90
22_mp3,90-100,80-90
22_mp3,90-100,80-90
22_mp3,90-100,80-90
22_mp3,90-100,90-100
22_mp3,90-100,80-90
22_mp3,90-100,80-90
22_mp3,90-100,80-90
22_mp3,90-100,80-90
22_mp3,90-100,80-90
22_mp3,90-100,80-90
22_mp3,90-100,80-90
22_mp3,90-100,80-90
22_mp3,90-100,90-100
22_mp3,90-100,80-90
22_mp3,90-100,80-90
22_mp3,90-100,90-100
22_mp3,90-100,80-90
22_mp3,90-100,80-90
22_mp3,90-100,80-90
22_mp3,90-100,90-100
22_mp3,90-100,80-90
22_mp3,90-100,80-90
22_mp3,90-100,80-90
22_mp3,90-100,80-90
22_mp3,90-100,90-100
22_mp3,90-100,80-90
22_mp3,90-100,90-100
22_mp3,90-100,80-90
22_mp3,90-100,80-90
22_mp3,90-100,80-90
22_mp3,90-100,80-90
22_mp3,90-100,90-100
22_mp3,90-100,90-100
22_mp3,90-100,90-100
22_mp3,90-100,90-100
22_mp3,90-100,80-90
22_mp3,90-100,80-90
22_mp3,90-100,90-100
22_mp3,90-100,80-90
22_mp3,90-100,90-100
22_mp3,90-100,90-100
22_mp3,90-100,80-90
22_mp3,90-100,80-90
22_mp3,90-100,90-100
22_mp3,90-100,80-90
22_mp3,90-100,80-90
22_mp3,90-100,90-100
22_mp3,90-100,90-100
22_mp3,90-100,90-100
22_mp3,90-100,90-100
22_mp3,90-100,80-90
22_mp3,90-100,80-90
22_mp3,90-100,80-90
22_mp3,90-100,80-90
22_mp3,90-100,80-90
22_mp3,90-100,90-100
22_mp3,90-100,90-100
(Accuracy)22_mp3,0.33
23_mp3,90-100,90-100
23_mp3,90-100,90-100
23_mp3,90-100,90-100
23_mp3,90-100,90-100
23_mp3,90-100,90-100
23_mp3,90-100,90-100
23_mp3,90-100,90-100
23_mp3,90-100,90-100
23_mp3,90-100,90-100
23_mp3,90-100,90-100
23_mp3,90-100,90-100
23_mp3,90-100,90-100
23_mp3,90-100,90-100
23_mp3,90-100,90-100
23_mp3,90-100,90-100
23_mp3,90-100,90-100
23_mp3,90-100,90-100
23_mp3,90-100,90-100
23_mp3,90-100,90-100
23_mp3,90-100,90-100
23_mp3,90-100,90-100
23_mp3,90-100,90-100
23_mp3,90-100,90-100
23_mp3,90-100,90-100
23_mp3,90-100,90-100
23_mp3,90-100,90-100
23_mp3,90-100,90-100
23_mp3,90-100,90-100
23_mp3,90-100,90-100
23_mp3,90-100,90-100
23_mp3,90-100,90-100
23_mp3,90-100,90-100
23_mp3,90-100,90-100
23_mp3,90-100,90-100
23_mp3,90-100,90-100
23_mp3,90-100,90-100
23_mp3,90-100,90-100
23_mp3,90-100,90-100
23_mp3,90-100,90-100
23_mp3,90-100,90-100
23_mp3,90-100,90-100
23_mp3,90-100,90-100
23_mp3,90-100,90-100
23_mp3,90-100,90-100
23_mp3,90-100,90-100
23_mp3,90-100,90-100
23_mp3,90-100,90-100
23_mp3,90-100,90-100
23_mp3,90-100,90-100
23_mp3,90-100,90-100
23_mp3,90-100,90-100
23_mp3,90-100,90-100
23_mp3,90-100,90-100
23_mp3,90-100,90-100
23_mp3,90-100,90-100
23_mp3,90-100,90-100
23_mp3,90-100,90-100
23_mp3,90-100,90-100
23_mp3,90-100,90-100
23_mp3,90-100,90-100
23_mp3,90-100,90-100
23_mp3,90-100,90-100
23_mp3,90-100,90-100
23_mp3,90-100,90-100
23_mp3,90-100,90-100
23_mp3,90-100,90-100
23_mp3,90-100,90-100
23_mp3,90-100,90-100
23_mp3,90-100,90-100
23_mp3,90-100,90-100
23_mp3,90-100,90-100
23_mp3,90-100,90-100
23_mp3,90-100,90-100
23_mp3,90-100,90-100
23_mp3,90-100,90-100
23_mp3,90-100,90-100
23_mp3,90-100,90-100
23_mp3,90-100,90-100
23_mp3,90-100,90-100
23_mp3,90-100,90-100
23_mp3,90-100,90-100
23_mp3,90-100,90-100
23_mp3,90-100,90-100
23_mp3,90-100,90-100
23_mp3,90-100,90-100
23_mp3,90-100,90-100
23_mp3,90-100,90-100
23_mp3,90-100,90-100
23_mp3,90-100,90-100
23_mp3,90-100,90-100
23_mp3,90-100,90-100
23_mp3,90-100,90-100
23_mp3,90-100,90-100
23_mp3,90-100,90-100
23_mp3,90-100,90-100
23_mp3,90-100,90-100
23_mp3,90-100,90-100
23_mp3,90-100,90-100
23_mp3,90-100,90-100
23_mp3,90-100,90-100
(Accuracy)23_mp3,1.0
24_mp3,90-100,90-100
24_mp3,90-100,80-90
24_mp3,90-100,80-90
24_mp3,90-100,80-90
24_mp3,90-100,80-90
24_mp3,90-100,90-100
24_mp3,90-100,90-100
24_mp3,90-100,80-90
24_mp3,90-100,80-90
24_mp3,90-100,90-100
24_mp3,90-100,90-100
24_mp3,90-100,90-100
24_mp3,90-100,80-90
24_mp3,90-100,90-100
24_mp3,90-100,90-100
24_mp3,90-100,80-90
24_mp3,90-100,80-90
24_mp3,90-100,90-100
24_mp3,90-100,90-100
24_mp3,90-100,90-100
24_mp3,90-100,80-90
24_mp3,90-100,80-90
24_mp3,90-100,90-100
24_mp3,90-100,90-100
24_mp3,90-100,80-90
24_mp3,90-100,80-90
24_mp3,90-100,90-100
24_mp3,90-100,90-100
24_mp3,90-100,80-90
24_mp3,90-100,80-90
24_mp3,90-100,90-100
24_mp3,90-100,80-90
24_mp3,90-100,80-90
24_mp3,90-100,80-90
24_mp3,90-100,90-100
24_mp3,90-100,90-100
24_mp3,90-100,90-100
24_mp3,90-100,90-100
24_mp3,90-100,80-90
24_mp3,90-100,90-100
24_mp3,90-100,80-90
24_mp3,90-100,90-100
24_mp3,90-100,90-100
24_mp3,90-100,90-100
24_mp3,90-100,90-100
24_mp3,90-100,80-90
24_mp3,90-100,90-100
24_mp3,90-100,80-90
24_mp3,90-100,80-90
24_mp3,90-100,80-90
24_mp3,90-100,90-100
24_mp3,90-100,90-100
24_mp3,90-100,80-90
24_mp3,90-100,90-100
24_mp3,90-100,90-100
24_mp3,90-100,80-90
24_mp3,90-100,90-100
24_mp3,90-100,90-100
24_mp3,90-100,80-90
24_mp3,90-100,90-100
24_mp3,90-100,90-100
24_mp3,90-100,90-100
24_mp3,90-100,90-100
24_mp3,90-100,90-100
24_mp3,90-100,90-100
24_mp3,90-100,90-100
24_mp3,90-100,90-100
24_mp3,90-100,80-90
24_mp3,90-100,80-90
24_mp3,90-100,80-90
24_mp3,90-100,90-100
24_mp3,90-100,90-100
24_mp3,90-100,80-90
24_mp3,90-100,80-90
24_mp3,90-100,90-100
24_mp3,90-100,80-90
24_mp3,90-100,90-100
24_mp3,90-100,80-90
24_mp3,90-100,90-100
24_mp3,90-100,90-100
24_mp3,90-100,80-90
24_mp3,90-100,90-100
24_mp3,90-100,90-100
24_mp3,90-100,90-100
24_mp3,90-100,80-90
24_mp3,90-100,80-90
24_mp3,90-100,90-100
24_mp3,90-100,90-100
24_mp3,90-100,80-90
24_mp3,90-100,80-90
24_mp3,90-100,90-100
24_mp3,90-100,80-90
24_mp3,90-100,80-90
24_mp3,90-100,90-100
24_mp3,90-100,80-90
24_mp3,90-100,90-100
24_mp3,90-100,90-100
24_mp3,90-100,90-100
24_mp3,90-100,90-100
24_mp3,90-100,80-90
(Accuracy)24_mp3,0.57
25_mp3,90-100,80-90
25_mp3,90-100,80-90
25_mp3,90-100,90-100
25_mp3,90-100,90-100
25_mp3,90-100,80-90
25_mp3,90-100,90-100
25_mp3,90-100,90-100
25_mp3,90-100,90-100
25_mp3,90-100,80-90
25_mp3,90-100,90-100
25_mp3,90-100,90-100
25_mp3,90-100,90-100
25_mp3,90-100,90-100
25_mp3,90-100,90-100
25_mp3,90-100,80-90
25_mp3,90-100,90-100
25_mp3,90-100,90-100
25_mp3,90-100,90-100
25_mp3,90-100,80-90
25_mp3,90-100,80-90
25_mp3,90-100,90-100
25_mp3,90-100,90-100
25_mp3,90-100,90-100
25_mp3,90-100,90-100
25_mp3,90-100,90-100
25_mp3,90-100,90-100
25_mp3,90-100,90-100
25_mp3,90-100,90-100
25_mp3,90-100,90-100
25_mp3,90-100,90-100
25_mp3,90-100,90-100
25_mp3,90-100,90-100
25_mp3,90-100,90-100
25_mp3,90-100,90-100
25_mp3,90-100,90-100
25_mp3,90-100,90-100
25_mp3,90-100,90-100
25_mp3,90-100,90-100
25_mp3,90-100,90-100
25_mp3,90-100,90-100
25_mp3,90-100,90-100
25_mp3,90-100,90-100
25_mp3,90-100,90-100
25_mp3,90-100,90-100
25_mp3,90-100,90-100
25_mp3,90-100,90-100
25_mp3,90-100,90-100
25_mp3,90-100,90-100
25_mp3,90-100,90-100
25_mp3,90-100,90-100
25_mp3,90-100,90-100
25_mp3,90-100,90-100
25_mp3,90-100,90-100
25_mp3,90-100,90-100
25_mp3,90-100,90-100
25_mp3,90-100,90-100
25_mp3,90-100,80-90
25_mp3,90-100,90-100
25_mp3,90-100,80-90
25_mp3,90-100,80-90
25_mp3,90-100,90-100
25_mp3,90-100,90-100
25_mp3,90-100,90-100
25_mp3,90-100,90-100
25_mp3,90-100,90-100
25_mp3,90-100,90-100
25_mp3,90-100,90-100
25_mp3,90-100,90-100
25_mp3,90-100,90-100
25_mp3,90-100,90-100
25_mp3,90-100,90-100
25_mp3,90-100,90-100
25_mp3,90-100,90-100
25_mp3,90-100,90-100
25_mp3,90-100,90-100
25_mp3,90-100,90-100
25_mp3,90-100,90-100
25_mp3,90-100,90-100
25_mp3,90-100,90-100
25_mp3,90-100,90-100
25_mp3,90-100,90-100
25_mp3,90-100,90-100
25_mp3,90-100,90-100
25_mp3,90-100,90-100
25_mp3,90-100,90-100
25_mp3,90-100,90-100
25_mp3,90-100,90-100
25_mp3,90-100,90-100
25_mp3,90-100,90-100
25_mp3,90-100,90-100
25_mp3,90-100,90-100
25_mp3,90-100,90-100
25_mp3,90-100,80-90
25_mp3,90-100,90-100
25_mp3,90-100,90-100
25_mp3,90-100,90-100
25_mp3,90-100,90-100
25_mp3,90-100,90-100
25_mp3,90-100,90-100
25_mp3,90-100,90-100
(Accuracy)25_mp3,0.89
26_mp3,90-100,80-90
26_mp3,90-100,80-90
26_mp3,90-100,90-100
26_mp3,90-100,80-90
26_mp3,90-100,80-90
26_mp3,90-100,90-100
26_mp3,90-100,80-90
26_mp3,90-100,80-90
26_mp3,90-100,80-90
26_mp3,90-100,70-80
26_mp3,90-100,90-100
26_mp3,90-100,60-70
26_mp3,90-100,80-90
26_mp3,90-100,80-90
26_mp3,90-100,80-90
26_mp3,90-100,80-90
26_mp3,90-100,90-100
26_mp3,90-100,80-90
26_mp3,90-100,80-90
26_mp3,90-100,90-100
26_mp3,90-100,80-90
26_mp3,90-100,80-90
26_mp3,90-100,80-90
26_mp3,90-100,80-90
26_mp3,90-100,90-100
26_mp3,90-100,60-70
26_mp3,90-100,80-90
26_mp3,90-100,90-100
26_mp3,90-100,80-90
26_mp3,90-100,90-100
26_mp3,90-100,80-90
26_mp3,90-100,80-90
26_mp3,90-100,90-100
26_mp3,90-100,80-90
26_mp3,90-100,80-90
26_mp3,90-100,80-90
26_mp3,90-100,90-100
26_mp3,90-100,80-90
26_mp3,90-100,90-100
26_mp3,90-100,90-100
26_mp3,90-100,80-90
26_mp3,90-100,90-100
26_mp3,90-100,80-90
26_mp3,90-100,80-90
26_mp3,90-100,80-90
26_mp3,90-100,60-70
26_mp3,90-100,80-90
26_mp3,90-100,90-100
26_mp3,90-100,80-90
26_mp3,90-100,90-100
26_mp3,90-100,60-70
26_mp3,90-100,90-100
26_mp3,90-100,80-90
26_mp3,90-100,80-90
26_mp3,90-100,80-90
26_mp3,90-100,80-90
26_mp3,90-100,80-90
26_mp3,90-100,80-90
26_mp3,90-100,80-90
26_mp3,90-100,80-90
26_mp3,90-100,80-90
26_mp3,90-100,80-90
26_mp3,90-100,90-100
26_mp3,90-100,90-100
26_mp3,90-100,80-90
26_mp3,90-100,80-90
26_mp3,90-100,80-90
26_mp3,90-100,60-70
26_mp3,90-100,90-100
26_mp3,90-100,80-90
26_mp3,90-100,80-90
26_mp3,90-100,60-70
26_mp3,90-100,80-90
26_mp3,90-100,80-90
26_mp3,90-100,80-90
26_mp3,90-100,80-90
26_mp3,90-100,90-100
26_mp3,90-100,80-90
26_mp3,90-100,80-90
26_mp3,90-100,80-90
26_mp3,90-100,80-90
26_mp3,90-100,80-90
26_mp3,90-100,90-100
26_mp3,90-100,80-90
26_mp3,90-100,80-90
26_mp3,90-100,80-90
26_mp3,90-100,90-100
26_mp3,90-100,80-90
26_mp3,90-100,80-90
26_mp3,90-100,80-90
26_mp3,90-100,80-90
26_mp3,90-100,80-90
26_mp3,90-100,80-90
26_mp3,90-100,60-70
26_mp3,90-100,80-90
26_mp3,90-100,80-90
26_mp3,90-100,80-90
26_mp3,90-100,80-90
26_mp3,90-100,90-100
26_mp3,90-100,80-90
(Accuracy)26_mp3,0.23
27_mp3,90-100,90-100
27_mp3,90-100,90-100
27_mp3,90-100,90-100
27_mp3,90-100,90-100
27_mp3,90-100,90-100
27_mp3,90-100,90-100
27_mp3,90-100,90-100
27_mp3,90-100,90-100
27_mp3,90-100,90-100
27_mp3,90-100,90-100
27_mp3,90-100,90-100
27_mp3,90-100,90-100
27_mp3,90-100,90-100
27_mp3,90-100,90-100
27_mp3,90-100,80-90
27_mp3,90-100,90-100
27_mp3,90-100,90-100
27_mp3,90-100,90-100
27_mp3,90-100,90-100
27_mp3,90-100,60-70
27_mp3,90-100,90-100
27_mp3,90-100,90-100
27_mp3,90-100,90-100
27_mp3,90-100,60-70
27_mp3,90-100,90-100
27_mp3,90-100,90-100
27_mp3,90-100,90-100
27_mp3,90-100,90-100
27_mp3,90-100,90-100
27_mp3,90-100,90-100
27_mp3,90-100,90-100
27_mp3,90-100,90-100
27_mp3,90-100,90-100
27_mp3,90-100,90-100
27_mp3,90-100,60-70
27_mp3,90-100,90-100
27_mp3,90-100,90-100
27_mp3,90-100,90-100
27_mp3,90-100,90-100
27_mp3,90-100,90-100
27_mp3,90-100,90-100
27_mp3,90-100,90-100
27_mp3,90-100,80-90
27_mp3,90-100,90-100
27_mp3,90-100,90-100
27_mp3,90-100,90-100
27_mp3,90-100,80-90
27_mp3,90-100,90-100
27_mp3,90-100,90-100
27_mp3,90-100,90-100
27_mp3,90-100,90-100
27_mp3,90-100,90-100
27_mp3,90-100,90-100
27_mp3,90-100,50-60
27_mp3,90-100,90-100
27_mp3,90-100,90-100
27_mp3,90-100,90-100
27_mp3,90-100,90-100
27_mp3,90-100,90-100
27_mp3,90-100,90-100
27_mp3,90-100,90-100
27_mp3,90-100,90-100
27_mp3,90-100,90-100
27_mp3,90-100,90-100
27_mp3,90-100,90-100
27_mp3,90-100,80-90
27_mp3,90-100,90-100
27_mp3,90-100,90-100
27_mp3,90-100,90-100
27_mp3,90-100,90-100
27_mp3,90-100,90-100
27_mp3,90-100,50-60
27_mp3,90-100,90-100
27_mp3,90-100,90-100
27_mp3,90-100,90-100
27_mp3,90-100,90-100
27_mp3,90-100,90-100
27_mp3,90-100,90-100
27_mp3,90-100,90-100
27_mp3,90-100,60-70
27_mp3,90-100,90-100
27_mp3,90-100,90-100
27_mp3,90-100,90-100
27_mp3,90-100,90-100
27_mp3,90-100,90-100
27_mp3,90-100,90-100
27_mp3,90-100,90-100
27_mp3,90-100,90-100
27_mp3,90-100,90-100
27_mp3,90-100,90-100
27_mp3,90-100,90-100
27_mp3,90-100,90-100
27_mp3,90-100,90-100
27_mp3,90-100,90-100
27_mp3,90-100,90-100
27_mp3,90-100,90-100
27_mp3,90-100,90-100
27_mp3,90-100,90-100
27_mp3,90-100,50-60
27_mp3,90-100,90-100
(Accuracy)27_mp3,0.89
28_mp3,90-100,80-90
28_mp3,90-100,50-60
28_mp3,90-100,80-90
28_mp3,90-100,80-90
28_mp3,90-100,80-90
28_mp3,90-100,50-60
28_mp3,90-100,80-90
28_mp3,90-100,50-60
28_mp3,90-100,80-90
28_mp3,90-100,50-60
28_mp3,90-100,80-90
28_mp3,90-100,50-60
28_mp3,90-100,80-90
28_mp3,90-100,80-90
28_mp3,90-100,80-90
28_mp3,90-100,80-90
28_mp3,90-100,80-90
28_mp3,90-100,80-90
28_mp3,90-100,50-60
28_mp3,90-100,80-90
28_mp3,90-100,80-90
28_mp3,90-100,50-60
28_mp3,90-100,80-90
28_mp3,90-100,80-90
28_mp3,90-100,50-60
28_mp3,90-100,80-90
28_mp3,90-100,80-90
28_mp3,90-100,80-90
28_mp3,90-100,80-90
28_mp3,90-100,80-90
28_mp3,90-100,80-90
28_mp3,90-100,80-90
28_mp3,90-100,80-90
28_mp3,90-100,50-60
28_mp3,90-100,50-60
28_mp3,90-100,80-90
28_mp3,90-100,80-90
28_mp3,90-100,80-90
28_mp3,90-100,80-90
28_mp3,90-100,50-60
28_mp3,90-100,80-90
28_mp3,90-100,80-90
28_mp3,90-100,50-60
28_mp3,90-100,80-90
28_mp3,90-100,80-90
28_mp3,90-100,50-60
28_mp3,90-100,80-90
28_mp3,90-100,80-90
28_mp3,90-100,50-60
28_mp3,90-100,80-90
28_mp3,90-100,80-90
28_mp3,90-100,50-60
28_mp3,90-100,90-100
28_mp3,90-100,80-90
28_mp3,90-100,50-60
28_mp3,90-100,50-60
28_mp3,90-100,80-90
28_mp3,90-100,80-90
28_mp3,90-100,80-90
28_mp3,90-100,80-90
28_mp3,90-100,80-90
28_mp3,90-100,80-90
28_mp3,90-100,80-90
28_mp3,90-100,80-90
28_mp3,90-100,80-90
28_mp3,90-100,80-90
28_mp3,90-100,80-90
28_mp3,90-100,80-90
28_mp3,90-100,90-100
28_mp3,90-100,70-80
28_mp3,90-100,50-60
28_mp3,90-100,80-90
28_mp3,90-100,80-90
28_mp3,90-100,80-90
28_mp3,90-100,80-90
28_mp3,90-100,80-90
28_mp3,90-100,80-90
28_mp3,90-100,90-100
28_mp3,90-100,80-90
28_mp3,90-100,90-100
28_mp3,90-100,50-60
28_mp3,90-100,80-90
28_mp3,90-100,50-60
28_mp3,90-100,80-90
28_mp3,90-100,80-90
28_mp3,90-100,80-90
28_mp3,90-100,80-90
28_mp3,90-100,80-90
28_mp3,90-100,80-90
28_mp3,90-100,80-90
28_mp3,90-100,80-90
28_mp3,90-100,80-90
28_mp3,90-100,80-90
28_mp3,90-100,80-90
28_mp3,90-100,80-90
28_mp3,90-100,80-90
28_mp3,90-100,80-90
28_mp3,90-100,50-60
28_mp3,90-100,80-90
28_mp3,90-100,80-90
(Accuracy)28_mp3,0.04
29_mp3,90-100,90-100
29_mp3,90-100,90-100
29_mp3,90-100,50-60
29_mp3,90-100,90-100
29_mp3,90-100,90-100
29_mp3,90-100,50-60
29_mp3,90-100,50-60
29_mp3,90-100,50-60
29_mp3,90-100,90-100
29_mp3,90-100,50-60
29_mp3,90-100,90-100
29_mp3,90-100,50-60
29_mp3,90-100,50-60
29_mp3,90-100,90-100
29_mp3,90-100,90-100
29_mp3,90-100,90-100
29_mp3,90-100,60-70
29_mp3,90-100,90-100
29_mp3,90-100,90-100
29_mp3,90-100,90-100
29_mp3,90-100,50-60
29_mp3,90-100,90-100
29_mp3,90-100,90-100
29_mp3,90-100,90-100
29_mp3,90-100,90-100
29_mp3,90-100,90-100
29_mp3,90-100,50-60
29_mp3,90-100,90-100
29_mp3,90-100,90-100
29_mp3,90-100,90-100
29_mp3,90-100,50-60
29_mp3,90-100,90-100
29_mp3,90-100,90-100
29_mp3,90-100,50-60
29_mp3,90-100,90-100
29_mp3,90-100,90-100
29_mp3,90-100,90-100
29_mp3,90-100,90-100
29_mp3,90-100,90-100
29_mp3,90-100,90-100
29_mp3,90-100,90-100
29_mp3,90-100,50-60
29_mp3,90-100,90-100
29_mp3,90-100,90-100
29_mp3,90-100,90-100
29_mp3,90-100,90-100
29_mp3,90-100,90-100
29_mp3,90-100,90-100
29_mp3,90-100,50-60
29_mp3,90-100,60-70
29_mp3,90-100,50-60
29_mp3,90-100,50-60
29_mp3,90-100,50-60
29_mp3,90-100,50-60
29_mp3,90-100,90-100
29_mp3,90-100,90-100
29_mp3,90-100,90-100
29_mp3,90-100,90-100
29_mp3,90-100,90-100
29_mp3,90-100,90-100
29_mp3,90-100,90-100
29_mp3,90-100,90-100
29_mp3,90-100,50-60
29_mp3,90-100,90-100
29_mp3,90-100,90-100
29_mp3,90-100,90-100
29_mp3,90-100,50-60
29_mp3,90-100,60-70
29_mp3,90-100,90-100
29_mp3,90-100,90-100
29_mp3,90-100,50-60
29_mp3,90-100,90-100
29_mp3,90-100,50-60
29_mp3,90-100,90-100
29_mp3,90-100,90-100
29_mp3,90-100,90-100
29_mp3,90-100,90-100
29_mp3,90-100,60-70
29_mp3,90-100,90-100
29_mp3,90-100,90-100
29_mp3,90-100,90-100
29_mp3,90-100,50-60
29_mp3,90-100,50-60
29_mp3,90-100,50-60
29_mp3,90-100,90-100
29_mp3,90-100,90-100
29_mp3,90-100,90-100
29_mp3,90-100,90-100
29_mp3,90-100,50-60
29_mp3,90-100,50-60
29_mp3,90-100,90-100
29_mp3,90-100,50-60
29_mp3,90-100,50-60
29_mp3,90-100,90-100
29_mp3,90-100,50-60
29_mp3,90-100,50-60
29_mp3,90-100,60-70
29_mp3,90-100,90-100
29_mp3,90-100,90-100
29_mp3,90-100,90-100
(Accuracy)29_mp3,0.65
30_mp3,90-100,50-60
30_mp3,90-100,50-60
30_mp3,90-100,60-70
30_mp3,90-100,50-60
30_mp3,90-100,50-60
30_mp3,90-100,80-90
30_mp3,90-100,80-90
30_mp3,90-100,50-60
30_mp3,90-100,90-100
30_mp3,90-100,80-90
30_mp3,90-100,60-70
30_mp3,90-100,60-70
30_mp3,90-100,80-90
30_mp3,90-100,50-60
30_mp3,90-100,50-60
30_mp3,90-100,60-70
30_mp3,90-100,80-90
30_mp3,90-100,70-80
30_mp3,90-100,80-90
30_mp3,90-100,50-60
30_mp3,90-100,50-60
30_mp3,90-100,80-90
30_mp3,90-100,70-80
30_mp3,90-100,50-60
30_mp3,90-100,50-60
30_mp3,90-100,60-70
30_mp3,90-100,50-60
30_mp3,90-100,50-60
30_mp3,90-100,80-90
30_mp3,90-100,90-100
30_mp3,90-100,60-70
30_mp3,90-100,60-70
30_mp3,90-100,80-90
30_mp3,90-100,50-60
30_mp3,90-100,80-90
30_mp3,90-100,70-80
30_mp3,90-100,60-70
30_mp3,90-100,50-60
30_mp3,90-100,50-60
30_mp3,90-100,80-90
30_mp3,90-100,80-90
30_mp3,90-100,50-60
30_mp3,90-100,50-60
30_mp3,90-100,50-60
30_mp3,90-100,60-70
30_mp3,90-100,50-60
30_mp3,90-100,50-60
30_mp3,90-100,60-70
30_mp3,90-100,50-60
30_mp3,90-100,90-100
30_mp3,90-100,50-60
30_mp3,90-100,60-70
30_mp3,90-100,50-60
30_mp3,90-100,80-90
30_mp3,90-100,50-60
30_mp3,90-100,80-90
30_mp3,90-100,50-60
30_mp3,90-100,80-90
30_mp3,90-100,80-90
30_mp3,90-100,80-90
30_mp3,90-100,50-60
30_mp3,90-100,90-100
30_mp3,90-100,80-90
30_mp3,90-100,50-60
30_mp3,90-100,50-60
30_mp3,90-100,80-90
30_mp3,90-100,80-90
30_mp3,90-100,80-90
30_mp3,90-100,80-90
30_mp3,90-100,90-100
30_mp3,90-100,80-90
30_mp3,90-100,70-80
30_mp3,90-100,60-70
30_mp3,90-100,80-90
30_mp3,90-100,50-60
30_mp3,90-100,80-90
30_mp3,90-100,50-60
30_mp3,90-100,50-60
30_mp3,90-100,80-90
30_mp3,90-100,60-70
30_mp3,90-100,80-90
30_mp3,90-100,90-100
30_mp3,90-100,80-90
30_mp3,90-100,70-80
30_mp3,90-100,50-60
30_mp3,90-100,60-70
30_mp3,90-100,60-70
30_mp3,90-100,80-90
30_mp3,90-100,50-60
30_mp3,90-100,50-60
30_mp3,90-100,50-60
30_mp3,90-100,50-60
30_mp3,90-100,50-60
30_mp3,90-100,50-60
30_mp3,90-100,60-70
30_mp3,90-100,80-90
30_mp3,90-100,50-60
30_mp3,90-100,80-90
30_mp3,90-100,80-90
30_mp3,90-100,60-70
(Accuracy)30_mp3,0.06
31_mp3,90-100,90-100
31_mp3,90-100,80-90
31_mp3,90-100,80-90
31_mp3,90-100,80-90
31_mp3,90-100,80-90
31_mp3,90-100,80-90
31_mp3,90-100,90-100
31_mp3,90-100,90-100
31_mp3,90-100,80-90
31_mp3,90-100,80-90
31_mp3,90-100,80-90
31_mp3,90-100,80-90
31_mp3,90-100,80-90
31_mp3,90-100,80-90
31_mp3,90-100,50-60
31_mp3,90-100,90-100
31_mp3,90-100,80-90
31_mp3,90-100,90-100
31_mp3,90-100,90-100
31_mp3,90-100,90-100
31_mp3,90-100,90-100
31_mp3,90-100,80-90
31_mp3,90-100,80-90
31_mp3,90-100,80-90
31_mp3,90-100,80-90
31_mp3,90-100,80-90
31_mp3,90-100,90-100
31_mp3,90-100,90-100
31_mp3,90-100,80-90
31_mp3,90-100,90-100
31_mp3,90-100,80-90
31_mp3,90-100,80-90
31_mp3,90-100,80-90
31_mp3,90-100,80-90
31_mp3,90-100,80-90
31_mp3,90-100,90-100
31_mp3,90-100,80-90
31_mp3,90-100,90-100
31_mp3,90-100,80-90
31_mp3,90-100,80-90
31_mp3,90-100,50-60
31_mp3,90-100,80-90
31_mp3,90-100,80-90
31_mp3,90-100,90-100
31_mp3,90-100,90-100
31_mp3,90-100,80-90
31_mp3,90-100,80-90
31_mp3,90-100,80-90
31_mp3,90-100,80-90
31_mp3,90-100,90-100
31_mp3,90-100,50-60
31_mp3,90-100,80-90
31_mp3,90-100,90-100
31_mp3,90-100,50-60
31_mp3,90-100,80-90
31_mp3,90-100,80-90
31_mp3,90-100,90-100
31_mp3,90-100,80-90
31_mp3,90-100,90-100
31_mp3,90-100,80-90
31_mp3,90-100,80-90
31_mp3,90-100,80-90
31_mp3,90-100,80-90
31_mp3,90-100,80-90
31_mp3,90-100,80-90
31_mp3,90-100,80-90
31_mp3,90-100,80-90
31_mp3,90-100,80-90
31_mp3,90-100,90-100
31_mp3,90-100,90-100
31_mp3,90-100,90-100
31_mp3,90-100,90-100
31_mp3,90-100,80-90
31_mp3,90-100,50-60
31_mp3,90-100,90-100
31_mp3,90-100,80-90
31_mp3,90-100,90-100
31_mp3,90-100,90-100
31_mp3,90-100,50-60
31_mp3,90-100,90-100
31_mp3,90-100,80-90
31_mp3,90-100,80-90
31_mp3,90-100,80-90
31_mp3,90-100,90-100
31_mp3,90-100,80-90
31_mp3,90-100,90-100
31_mp3,90-100,80-90
31_mp3,90-100,80-90
31_mp3,90-100,90-100
31_mp3,90-100,80-90
31_mp3,90-100,80-90
31_mp3,90-100,80-90
31_mp3,90-100,80-90
31_mp3,90-100,80-90
31_mp3,90-100,90-100
31_mp3,90-100,90-100
31_mp3,90-100,80-90
31_mp3,90-100,90-100
31_mp3,90-100,80-90
31_mp3,90-100,90-100
(Accuracy)31_mp3,0.34
(Avg.)shampoo2,0.6899999999999998
