Epoch,D Loss,G Loss
1,1.4146511554718018,0.6516247987747192
2,4.928345680236816,5.714277744293213
3,1.9432110786437988,2.92553973197937
4,2.4512970447540283,0.2278534471988678
5,1.256826639175415,0.8532912135124207
6,0.7927050590515137,1.7046902179718018
7,0.8556909561157227,2.9009692668914795
8,0.9814087748527527,4.976837635040283
9,0.9345754981040955,2.9854578971862793
10,0.831743061542511,5.868384838104248
11,0.518699049949646,5.196308612823486
12,0.2758650779724121,5.183128356933594
13,1.2976537942886353,1.5301746129989624
14,0.8402199149131775,3.8707261085510254
15,0.5496212244033813,3.8339290618896484
16,0.277104914188385,6.580482006072998
17,0.5317519903182983,4.2277092933654785
18,1.103624701499939,2.149531364440918
19,1.3332774639129639,10.03654670715332
20,0.46327441930770874,9.82844066619873
21,0.565508246421814,8.166158676147461
22,0.3667430877685547,9.740970611572266
23,0.5530115365982056,4.77151346206665
24,0.7585419416427612,2.8406994342803955
25,0.3526269197463989,6.5041069984436035
26,0.33319729566574097,8.334779739379883
27,0.4712292551994324,8.609167098999023
28,0.44836002588272095,7.741479396820068
29,0.4029746353626251,7.661919593811035
30,0.4861505627632141,8.630860328674316
31,0.3618309199810028,9.00354290008545
32,0.7869718670845032,4.273895740509033
33,0.30556100606918335,11.0022554397583
34,0.34914323687553406,14.156899452209473
35,0.4011668860912323,7.217670917510986
36,0.3726995587348938,15.133102416992188
37,0.31528931856155396,15.99398136138916
38,0.6226683855056763,9.04554271697998
39,0.4206882119178772,10.69003963470459
40,0.3180542290210724,17.171226501464844
41,0.20752108097076416,20.638168334960938
42,0.24950581789016724,18.285341262817383
43,0.14455047249794006,12.561334609985352
44,0.10124893486499786,14.466327667236328
45,1.0043904781341553,6.982288837432861
46,0.36656007170677185,8.680898666381836
47,0.21206870675086975,18.64977264404297
48,0.22576257586479187,21.87217903137207
49,0.3392733633518219,19.617462158203125
50,0.5786191821098328,15.951408386230469
51,0.6077405214309692,7.398220539093018
52,0.1867637187242508,28.432044982910156
53,0.2591293454170227,25.030967712402344
54,0.3571859896183014,21.355243682861328
55,0.08317079395055771,28.00571632385254
56,0.7720791101455688,11.331755638122559
57,0.07316972315311432,39.9123420715332
58,0.2035374790430069,20.33384895324707
59,0.29941678047180176,37.714942932128906
60,0.2302740514278412,44.24247360229492
61,0.3355734944343567,40.56440353393555
62,0.18450379371643066,53.10709762573242
63,0.18176396191120148,25.579986572265625
64,0.2650434970855713,17.2643985748291
65,0.10188489407300949,40.2674446105957
66,0.6962119340896606,16.93688201904297
67,0.14460015296936035,28.97401237487793
68,0.11688945442438126,27.574628829956055
69,0.12752129137516022,30.824932098388672
70,0.4490515887737274,7.266780376434326
71,0.07681825757026672,26.674602508544922
72,0.286126971244812,8.461957931518555
73,0.18532614409923553,16.675264358520508
74,0.13679194450378418,20.57354736328125
75,0.23579341173171997,20.45313262939453
76,0.25312501192092896,18.57529067993164
77,0.08495689183473587,22.368743896484375
78,0.43271660804748535,7.181180000305176
79,0.07212904095649719,24.844335556030273
80,0.15078966319561005,9.83769702911377
81,0.041389159858226776,30.30329704284668
82,0.09944747388362885,31.906660079956055
83,0.6850631237030029,31.39386558532715
84,0.3799790143966675,37.32603073120117
85,0.1574019491672516,35.05579376220703
86,0.2750818729400635,40.737159729003906
87,0.033969517797231674,38.36521530151367
88,0.26006945967674255,19.562335968017578
89,0.3264811933040619,41.62096405029297
90,0.150387242436409,38.08375549316406
91,0.24901486933231354,49.86054611206055
92,0.12563148140907288,30.438135147094727
93,0.5434831976890564,33.330360412597656
94,0.12853100895881653,26.001361846923828
95,0.11472467333078384,26.47553253173828
96,0.06916658580303192,7.112240791320801
97,0.1356954574584961,34.98435974121094
98,0.5825979113578796,4.691833019256592
99,0.11650495231151581,15.125157356262207
100,0.1756225824356079,45.52683639526367
101,0.03732772916555405,47.915313720703125
102,0.09717264771461487,58.10319519042969
103,0.1036030501127243,66.01225280761719
104,0.1097092479467392,38.13838577270508
105,0.12853001058101654,57.0500602722168
106,0.11086755245923996,72.8898696899414
107,0.26532554626464844,81.19133758544922
108,0.4971579611301422,38.29092788696289
109,0.12316465377807617,71.40351104736328
110,0.0910930410027504,65.13924407958984
111,0.036953967064619064,61.79379653930664
112,0.6161046624183655,16.800342559814453
113,0.09483520686626434,57.04052734375
114,0.03926469013094902,54.211219787597656
115,0.1587563455104828,13.792231559753418
116,0.07074768841266632,36.09917449951172
117,0.12087462842464447,47.43089294433594
118,0.1262844204902649,40.561214447021484
119,0.11115273833274841,47.61809539794922
120,3.661996841430664,32.7245979309082
121,0.1961851269006729,30.378780364990234
122,0.19875666499137878,21.238237380981445
123,1.3526495695114136,5.008839130401611
124,0.059679917991161346,17.71965217590332
125,0.0708729475736618,8.610644340515137
126,0.09445913136005402,30.1142578125
127,0.35381001234054565,12.69416332244873
128,0.27320751547813416,43.23908233642578
129,0.13691426813602448,39.921791076660156
130,0.33689987659454346,46.684898376464844
131,0.16457675397396088,40.692649841308594
132,0.4501030743122101,48.365264892578125
133,0.11811013519763947,40.42117691040039
134,0.3709304928779602,21.717287063598633
135,0.4355316460132599,49.2728271484375
136,0.15274107456207275,32.58449935913086
137,0.18812817335128784,38.37276077270508
138,0.09393991529941559,33.188232421875
139,0.04038643464446068,34.89411163330078
140,0.14585481584072113,46.06208801269531
141,0.24867688119411469,33.162837982177734
142,0.1171390488743782,28.927066802978516
143,0.5724100470542908,32.8985481262207
144,0.08633866161108017,28.205284118652344
145,0.12669506669044495,34.56340789794922
146,0.28049275279045105,36.46034240722656
147,0.08730139583349228,27.27031135559082
148,0.3136122524738312,17.832679748535156
149,0.22143711149692535,35.408241271972656
150,0.07855604588985443,27.71653175354004
151,0.22799059748649597,33.6805419921875
152,0.20007917284965515,35.71051025390625
153,0.29537421464920044,18.97934913635254
154,0.35688117146492004,28.6547794342041
155,0.19816157221794128,23.738454818725586
156,0.054370760917663574,25.060771942138672
157,0.20198988914489746,17.942028045654297
158,0.13639484345912933,26.58717918395996
159,0.1674516350030899,29.278635025024414
160,0.10458540916442871,28.86875343322754
161,0.6512954831123352,25.776138305664062
162,0.07377941161394119,30.150989532470703
163,0.09477318078279495,32.8336296081543
164,0.08732321858406067,32.504478454589844
165,0.1478460133075714,36.11014938354492
166,0.18443351984024048,37.28546905517578
167,0.16435153782367706,18.439231872558594
168,0.031286511570215225,40.77296829223633
169,0.16337288916110992,18.362411499023438
170,0.24800218641757965,16.969058990478516
171,0.06803446263074875,35.68872833251953
172,0.12283523380756378,34.56389236450195
173,0.0756770521402359,35.18165588378906
174,0.040774233639240265,36.949249267578125
175,0.03792467340826988,35.18596267700195
176,0.06975631415843964,25.580825805664062
177,0.06920242309570312,30.06496238708496
178,0.267196387052536,33.4261474609375
179,0.10821858048439026,27.671262741088867
180,0.0835261195898056,38.951961517333984
181,0.10985642671585083,18.934804916381836
182,0.07604311406612396,34.125587463378906
183,0.0148717500269413,40.17284393310547
184,0.03246239945292473,30.10560417175293
185,0.10864289849996567,37.080047607421875
186,0.2899356782436371,41.36078643798828
187,0.06143174320459366,28.437545776367188
188,0.1161438599228859,32.3118896484375
189,0.029328636825084686,22.72267723083496
190,0.01366446167230606,36.08667755126953
191,0.026879213750362396,34.946861267089844
192,0.0276445634663105,36.102012634277344
193,0.06322025507688522,37.28853988647461
194,0.02507685124874115,39.480125427246094
195,0.02468622662127018,22.277856826782227
196,0.030220557004213333,37.76796340942383
197,0.19065797328948975,19.19305419921875
198,0.03756328672170639,23.531396865844727
199,0.012454393319785595,32.37527084350586
200,0.15820947289466858,48.6756706237793
201,0.010295851156115532,20.32862091064453
202,0.04433181509375572,42.32651138305664
203,0.12900613248348236,37.97373962402344
204,0.18459153175354004,25.856172561645508
205,0.029339201748371124,40.83548355102539
206,0.08975173532962799,21.281280517578125
207,0.07626709342002869,32.459537506103516
208,0.11224916577339172,14.611205101013184
209,0.08151081204414368,37.110774993896484
210,0.06527161598205566,38.59284591674805
211,0.06758537143468857,22.617122650146484
212,0.4091396629810333,15.197305679321289
213,0.06203917786478996,36.096282958984375
214,0.05018945038318634,32.22907257080078
215,0.2845330238342285,12.137771606445312
216,0.25817760825157166,42.168426513671875
217,0.20617827773094177,30.51704216003418
218,0.16822801530361176,18.73130226135254
219,0.16596205532550812,44.38825225830078
220,0.23823809623718262,19.326820373535156
221,0.03729744255542755,38.82046127319336
222,0.19028250873088837,32.034217834472656
223,0.14086909592151642,24.259572982788086
224,0.06823834031820297,45.57867431640625
225,0.06584533303976059,27.732667922973633
226,0.036795347929000854,37.17088317871094
227,0.09745591878890991,22.632495880126953
228,0.09312663227319717,38.60880661010742
229,0.19045937061309814,41.800376892089844
230,0.027545128017663956,24.641672134399414
231,0.033726342022418976,31.777687072753906
232,0.148271843791008,36.34157943725586
233,0.2636357545852661,13.627080917358398
234,0.8510088324546814,26.694435119628906
235,0.06770102679729462,36.99506759643555
236,0.046208303421735764,45.63062286376953
237,0.09179701656103134,47.17006301879883
238,0.07197712361812592,36.00606155395508
239,0.10969062149524689,57.235225677490234
240,0.19748838245868683,29.533525466918945
241,0.09582675993442535,62.568519592285156
242,0.056937020272016525,34.59516143798828
243,0.2563682496547699,46.695796966552734
244,0.04172981157898903,50.257232666015625
245,0.06170489266514778,42.31999969482422
246,0.2433956414461136,33.321617126464844
247,0.05078519135713577,36.29620361328125
248,0.04744052514433861,45.12063980102539
249,0.3851889967918396,40.768802642822266
250,0.01661330834031105,29.443084716796875
251,0.03128880634903908,31.03731918334961
252,0.027001189067959785,19.976423263549805
253,0.07229119539260864,36.442623138427734
254,0.14823608100414276,25.218219757080078
255,0.03119153343141079,16.77489471435547
256,0.014706937596201897,27.947906494140625
257,0.06648895144462585,34.02748107910156
258,0.022621098905801773,39.633548736572266
259,0.025920866057276726,33.173065185546875
260,0.07010012865066528,22.883529663085938
261,0.11697551608085632,12.03980541229248
262,0.42746734619140625,31.49370574951172
263,0.01879720389842987,16.399791717529297
264,0.0141146220266819,36.563636779785156
265,0.01118177268654108,22.947778701782227
266,0.2588789165019989,26.930484771728516
267,0.014650003984570503,45.0518684387207
268,0.07544702291488647,9.963512420654297
269,0.09226865321397781,43.49596405029297
270,0.062308140099048615,38.35298156738281
271,0.04482502490282059,14.11127758026123
272,0.12690046429634094,25.635324478149414
273,0.06231684237718582,15.434860229492188
274,0.02872275933623314,33.43364715576172
275,0.032019831240177155,39.09712600708008
276,0.01944291777908802,38.12631607055664
277,0.1769789159297943,34.36824417114258
278,0.020323913544416428,45.3044548034668
279,0.030185721814632416,56.1788444519043
280,0.0249025821685791,26.19684410095215
281,0.01995985209941864,54.7257080078125
282,0.04994881898164749,22.52544593811035
283,0.021552709862589836,36.21272277832031
284,0.12076025456190109,66.23966979980469
285,0.044105932116508484,43.488948822021484
286,0.0885721743106842,51.99163818359375
287,0.02948177605867386,19.965524673461914
288,0.1118573546409607,40.05214309692383
289,0.012093799188733101,44.128604888916016
290,0.02282913774251938,57.81119155883789
291,0.025267355144023895,29.01418113708496
292,0.09766670316457748,19.581815719604492
293,0.04639938846230507,49.79331588745117
294,0.029919257387518883,55.72142791748047
295,0.02926652878522873,59.377098083496094
296,0.022379325702786446,34.97783279418945
297,0.0257856622338295,27.20890235900879
298,0.029125431552529335,46.36512756347656
299,0.030023017898201942,63.759132385253906
300,0.018899548798799515,50.982112884521484
301,0.052678726613521576,66.46229553222656
302,0.028393752872943878,28.116735458374023
303,0.06731754541397095,24.202232360839844
304,0.005160217173397541,74.18367767333984
305,0.29260557889938354,53.019222259521484
306,0.00912543572485447,38.71753692626953
307,0.0903109684586525,63.14936447143555
308,0.03082556650042534,56.9970817565918
309,0.5441027283668518,33.74272537231445
310,0.09316277503967285,47.61994171142578
311,0.22113530337810516,66.74699401855469
312,3.103175163269043,99.2254867553711
313,0.02010662667453289,82.83492279052734
314,0.12825782597064972,17.704938888549805
315,0.11479915678501129,25.046415328979492
316,0.4554896354675293,6.491532325744629
317,0.5114516019821167,8.542740821838379
318,0.10570220649242401,19.783653259277344
319,0.5004047751426697,10.384854316711426
320,0.03265947476029396,26.204944610595703
321,0.030115250498056412,22.349483489990234
322,0.04239051043987274,26.637144088745117
323,0.06178685650229454,13.176198959350586
324,0.04158138856291771,20.962717056274414
325,0.04002442583441734,29.932003021240234
326,0.10151929408311844,30.08635902404785
327,0.16082051396369934,22.48942756652832
328,0.0579201877117157,32.88776397705078
329,0.10519137978553772,17.85603141784668
330,0.09577825665473938,19.811424255371094
331,0.0819282978773117,38.04429244995117
332,0.11305231600999832,32.55781173706055
333,0.07814078778028488,38.30532455444336
334,0.03572315722703934,29.284650802612305
335,0.031243305653333664,19.412799835205078
336,0.04092962294816971,19.455698013305664
337,0.05235707759857178,29.919906616210938
338,0.03038160130381584,36.76620864868164
339,0.044904712587594986,36.22241973876953
340,0.39203667640686035,17.241275787353516
341,0.03607560694217682,28.506628036499023
342,0.07382520288228989,35.356956481933594
343,0.08068148791790009,29.616409301757812
344,0.5284328460693359,52.16834259033203
345,0.14737184345722198,26.8697452545166
346,0.03496790677309036,28.83902359008789
347,0.06367146223783493,31.8548526763916
348,0.0430898480117321,37.79042434692383
349,0.03159473091363907,42.8258171081543
350,0.04231509566307068,35.171661376953125
351,0.07235942035913467,33.042877197265625
352,0.04096202924847603,29.409378051757812
353,0.02381434664130211,37.421836853027344
354,0.03562985360622406,35.252288818359375
355,0.046241313219070435,56.08951187133789
356,0.023022258654236794,28.60227394104004
357,0.029009811580181122,36.053070068359375
358,0.05178002268075943,21.657489776611328
359,0.035237956792116165,17.49010467529297
360,0.0670628622174263,40.21583938598633
361,0.15600983798503876,19.04684829711914
362,0.021899182349443436,33.26935577392578
363,0.08597242832183838,37.975704193115234
364,0.008263983763754368,24.93777847290039
365,0.04707202687859535,36.5557746887207
366,0.03213440626859665,50.44202423095703
367,0.11814091354608536,24.970062255859375
368,0.03867054730653763,31.230756759643555
369,0.11204969137907028,19.007930755615234
370,0.11866280436515808,41.014305114746094
371,0.04342082887887955,38.20016098022461
372,0.00991640891879797,22.778919219970703
373,0.06297414004802704,42.90742874145508
374,0.10802485048770905,17.656532287597656
375,0.005439055617898703,38.72565460205078
376,0.024412158876657486,25.434146881103516
377,0.07608416676521301,39.0591926574707
378,0.016102492809295654,29.582775115966797
379,0.05869587883353233,20.35992431640625
380,0.023566875606775284,45.95167922973633
381,0.013104356825351715,50.60942459106445
382,0.022669216617941856,28.04349136352539
383,0.01583682931959629,40.23848342895508
384,0.009720178321003914,48.806556701660156
385,0.007880112156271935,47.96932601928711
386,0.012621743604540825,50.25762939453125
387,0.03863753378391266,54.301326751708984
388,0.06757500767707825,21.161174774169922
389,0.005210290662944317,46.54097366333008
390,0.05116072669625282,53.72278594970703
391,0.0501539371907711,48.63979721069336
392,0.014276286587119102,36.137046813964844
393,0.011354869231581688,61.64513397216797
394,0.3462194800376892,27.013538360595703
395,0.0706598311662674,33.87831497192383
396,0.46437376737594604,48.66340637207031
397,0.02377942204475403,38.623992919921875
398,0.023902038112282753,46.960357666015625
399,0.037226010113954544,47.40566635131836
400,1.7436634302139282,30.49374008178711
401,0.07053738832473755,36.225013732910156
402,0.009132742881774902,21.061750411987305
403,0.03163320571184158,33.1574592590332
404,0.5524860620498657,21.62581443786621
405,0.0259734895080328,24.396686553955078
406,0.10256972908973694,8.402552604675293
407,0.6296127438545227,22.856746673583984
408,0.0288932453840971,14.206415176391602
409,0.03062414936721325,15.928092956542969
410,0.04092821106314659,10.28966236114502
411,0.1484568566083908,21.345991134643555
412,0.0752822682261467,10.920930862426758
413,0.09353271126747131,11.483447074890137
414,0.027752261608839035,8.260412216186523
415,0.032822173088788986,9.809897422790527
416,0.05315180495381355,12.550742149353027
417,0.029075495898723602,16.866159439086914
418,0.034482866525650024,18.745927810668945
419,0.2558162212371826,7.974812030792236
420,0.0594385601580143,7.631893157958984
421,0.07060611248016357,17.049467086791992
422,0.12521213293075562,13.72995662689209
423,0.3114798963069916,16.652786254882812
424,0.06595522910356522,11.118769645690918
425,0.019541151821613312,12.092914581298828
426,0.05952201411128044,13.494462966918945
427,0.7308468818664551,20.557252883911133
428,0.019901016727089882,6.1603851318359375
429,0.03851667046546936,11.652372360229492
430,0.08841295540332794,19.037424087524414
431,0.3349335789680481,2.914321184158325
432,0.03226938098669052,24.694978713989258
433,0.024413209408521652,16.633487701416016
434,0.041939377784729004,24.635183334350586
435,0.06715671718120575,15.392834663391113
436,0.04281441867351532,19.632877349853516
437,0.14076445996761322,9.673260688781738
438,0.024159139022231102,21.294137954711914
439,0.2517346143722534,29.089588165283203
440,0.05352215841412544,28.48125457763672
441,0.3478822112083435,10.168190956115723
442,0.030282195657491684,21.407907485961914
443,0.08374975621700287,29.323270797729492
444,0.023468999192118645,47.989078521728516
445,0.03588491305708885,13.556483268737793
446,0.08208528906106949,28.73558807373047
447,0.02751144766807556,46.16187286376953
448,0.02160685509443283,23.619056701660156
449,0.04795154929161072,49.69635009765625
450,0.029984185472130775,14.275389671325684
451,0.040714412927627563,26.003671646118164
452,0.017555030062794685,39.21763229370117
453,0.018627164885401726,15.947609901428223
454,0.033703044056892395,54.083763122558594
455,0.07127919793128967,52.8178596496582
456,0.009075247682631016,15.65758228302002
457,0.01828191429376602,18.98896026611328
458,0.012773633934557438,31.91797637939453
459,0.011347188614308834,60.97453689575195
460,0.005478468257933855,16.471513748168945
461,0.03837326914072037,41.63764190673828
462,0.0073466054163873196,34.81916809082031
463,0.01308143325150013,31.41680145263672
464,0.2279249131679535,18.88369369506836
465,0.08095914870500565,14.21313762664795
466,0.08467595279216766,57.899452209472656
467,0.019437778741121292,39.64636993408203
468,0.14715316891670227,16.489477157592773
469,0.17923913896083832,55.04962921142578
470,0.07335469126701355,41.705535888671875
471,0.07258864492177963,76.19568634033203
472,0.1341029405593872,74.04399871826172
473,0.03616928681731224,31.482141494750977
474,0.049970611929893494,59.80143356323242
475,0.08836538344621658,26.890018463134766
476,0.0073569174855947495,55.08109664916992
477,0.025451522320508957,48.65120315551758
478,0.013680834323167801,60.25712966918945
479,0.010359988547861576,19.738569259643555
480,0.4494006037712097,14.557847023010254
481,0.00235365005210042,66.64926147460938
482,0.004531157668679953,20.594881057739258
483,0.139850914478302,62.28481674194336
484,0.008019616827368736,43.829586029052734
485,0.15550178289413452,66.46410369873047
486,0.10149843990802765,41.450828552246094
487,0.02579197846353054,47.827632904052734
488,0.2428463101387024,24.858840942382812
489,0.4761195182800293,55.383174896240234
490,0.11321251094341278,13.947587013244629
491,0.11772063374519348,46.41507339477539
492,0.11039275676012039,43.21788024902344
493,0.03093114122748375,30.952495574951172
494,0.19098691642284393,29.068098068237305
495,0.005908443592488766,34.162593841552734
496,0.0038242090959101915,26.62934684753418
497,0.04951721057295799,31.407630920410156
498,0.03239308297634125,32.226837158203125
499,0.2788435220718384,6.102509021759033
500,0.037764713168144226,21.157569885253906
501,0.02449721470475197,38.31633758544922
502,0.025728408247232437,24.161235809326172
503,0.11399155855178833,35.04763412475586
504,0.08469563722610474,34.444068908691406
505,0.03467530012130737,29.306840896606445
506,0.05818016827106476,36.17328643798828
507,0.08278689533472061,6.526090621948242
508,0.024736369028687477,30.336015701293945
509,0.06267333030700684,26.134456634521484
510,0.08869526535272598,57.54898452758789
511,0.008960016071796417,33.24224853515625
512,0.11095301806926727,45.74535369873047
513,0.007431267760694027,9.936918258666992
514,0.0874885842204094,45.5360107421875
515,0.007399942725896835,11.908141136169434
516,0.02422630786895752,41.746524810791016
517,0.029538296163082123,46.64364242553711
518,1.1180344820022583,34.819828033447266
519,0.018054354935884476,8.38188648223877
520,0.008628071285784245,27.368896484375
521,0.11699414253234863,14.861482620239258
522,0.006935372017323971,20.304895401000977
523,0.033640071749687195,32.083091735839844
524,0.0352320671081543,6.9548211097717285
525,0.036298587918281555,29.022581100463867
526,0.04862937331199646,8.230135917663574
527,0.01745229959487915,18.11080551147461
528,0.022106099873781204,6.036281585693359
529,0.015301033854484558,19.11435890197754
530,0.09995829313993454,19.314865112304688
531,0.034888867288827896,8.146224021911621
532,0.004299652762711048,21.44560432434082
533,0.030957119539380074,17.202293395996094
534,0.020592298358678818,18.254831314086914
535,0.023739231750369072,24.623676300048828
536,0.01672890968620777,21.70906639099121
537,0.10337527096271515,5.48003625869751
538,0.04060405492782593,14.048447608947754
539,0.03321845829486847,10.920920372009277
540,0.017398208379745483,26.39930534362793
541,0.002020263811573386,18.956586837768555
542,0.005716927349567413,20.429353713989258
543,0.003913001157343388,17.874197006225586
544,0.026771865785121918,26.511808395385742
545,0.013224095106124878,9.139252662658691
546,0.5961467623710632,22.54191780090332
547,0.0034108152613043785,17.564971923828125
548,0.022676272317767143,29.706012725830078
549,0.05832245200872421,18.969820022583008
550,0.11703145503997803,11.245844841003418
551,0.05302271991968155,17.394086837768555
552,0.025099270045757294,13.655966758728027
553,0.012472536414861679,22.72469139099121
554,0.009246353060007095,25.106138229370117
555,0.009146778844296932,29.68433380126953
556,0.010295198298990726,31.327707290649414
557,0.016203174367547035,29.540103912353516
558,0.01909182220697403,14.982266426086426
559,0.02708936668932438,29.613056182861328
560,0.0159494299441576,25.290382385253906
561,0.01536624226719141,25.476093292236328
562,0.010828307829797268,14.65554141998291
563,0.00866340845823288,11.9862060546875
564,0.00398204755038023,20.97321128845215
565,0.007297256030142307,36.62696075439453
566,0.04329812526702881,11.809401512145996
567,0.005564672872424126,25.871427536010742
568,0.0028318180702626705,18.76412010192871
569,0.019247889518737793,32.760433197021484
570,0.025486450642347336,39.102088928222656
571,0.0011376312468200922,34.47809600830078
572,0.013875274918973446,32.063472747802734
573,0.0015372677007690072,23.46717643737793
574,0.0008214187691919506,25.962610244750977
575,0.008573809638619423,41.868736267089844
576,0.014710117131471634,45.39292526245117
577,0.00927707739174366,12.499945640563965
578,0.008940906263887882,27.3315486907959
579,0.007768817711621523,33.901737213134766
580,0.004051764030009508,34.88764572143555
581,0.002484214026480913,29.412967681884766
582,0.028858663514256477,28.084735870361328
583,0.004841112997382879,18.930208206176758
584,0.0050690434873104095,32.08821105957031
585,0.009536022320389748,28.16362953186035
586,0.0707659050822258,16.06142234802246
587,0.002370848786085844,37.81275177001953
588,0.0014492818154394627,36.3560791015625
589,0.00715255131945014,33.97821044921875
590,0.003777877427637577,12.462675094604492
591,0.0017923017730936408,41.537384033203125
592,0.013301759958267212,19.7343807220459
593,0.014234264381229877,22.435232162475586
594,0.0016165587585419416,17.5257511138916
595,0.0031361517030745745,30.43354606628418
596,0.010595268569886684,29.27922248840332
597,0.002332883421331644,31.968469619750977
598,0.07565022259950638,26.7630558013916
599,0.06896853446960449,50.414730072021484
600,0.14804673194885254,38.59585952758789
601,0.009608684107661247,30.124013900756836
602,0.0010890974663197994,32.225746154785156
603,0.032026663422584534,22.122758865356445
604,0.00498569430783391,31.450645446777344
605,0.00922869611531496,28.978046417236328
606,0.004400111734867096,13.374330520629883
607,0.0080707473680377,24.216251373291016
608,0.006916051264852285,32.997947692871094
609,0.011404624208807945,11.104677200317383
610,0.479108065366745,10.037352561950684
611,0.005341178271919489,19.589937210083008
612,0.0008195658447220922,21.50713539123535
613,0.02191406674683094,47.257232666015625
614,0.10889576375484467,16.339265823364258
615,0.1394820660352707,31.157642364501953
616,0.010054918006062508,28.14336395263672
617,0.07245676964521408,36.80115509033203
618,0.03464104235172272,16.440824508666992
619,0.06946158409118652,43.77072525024414
620,0.036064088344573975,40.809715270996094
621,0.40397047996520996,30.944759368896484
622,0.06471390277147293,38.55015182495117
623,0.09584557265043259,13.73244571685791
624,0.0061483136378228664,13.221481323242188
625,0.014383096247911453,28.345613479614258
626,0.003553168149664998,24.431194305419922
627,0.0007253074436448514,31.43053436279297
628,0.0005754913436248899,32.453556060791016
629,0.005115744657814503,28.95830535888672
630,0.008316186256706715,12.223050117492676
631,0.01971403695642948,24.75278663635254
632,0.026303976774215698,33.8526725769043
633,0.11368541419506073,22.619659423828125
634,0.015906991437077522,17.695308685302734
635,0.026934189721941948,23.07901382446289
636,0.004013431258499622,49.31128692626953
637,0.006773074623197317,43.52826690673828
638,0.0011208085343241692,44.84528350830078
639,0.0032845023088157177,29.13681983947754
640,0.024852225556969643,44.99886703491211
641,0.0027227899990975857,53.075904846191406
642,0.009610859677195549,38.37831497192383
643,0.015128753148019314,31.593032836914062
644,0.0016474677249789238,32.5195426940918
645,0.0018671040888875723,47.96415710449219
646,0.000950783840380609,44.068817138671875
647,0.005942892283201218,38.11619567871094
648,0.007109335623681545,40.96445083618164
649,0.004769871011376381,46.127079010009766
650,0.006306967698037624,16.654537200927734
651,0.43374019861221313,33.68988800048828
652,0.009872591122984886,28.815387725830078
653,0.0041674282401800156,35.207820892333984
654,0.001136296079494059,56.52790832519531
655,0.005519296042621136,55.44764709472656
656,0.5968906879425049,28.986446380615234
657,0.11091513186693192,38.2828369140625
658,0.02270360477268696,45.921104431152344
659,0.16243891417980194,57.59650421142578
660,0.2231752723455429,36.52079391479492
661,0.03520101308822632,49.63558578491211
662,0.01101709809154272,15.55345344543457
663,0.0053818123415112495,28.54951286315918
664,0.0016392160905525088,36.28501510620117
665,0.005908407270908356,17.371723175048828
666,0.3812488317489624,10.093437194824219
667,0.02906731702387333,52.35863494873047
668,0.0094573013484478,44.065834045410156
669,0.009015040472149849,30.543420791625977
670,0.002509969286620617,10.895408630371094
671,0.0011855056509375572,39.812984466552734
672,0.13028889894485474,36.709251403808594
673,0.031384728848934174,44.76857376098633
674,0.027471819892525673,34.25267028808594
675,0.009621049277484417,12.59571361541748
676,0.004148553125560284,33.15885925292969
677,0.00724995881319046,45.885040283203125
678,0.0039525143802165985,27.709190368652344
679,0.18661747872829437,44.944122314453125
680,0.0036237682215869427,9.921001434326172
681,0.01630645990371704,53.62449264526367
682,0.042216602712869644,56.00891876220703
683,0.5519142150878906,6.5004496574401855
684,0.05125679820775986,28.80770492553711
685,0.011025730520486832,27.50002098083496
686,0.03032417967915535,26.350370407104492
687,0.038090601563453674,11.553646087646484
688,0.011310060508549213,40.81195068359375
689,0.06630359590053558,54.413108825683594
690,0.008749028667807579,24.272756576538086
691,0.1371334195137024,17.736536026000977
692,0.09803690016269684,61.306114196777344
693,0.14410193264484406,11.753826141357422
694,0.011974412947893143,47.700469970703125
695,0.11878088861703873,43.52018356323242
696,0.018770011141896248,34.10114288330078
697,0.02534942887723446,46.31306457519531
698,0.019249327480793,61.15901565551758
699,0.05729585886001587,44.45697021484375
700,0.07605469971895218,53.17070007324219
701,0.02328648790717125,48.61060333251953
702,0.02218625694513321,93.58543395996094
703,0.049010470509529114,14.202781677246094
704,0.025325778871774673,68.87921142578125
705,0.02797207236289978,52.557708740234375
706,0.38870346546173096,15.389446258544922
707,0.16110087931156158,24.47589683532715
708,0.06993882358074188,54.90737533569336
709,0.028384562581777573,53.438392639160156
710,0.013867313973605633,49.69466018676758
711,0.026602866128087044,59.46802520751953
712,0.07170633971691132,67.2707290649414
713,0.01868530735373497,63.684173583984375
714,0.011151392012834549,72.20333099365234
715,0.023885058239102364,43.14686965942383
716,0.012348214164376259,33.73633575439453
717,0.009064745157957077,66.09696197509766
718,0.009470031596720219,49.6728630065918
719,0.006861659698188305,53.379478454589844
720,0.007384809199720621,20.605358123779297
721,0.04349488019943237,74.25536346435547
722,0.005626406986266375,61.716453552246094
723,0.0040382323786616325,24.23345947265625
724,0.008718163706362247,67.8922119140625
725,0.0053447699174284935,49.48319625854492
726,0.04638872668147087,49.14438247680664
727,0.04590725153684616,54.359771728515625
728,0.0180936511605978,93.63400268554688
729,0.0020854996982961893,77.49517822265625
730,0.024891944602131844,67.7330322265625
731,0.0063356682658195496,92.68814086914062
732,0.036507945507764816,24.442140579223633
733,0.0019673665519803762,47.465354919433594
734,0.017763178795576096,80.55663299560547
735,0.05852673202753067,26.56672477722168
736,0.027411794289946556,74.44489288330078
737,0.004077743738889694,58.83657455444336
738,0.0012619767803698778,20.57046890258789
739,0.0027780865784734488,42.56376266479492
740,0.0005335530731827021,43.81557083129883
741,0.0018117678118869662,53.92481994628906
742,0.0022330759093165398,59.20366668701172
743,0.0034563399385660887,78.06140899658203
744,0.0023275448475033045,27.022300720214844
745,0.000842915556859225,61.355262756347656
746,0.019300751388072968,44.97454071044922
747,0.0033877671230584383,18.530601501464844
748,0.006404333747923374,55.65363311767578
749,0.0038810777477920055,17.601287841796875
750,0.27935102581977844,97.044921875
751,0.27916833758354187,27.000072479248047
752,0.5678637623786926,23.42233657836914
753,0.026429714635014534,47.72950744628906
754,0.14204075932502747,72.60108947753906
755,0.020649421960115433,41.519737243652344
756,0.20437359809875488,27.312742233276367
757,0.018656693398952484,89.71778106689453
758,0.03400944173336029,105.16633605957031
759,0.019273238256573677,22.26747703552246
760,0.014689669944345951,93.58853149414062
761,0.027080124244093895,91.12088775634766
762,0.053457584232091904,78.42809295654297
763,0.011128518730401993,26.13193702697754
764,0.006422220263630152,101.77986145019531
765,0.011388557031750679,45.7241325378418
766,0.022607212886214256,42.9760627746582
767,0.016254428774118423,36.4189338684082
768,0.02991570718586445,32.63250732421875
769,0.017449934035539627,80.80755615234375
770,0.5903902053833008,115.40504455566406
771,0.0070720817893743515,55.70286560058594
772,0.007339898496866226,52.28049087524414
773,0.02364390157163143,12.065611839294434
774,0.007017667405307293,53.86188507080078
775,0.0067429193295538425,33.09101867675781
776,0.004220391623675823,25.986385345458984
777,0.014492196030914783,23.625986099243164
778,0.01624893769621849,44.96404266357422
779,0.06344699114561081,21.608016967773438
780,0.007571727968752384,30.002399444580078
781,0.34735071659088135,14.038125038146973
782,0.022519653663039207,15.43578052520752
783,0.017128709703683853,12.585386276245117
784,0.005307469516992569,8.928380012512207
785,0.002789819147437811,9.341874122619629
786,0.0031642578542232513,52.17759323120117
787,0.004674849566072226,26.4490909576416
788,0.028570102527737617,29.970367431640625
789,0.012285823933780193,18.81890296936035
790,0.020837072283029556,17.832141876220703
791,0.006743527948856354,48.19972229003906
792,0.002591178985312581,62.080318450927734
793,0.08937571942806244,51.828285217285156
794,0.004892468918114901,60.25629425048828
795,0.004024493508040905,46.6304817199707
796,0.007379344664514065,13.746419906616211
797,0.0038747484795749187,52.75687026977539
798,0.004487062804400921,40.78982162475586
799,0.047707103192806244,52.52754211425781
800,0.010225903242826462,40.64251708984375
801,0.009570368565618992,53.21723556518555
802,0.012150758877396584,46.19877243041992
803,0.0030444939620792866,29.467477798461914
804,0.02565251663327217,15.067800521850586
805,0.027614066377282143,86.23123168945312
806,0.0462605282664299,16.078414916992188
807,0.001463129068724811,29.60464859008789
808,0.016027644276618958,83.36971282958984
809,0.002398825017735362,18.448959350585938
810,0.00474990950897336,39.83502960205078
811,0.03287174552679062,62.7636833190918
812,0.004947701469063759,28.253786087036133
813,0.002467692131176591,20.74113655090332
814,0.0023208134807646275,55.22614669799805
815,0.014213505201041698,76.85993957519531
816,0.00680085364729166,19.28262710571289
817,0.004419686738401651,77.32598114013672
818,0.0045418813824653625,63.08921432495117
819,0.0016589651349931955,89.59246063232422
820,0.0022318600676953793,60.03402328491211
821,0.002955193631350994,59.076332092285156
822,0.0008611120865680277,90.47795104980469
823,0.0007916570175439119,65.71969604492188
824,0.0028979070484638214,66.959716796875
825,0.007186696399003267,48.14737319946289
826,0.0003793846699409187,59.12336730957031
827,0.007628308609127998,78.9646987915039
828,0.0029843354132026434,16.627275466918945
829,0.00896193366497755,84.462646484375
830,0.01321394182741642,53.17487716674805
831,0.003480070736259222,73.7476577758789
832,0.005752525292336941,47.74435806274414
833,0.004614442586898804,50.484371185302734
834,0.005815204232931137,27.953874588012695
835,0.46622616052627563,63.763816833496094
836,0.05310812219977379,60.05363845825195
837,0.0014049784513190389,33.037559509277344
838,0.005811206065118313,34.519012451171875
839,0.2671568691730499,21.753400802612305
840,0.015256895683705807,36.186920166015625
841,0.01737467758357525,64.84686279296875
842,0.01272449642419815,35.12976837158203
843,0.01622634008526802,92.20938873291016
844,0.10952802002429962,45.08226013183594
845,0.007812903262674809,71.667236328125
846,0.024418456479907036,91.12105560302734
847,0.010867463424801826,65.32173156738281
848,0.0063146729953587055,24.397336959838867
849,0.16410677134990692,78.37354278564453
850,0.013646136969327927,37.799434661865234
851,0.031528372317552567,60.81577682495117
852,0.017086664214730263,82.4405746459961
853,0.0034208872821182013,22.936086654663086
854,0.03415484353899956,93.53081512451172
855,0.023677367717027664,45.02193832397461
856,0.010760546661913395,79.84107208251953
857,0.004123869817703962,75.72331237792969
858,0.0044904728420078754,52.46971130371094
859,0.01475786417722702,64.02411651611328
860,0.005280667450278997,22.68718147277832
861,0.011149358935654163,72.01963806152344
862,0.002667649183422327,35.80458450317383
863,0.003533417358994484,96.13664245605469
864,0.0034016326535493135,82.57075500488281
865,0.003374190768226981,57.400089263916016
866,0.0017503099516034126,23.337202072143555
867,0.0042572021484375,64.29668426513672
868,0.22546367347240448,18.97486114501953
869,0.03271391615271568,37.78057861328125
870,0.0015362715348601341,58.96055221557617
871,0.018808361142873764,79.2982177734375
872,0.5688682198524475,64.99900817871094
873,0.013616594485938549,82.29705810546875
874,0.012326352298259735,54.988250732421875
875,0.00888669490814209,71.97952270507812
876,0.01571301743388176,63.83467102050781
877,0.007809857837855816,58.25210952758789
878,0.0032828254625201225,23.2150821685791
879,0.008850153535604477,46.39713668823242
880,0.04960999637842178,18.35784339904785
881,0.0058481739833951,66.52545928955078
882,0.005913742817938328,53.9647216796875
883,0.002277420600876212,17.39292335510254
884,0.007506200578063726,47.471675872802734
885,0.0020578615367412567,15.061582565307617
886,0.0021867314353585243,49.711029052734375
887,0.003873388282954693,79.0177230834961
888,0.0009798347018659115,13.757916450500488
889,0.0016984831308946013,75.06885528564453
890,0.15256066620349884,65.40446472167969
891,0.00302072218619287,18.125993728637695
892,0.0032088824082165956,47.3081169128418
893,0.005000623408704996,57.62040328979492
894,0.00754700368270278,43.2589111328125
895,0.0037351439241319895,30.628555297851562
896,0.0037787617184221745,47.461402893066406
897,0.0014908895827829838,57.85094451904297
898,0.00455521559342742,46.5191764831543
899,0.007596281822770834,24.02547836303711
900,0.0014669462107121944,14.01488971710205
901,0.0036457176320254803,68.12962341308594
902,0.007087494246661663,35.16731643676758
903,0.0018721971428021789,14.834098815917969
904,0.004002583213150501,29.613489151000977
905,0.006554667372256517,11.913593292236328
906,0.0026261331513524055,60.53753662109375
907,0.0019095949828624725,12.773362159729004
908,0.0024012478534132242,62.90320587158203
909,0.001434898003935814,62.5970573425293
910,0.002713314490392804,56.61334991455078
911,0.0020590873900800943,43.282711029052734
912,0.0010916911996901035,42.29867935180664
913,0.0009002890437841415,81.46173858642578
914,0.0058853342197835445,51.218292236328125
915,0.006678818725049496,42.023902893066406
916,0.005332488566637039,43.628509521484375
917,0.0028620318043977022,10.222334861755371
918,0.0019444695208221674,26.799888610839844
919,0.0037150296848267317,13.275175094604492
920,0.002813217230141163,36.84674072265625
921,0.002401681151241064,12.925935745239258
922,0.2109656184911728,52.77188491821289
923,0.02651778794825077,37.87928009033203
924,0.0023006675764918327,15.36963939666748
925,0.08996985852718353,26.651214599609375
926,0.0034564542584121227,41.90220260620117
927,0.021144142374396324,52.673194885253906
928,0.0038134492933750153,17.800111770629883
929,0.045900411903858185,34.19752502441406
930,0.07440710067749023,75.41801452636719
931,0.05841520428657532,21.48773956298828
932,0.01068450789898634,50.81940460205078
933,0.03201496601104736,90.68000030517578
934,0.0349181592464447,25.939193725585938
935,0.0016558475326746702,46.3605842590332
936,0.0023258018773049116,69.82920837402344
937,0.011135882697999477,59.426963806152344
938,0.01063261367380619,56.84568405151367
939,0.0034137405455112457,62.73448181152344
940,0.0016254791989922523,35.099029541015625
941,0.08514168858528137,10.452446937561035
942,0.0018572937697172165,83.19705200195312
943,0.000635756179690361,14.865538597106934
944,0.007358433213084936,44.33128356933594
945,0.00855704303830862,67.25804138183594
946,0.043115004897117615,15.875948905944824
947,0.011672917753458023,15.964789390563965
948,0.0017481439281255007,92.05707550048828
949,0.0263495072722435,18.25333023071289
950,0.07360852509737015,65.23995208740234
951,0.005539176054298878,66.41287994384766
952,0.003025796264410019,33.676918029785156
953,0.009682164527475834,13.682987213134766
954,0.3671902120113373,15.754829406738281
955,0.022935638204216957,34.87086486816406
956,0.00615638867020607,84.18521118164062
957,0.006221220828592777,78.64622497558594
958,0.005347727797925472,104.33903503417969
959,0.0007884703809395432,82.68980407714844
960,0.2526184022426605,55.73186492919922
961,0.003108447417616844,72.02191162109375
962,0.24966782331466675,14.846832275390625
963,0.002818542532622814,84.0488052368164
964,0.08275340497493744,86.9415054321289
965,0.04085861146450043,39.83843994140625
966,0.02712998166680336,91.55086517333984
967,0.27146631479263306,29.105253219604492
968,0.15919409692287445,56.49184036254883
969,0.005479022394865751,16.738849639892578
970,0.037110645323991776,70.51366424560547
971,0.01791289821267128,107.34426879882812
972,0.0032979315146803856,26.31060791015625
973,0.009112631902098656,17.83582305908203
974,0.005896729417145252,50.93701171875
975,0.012507633306086063,57.95747756958008
976,0.28883376717567444,12.937677383422852
977,0.004473381210118532,51.42914581298828
978,0.17487534880638123,15.305135726928711
979,0.004907913040369749,78.59706115722656
980,0.0737498328089714,66.68046569824219
981,1.862333059310913,50.42515182495117
982,0.47750324010849,11.948856353759766
983,0.5278735756874084,50.21381759643555
984,0.33526739478111267,9.746659278869629
985,0.49369698762893677,33.35298156738281
986,0.8574641346931458,18.629722595214844
987,0.2392246425151825,47.231014251708984
988,0.2595630884170532,57.584110260009766
989,0.15325188636779785,64.62189483642578
990,0.2931136190891266,58.271812438964844
991,0.31794917583465576,57.4508056640625
992,0.4916844666004181,22.30030059814453
993,0.1998097151517868,48.638484954833984
994,0.22578509151935577,12.41379451751709
995,0.02347889170050621,64.5147705078125
996,0.615639865398407,7.032109260559082
997,0.16053810715675354,49.68241500854492
998,0.07394075393676758,74.41917419433594
999,0.07707510143518448,96.41193389892578
1000,0.20712831616401672,109.76591491699219
1001,0.06460065394639969,69.25839233398438
1002,0.1719444990158081,100.09919738769531
1003,0.04075980186462402,106.72836303710938
1004,0.021174771711230278,117.5559310913086
1005,0.009933961555361748,26.029542922973633
1006,0.14830240607261658,27.0552921295166
1007,0.1877576857805252,127.95002746582031
1008,0.01934756338596344,145.11611938476562
1009,0.3139655292034149,23.870235443115234
1010,0.10960797965526581,83.08618927001953
1011,0.017214924097061157,101.53500366210938
1012,0.03688674047589302,35.12078857421875
1013,0.04891253635287285,108.68294525146484
1014,0.05473129823803902,164.7317657470703
1015,0.05642969161272049,141.3880615234375
1016,0.15742160379886627,179.0276336669922
1017,0.022052759304642677,63.80438232421875
1018,0.04130809009075165,148.7062225341797
1019,0.05800837278366089,109.30084991455078
1020,0.05677274987101555,143.70799255371094
1021,0.0980476438999176,188.1518096923828
1022,0.029222989454865456,84.70479583740234
1023,0.0186275914311409,160.72532653808594
1024,0.019966956228017807,174.71192932128906
1025,0.0022021527402102947,156.42745971679688
1026,0.043113306164741516,52.0811767578125
1027,0.010492588393390179,123.3093490600586
1028,0.01091575063765049,33.35760498046875
1029,0.19443583488464355,196.7638702392578
1030,0.07449880242347717,85.90690612792969
1031,0.10930559039115906,146.48486328125
1032,0.0474531352519989,186.6458282470703
1033,0.01762237586081028,163.84300231933594
1034,0.02947971597313881,173.38763427734375
1035,0.05140180513262749,213.49932861328125
1036,0.016499364748597145,179.6480712890625
1037,0.016049306839704514,241.0076446533203
1038,0.014867370948195457,57.61689758300781
1039,0.01586374081671238,139.80322265625
1040,0.012413684278726578,263.2041320800781
1041,0.03823457285761833,76.68325805664062
1042,0.007677036337554455,173.9302520751953
1043,0.008012552745640278,138.720947265625
1044,0.32048308849334717,192.54190063476562
1045,0.003919607028365135,147.08822631835938
1046,0.00618900079280138,82.7216796875
1047,0.011968237347900867,106.98152923583984
1048,0.017166463658213615,240.0616455078125
1049,0.027864592149853706,196.54554748535156
1050,0.013221003115177155,55.670433044433594
1051,0.0023803464137017727,239.32073974609375
1052,0.008957774378359318,214.39292907714844
1053,0.007163022644817829,188.5102996826172
1054,0.031619854271411896,206.07496643066406
1055,0.020512862130999565,300.38629150390625
1056,0.0010382735636085272,284.6202087402344
1057,0.33522337675094604,46.14547348022461
1058,0.015997257083654404,160.18173217773438
1059,0.017490625381469727,211.36119079589844
1060,0.039307668805122375,199.34043884277344
1061,0.06418083608150482,214.42141723632812
1062,0.0064780134707689285,171.15834045410156
1063,0.023066043853759766,254.51727294921875
1064,0.004348271526396275,244.36097717285156
1065,0.02443009428679943,116.21513366699219
1066,0.004318471532315016,61.958351135253906
1067,0.003692495170980692,70.37503814697266
1068,0.006928884424269199,227.1235809326172
1069,0.012695121578872204,167.78411865234375
1070,0.013400452211499214,246.78395080566406
1071,0.010731411166489124,65.86844635009766
1072,0.0055467067286372185,74.63021850585938
1073,0.006040620617568493,241.77792358398438
1074,0.004924849607050419,238.87913513183594
1075,0.0014044204726815224,191.00146484375
1076,0.005155130289494991,80.54509735107422
1077,0.0028491243720054626,244.1544189453125
1078,0.0021014835219830275,254.1206817626953
1079,0.005755470134317875,248.71743774414062
1080,0.003681342350319028,199.46224975585938
1081,0.012845952995121479,268.2770080566406
1082,0.0019836456049233675,261.2602233886719
1083,0.02626529149711132,213.7788848876953
1084,0.481298565864563,245.07630920410156
1085,0.002402558457106352,177.22720336914062
1086,0.003788560163229704,137.94131469726562
1087,0.0031296024098992348,107.17556762695312
1088,0.016127262264490128,246.5813751220703
1089,0.022833753377199173,264.4874572753906
1090,0.00727179367095232,93.03179931640625
1091,0.008995778858661652,245.2690887451172
1092,0.00287630595266819,244.75489807128906
1093,0.003510422771796584,225.7746124267578
1094,0.004780609160661697,226.49993896484375
1095,0.05413384363055229,160.33934020996094
1096,0.006641387939453125,113.2944107055664
1097,0.006311578210443258,287.6551818847656
1098,0.013733741827309132,319.56878662109375
1099,0.010651672258973122,212.59945678710938
1100,0.4119526445865631,176.29653930664062
1101,0.012513957917690277,247.81822204589844
1102,0.36682000756263733,391.919677734375
1103,0.007624256424605846,167.2999725341797
1104,0.007003124803304672,290.4095153808594
1105,0.00444793002679944,164.5496368408203
1106,0.005060330033302307,132.41690063476562
1107,0.0406227707862854,132.44662475585938
1108,0.008856705389916897,124.358642578125
1109,0.0059064337983727455,98.54682922363281
1110,0.014713577926158905,7.185660362243652
1111,0.4044914245605469,40.49110794067383
1112,0.5284071564674377,39.56946563720703
1113,0.005146054085344076,60.09105682373047
1114,0.034119825810194016,96.82064819335938
1115,0.006901179440319538,116.51581573486328
1116,0.19845497608184814,18.820070266723633
1117,0.2576347291469574,110.66112518310547
1118,0.02170731872320175,62.60248565673828
1119,0.4979940950870514,28.279142379760742
1120,0.03499875217676163,45.92518997192383
1121,0.17733989655971527,56.861839294433594
1122,0.06882315129041672,84.79898071289062
1123,0.014604234136641026,40.339752197265625
1124,0.051755141466856,92.18272399902344
1125,0.05202021449804306,68.4034423828125
1126,0.07505236566066742,147.99920654296875
1127,0.041326165199279785,151.430908203125
1128,0.018964145332574844,186.72488403320312
1129,0.5256286859512329,71.27648162841797
1130,0.014569912105798721,175.61155700683594
1131,0.2634837329387665,36.9752311706543
1132,0.01762680895626545,85.59424591064453
1133,0.010972049087285995,153.179931640625
1134,0.04521720111370087,25.693153381347656
1135,0.026551758870482445,115.22631072998047
1136,0.032808125019073486,148.2988739013672
1137,0.03515337407588959,188.60350036621094
1138,0.036067694425582886,21.326988220214844
1139,0.01944054663181305,87.38883972167969
1140,0.009016458876430988,61.75135040283203
1141,0.008367005735635757,118.71991729736328
1142,0.023270133882761,87.20948791503906
1143,0.010837411507964134,104.25899505615234
1144,0.005398372188210487,64.91825103759766
1145,0.013915675692260265,10.860442161560059
1146,0.010877009481191635,50.76477813720703
1147,0.010304920375347137,72.52021789550781
1148,0.007701783441007137,70.5849380493164
1149,0.018333109095692635,45.09243392944336
1150,0.016862263903021812,13.420698165893555
1151,0.001997298328205943,85.947998046875
1152,0.0022823556791990995,119.05374145507812
1153,0.31735655665397644,19.522581100463867
1154,0.009380710311233997,121.6173324584961
1155,0.0006927510839886963,135.39781188964844
1156,0.003268991596996784,206.3445281982422
1157,0.10250396281480789,24.237749099731445
1158,0.004924454260617495,165.2990264892578
1159,0.19979509711265564,42.5932731628418
1160,0.004514840431511402,180.2080535888672
1161,0.002324986970052123,51.54564666748047
1162,0.0006735902861692011,132.38758850097656
1163,0.011680248193442822,77.71561431884766
1164,0.0010331665398553014,185.699951171875
1165,0.011263658292591572,126.77770233154297
1166,0.01773635298013687,209.7171630859375
1167,0.013276703655719757,224.501953125
1168,0.006503971293568611,146.60531616210938
1169,0.004111538641154766,182.50970458984375
1170,0.009445374831557274,198.1214599609375
1171,0.008674480952322483,124.90505981445312
1172,0.009571408852934837,182.08506774902344
1173,0.006321044638752937,191.70021057128906
1174,0.0007365378551185131,162.34498596191406
1175,0.006267385091632605,46.12163162231445
1176,0.0030838530510663986,171.14317321777344
1177,0.0049236794002354145,278.2279357910156
1178,0.1505831480026245,46.10962677001953
1179,0.004535777494311333,234.31153869628906
1180,0.001929502235725522,203.52993774414062
1181,0.0031986997928470373,79.29151153564453
1182,0.005122640635818243,68.54934692382812
1183,0.031590305268764496,316.42724609375
1184,0.0026818441692739725,257.3827209472656
1185,0.02437182329595089,209.0909881591797
1186,0.008622278459370136,192.9745635986328
1187,0.004360896069556475,126.33001708984375
1188,0.00087584531866014,257.8910827636719
1189,0.03547441586852074,291.4756774902344
1190,0.005202441941946745,85.95687866210938
1191,0.0077671934850513935,217.05950927734375
1192,0.000586176582146436,213.945556640625
1193,0.0011977260001003742,274.7144470214844
1194,0.24799570441246033,255.09228515625
1195,0.006021331530064344,258.1437683105469
1196,0.011684144847095013,247.4631805419922
1197,0.005255150608718395,69.64690399169922
1198,0.00546824187040329,283.6047058105469
1199,0.004100168589502573,266.37200927734375
1200,0.004353862721472979,276.45965576171875
1201,0.007122166454792023,330.2703552246094
1202,0.03708901256322861,63.42500305175781
1203,0.04135884717106819,150.02749633789062
1204,0.004878994543105364,271.5960998535156
1205,0.0021951524540781975,93.06122589111328
1206,0.010186564177274704,256.9960021972656
1207,0.0022558735217899084,203.58578491210938
1208,0.00653374707326293,104.42701721191406
1209,0.08089828491210938,81.10576629638672
1210,0.0030327914282679558,131.4832305908203
1211,0.002975160488858819,267.9828796386719
1212,0.051305994391441345,231.88876342773438
1213,0.002148277126252651,247.98377990722656
1214,0.0003534258285071701,247.50286865234375
1215,0.002576746279373765,302.18426513671875
1216,0.0012686934787780046,105.69867706298828
1217,0.0020622392185032368,89.95341491699219
1218,0.003708053380250931,62.08675765991211
1219,1.3111482858657837,153.90760803222656
1220,0.005192112177610397,207.1586456298828
1221,0.0021761925891041756,153.03558349609375
1222,0.21039165556430817,18.5203914642334
1223,0.0127007607370615,20.417985916137695
1224,0.06630302220582962,24.843578338623047
1225,0.02178032509982586,25.98317527770996
1226,0.027528757229447365,18.87201499938965
1227,0.06056457757949829,31.84687614440918
1228,0.04591084271669388,10.997225761413574
1229,0.040991105139255524,17.534114837646484
1230,0.14806577563285828,6.869152545928955
1231,0.00878856610506773,21.937488555908203
1232,0.02290622517466545,5.256038188934326
1233,0.01238337904214859,20.515417098999023
1234,0.05372079089283943,36.30611801147461
1235,0.014693060889840126,12.227968215942383
1236,0.010156922042369843,10.93424129486084
1237,0.0075920987874269485,10.580199241638184
1238,0.0038505508564412594,14.318846702575684
1239,0.015223648399114609,44.21674346923828
1240,0.016423894092440605,11.08785343170166
1241,0.0024558480363339186,51.841819763183594
1242,0.0033455730881541967,53.25316619873047
1243,0.0025856634601950645,60.60694885253906
1244,0.009363633580505848,25.889936447143555
1245,0.017005162313580513,11.416315078735352
1246,0.0016353967366740108,16.382946014404297
1247,0.0028232522308826447,71.23892211914062
1248,0.21955013275146484,21.714231491088867
1249,0.001316587906330824,32.9854736328125
1250,0.007709943689405918,35.259830474853516
1251,0.0007847704691812396,67.92366027832031
1252,0.010261934250593185,55.78879165649414
1253,0.005216099321842194,54.568180084228516
1254,0.005598093383014202,49.0164794921875
1255,0.0037939129397273064,79.05384826660156
1256,0.0033603180199861526,59.42374038696289
1257,0.007516583427786827,85.83628845214844
1258,0.003005649894475937,55.86024856567383
1259,0.010865968652069569,98.23483276367188
1260,0.007506838534027338,24.2651309967041
1261,0.01002900768071413,64.5578842163086
1262,0.0017596794059500098,84.7212142944336
1263,0.004228411242365837,66.62468719482422
1264,0.00848572887480259,70.85380554199219
1265,0.0033577634021639824,87.3052978515625
1266,0.003536233678460121,18.13896369934082
1267,0.004803753923624754,74.51896667480469
1268,0.005062294192612171,69.44215393066406
1269,0.0026721027679741383,52.984161376953125
1270,0.006885712966322899,95.35877227783203
1271,0.00522301672026515,77.58213806152344
1272,0.005898943170905113,17.85094451904297
1273,0.008213224820792675,98.26758575439453
1274,0.0022889068350195885,69.93875885009766
1275,0.0008894550846889615,83.14611053466797
1276,0.0010241832351312041,79.39674377441406
1277,0.0008864807896316051,35.35152816772461
1278,0.0024892694782465696,64.56024932861328
1279,0.024027077481150627,123.29224395751953
1280,0.003522580023854971,43.76747512817383
1281,0.001361729810014367,15.908111572265625
1282,0.0039990851655602455,68.73395538330078
1283,0.0005903930868953466,23.45401954650879
1284,0.00026150199119001627,100.56977081298828
1285,0.0020616906695067883,71.95571899414062
1286,0.00038536381907761097,73.12825775146484
1287,0.06974593549966812,83.64915466308594
1288,0.003832271322607994,106.54598236083984
1289,0.000995667651295662,86.12788391113281
1290,0.0007598593947477639,83.83564758300781
1291,0.0011457507498562336,63.47932815551758
1292,0.00038184956065379083,96.69646453857422
1293,0.0007164590060710907,63.04685974121094
1294,0.0017627151682972908,23.146432876586914
1295,0.0016047419048845768,50.809837341308594
1296,0.0024639531038701534,81.0863037109375
1297,0.0009222619701176882,80.2795639038086
1298,0.0021183763165026903,65.11454010009766
1299,0.14605222642421722,33.850955963134766
1300,0.0006763531710021198,34.52470779418945
1301,0.0025224839337170124,49.33590316772461
1302,0.0009370922343805432,25.899368286132812
1303,0.0014262679032981396,51.664466857910156
1304,0.002005350776016712,29.368282318115234
1305,0.012688962742686272,71.24723815917969
1306,0.18044963479042053,91.55168914794922
1307,0.0022011955734342337,45.04731369018555
1308,0.0029498322401195765,30.656431198120117
1309,0.002185248304158449,88.83100891113281
1310,0.011141129769384861,70.37911224365234
1311,0.26802459359169006,38.489585876464844
1312,0.00449262373149395,37.241539001464844
1313,0.01915035769343376,25.069210052490234
1314,0.052811138331890106,17.35259437561035
1315,0.06967192143201828,93.98724365234375
1316,0.1145271435379982,58.54530334472656
1317,0.007674584165215492,81.90886688232422
1318,0.0027718041092157364,27.77262306213379
1319,0.007936228066682816,62.02405548095703
1320,0.0015057448763400316,87.15629577636719
1321,0.002830761717632413,79.6392593383789
1322,0.0032548655290156603,77.53216552734375
1323,0.0027436206582933664,48.933101654052734
1324,0.003147880081087351,90.87821960449219
1325,0.12300802022218704,80.81119537353516
1326,0.006492867600172758,41.6816520690918
1327,0.0009902536403387785,113.241455078125
1328,0.24271050095558167,25.026424407958984
1329,0.0019500127527862787,59.82230758666992
1330,0.006799644790589809,40.064788818359375
1331,0.0027070287615060806,17.96611976623535
1332,0.00246845418587327,83.98248291015625
1333,0.013111595064401627,119.90513610839844
1334,0.03676758334040642,142.67080688476562
1335,0.003278599353507161,53.37237548828125
1336,0.018769502639770508,134.53956604003906
1337,0.001583932782523334,98.01580810546875
1338,0.0019618431106209755,105.28116607666016
1339,0.1239190325140953,71.3868179321289
1340,0.023897966369986534,28.661762237548828
1341,0.08254937082529068,29.39246940612793
1342,0.033070750534534454,78.32862091064453
1343,0.7763155698776245,62.708003997802734
1344,0.012648014351725578,88.51207733154297
1345,0.002554813399910927,64.39091491699219
1346,0.01574067771434784,17.279130935668945
1347,0.010690607130527496,70.84647369384766
1348,0.005482945125550032,83.87854766845703
1349,0.0025890956167131662,47.08470916748047
1350,0.029806068167090416,60.79322814941406
1351,0.15103378891944885,52.700435638427734
1352,0.005971230566501617,47.793331146240234
1353,0.024136854335665703,13.030592918395996
1354,0.8986395597457886,57.25917434692383
1355,0.010123969987034798,47.791053771972656
1356,0.0031539727933704853,14.385896682739258
1357,0.008022874593734741,42.8185920715332
1358,0.020113546401262283,10.320984840393066
1359,0.138754740357399,8.333382606506348
1360,0.004756365902721882,30.123491287231445
1361,0.001141984830610454,22.51988983154297
1362,0.024069618433713913,15.060430526733398
1363,0.04439801350235939,28.45366668701172
1364,0.02306923270225525,20.243600845336914
1365,0.028750259429216385,11.938812255859375
1366,0.156076118350029,7.382945537567139
1367,0.0057970634661614895,15.83914852142334
1368,0.06147480756044388,16.876792907714844
1369,0.05742773413658142,9.975071907043457
1370,0.0006609160336665809,12.620078086853027
1371,0.03345322236418724,22.91081428527832
1372,0.02283645048737526,16.99966812133789
1373,0.010619230568408966,12.318639755249023
1374,0.031015662476420403,20.192895889282227
1375,0.0033001655247062445,22.17710304260254
1376,0.046104319393634796,25.64579963684082
1377,0.004292136523872614,19.577585220336914
1378,0.0023196847178041935,21.721569061279297
1379,0.021824553608894348,25.83273696899414
1380,0.004113359842449427,22.434823989868164
1381,0.009189922362565994,19.162288665771484
1382,0.17677807807922363,26.2534236907959
1383,0.011390394531190395,12.62891674041748
1384,0.019505690783262253,9.924328804016113
1385,0.007302297744899988,12.142285346984863
1386,0.0034017397556453943,19.246484756469727
1387,0.006783659104257822,17.3774471282959
1388,0.003641495481133461,19.2445125579834
1389,0.0011739454930648208,23.14274787902832
1390,0.0009857922559604049,12.652243614196777
1391,0.00043168451520614326,17.367523193359375
1392,0.0003713474434334785,22.032867431640625
1393,0.0010699196718633175,17.230009078979492
1394,0.0005432582111097872,19.272260665893555
1395,0.014093863777816296,17.43541717529297
1396,0.01741734705865383,8.109294891357422
1397,0.013402873650193214,6.917740821838379
1398,0.019099483266472816,14.030892372131348
1399,0.017209064215421677,7.100172519683838
1400,0.0002945952583104372,14.32215404510498
1401,0.011660154908895493,15.242952346801758
1402,0.00024280109209939837,19.43733787536621
1403,0.010970820672810078,21.83298683166504
1404,0.04700300097465515,7.760082244873047
1405,0.0011357043404132128,11.67844009399414
1406,0.00015863729640841484,24.166597366333008
1407,7.52220003050752e-05,20.074811935424805
1408,0.01017851009964943,23.547889709472656
1409,0.0011527483584359288,17.38987159729004
1410,0.0002955955278594047,18.458629608154297
1411,0.0037761584389954805,20.632381439208984
1412,0.011593479663133621,19.997852325439453
1413,0.05630047991871834,13.978836059570312
1414,0.00330661004409194,31.957870483398438
1415,0.044533923268318176,39.11137008666992
1416,0.0004633255011867732,22.022857666015625
1417,0.0003109954413957894,45.855960845947266
1418,0.00021984845807310194,31.36936378479004
1419,0.0009156776359304786,33.61589813232422
1420,0.016676587983965874,41.221683502197266
1421,0.0015174843138083816,15.144718170166016
1422,0.00023014254111330956,64.44896697998047
1423,0.009242374449968338,51.62297058105469
1424,0.0006776901427656412,20.297401428222656
1425,0.005449360236525536,49.03262710571289
1426,0.00434720516204834,22.1734676361084
1427,0.0012687398120760918,23.986379623413086
1428,0.0016757488483563066,65.5597915649414
1429,0.006244358606636524,37.605979919433594
1430,0.0009204443776980042,40.600074768066406
1431,0.0008307969546876848,57.466773986816406
1432,0.0054351091384887695,75.26812744140625
1433,0.002932720584794879,24.64912223815918
1434,0.0003162929497193545,32.980369567871094
1435,0.00018461377476342022,43.263206481933594
1436,0.00017910933820530772,70.5126724243164
1437,0.0004207672318443656,55.05317306518555
1438,0.00011363750672899187,90.69474029541016
1439,0.0017355933086946607,104.54032135009766
1440,0.0011559188133105636,25.257566452026367
1441,0.0011851342860609293,27.955669403076172
1442,0.00034662167308852077,101.1300277709961
1443,0.5211220979690552,87.53641510009766
1444,0.4851703941822052,53.52104949951172
1445,0.0021884615998715162,63.55756378173828
1446,0.0019206658471375704,104.29816436767578
1447,0.0019245180301368237,29.20602798461914
1448,0.005044239107519388,143.16026306152344
1449,0.0013237075181677938,25.532432556152344
1450,0.001639951253309846,146.26966857910156
1451,0.0022984184324741364,141.0087432861328
1452,0.004059211816638708,34.07681655883789
1453,0.013160746544599533,113.05487060546875
1454,0.006972659844905138,46.066219329833984
1455,0.05289536714553833,152.0059356689453
1456,0.13944652676582336,128.5857696533203
1457,0.008660158142447472,146.58541870117188
1458,0.005220192484557629,195.03411865234375
1459,0.0029627103358507156,54.52719497680664
1460,0.0018376560183241963,132.39669799804688
1461,0.005042228382080793,79.2391586303711
1462,0.010166432708501816,126.52243041992188
1463,0.0014829356223344803,42.486839294433594
1464,0.004596109967678785,114.47311401367188
1465,0.0011634639231488109,51.580875396728516
1466,0.0018992508994415402,141.69033813476562
1467,0.011529500596225262,155.0218963623047
1468,0.17877675592899323,75.57316589355469
1469,0.0024163327179849148,167.43148803710938
1470,0.005872064735740423,132.8845672607422
1471,0.0053522116504609585,45.614070892333984
1472,0.007863876409828663,138.14923095703125
1473,0.01711156964302063,175.86581420898438
1474,0.0038117053918540478,43.4920654296875
1475,0.012041188776493073,144.289794921875
1476,0.016003578901290894,199.03546142578125
1477,0.03512731194496155,173.03076171875
1478,0.0212936419993639,151.35202026367188
1479,0.0136458370834589,240.07748413085938
1480,0.03309393674135208,208.13441467285156
1481,0.003593526314944029,51.356266021728516
1482,0.002714197849854827,187.58529663085938
1483,0.0005245611537247896,199.6576690673828
1484,0.034347884356975555,126.65385437011719
1485,0.009304527193307877,176.0570068359375
1486,0.0014995121164247394,176.07203674316406
1487,0.0005318141193129122,183.5618438720703
1488,0.0007057038601487875,201.44345092773438
1489,0.0006051778327673674,53.995574951171875
1490,0.00043154199374839664,24.84347152709961
1491,0.0004759773728437722,176.87191772460938
1492,0.0004050667048431933,92.53114318847656
1493,0.0010753311216831207,130.72982788085938
1494,0.0001516996999271214,34.69026184082031
1495,0.0008515786612406373,170.32289123535156
1496,0.0003422254812903702,29.01564598083496
1497,0.002427753759548068,149.05545043945312
