in0,in1,in2,in3,in4,in5,in6,in7,in8,in9,in‚ ,in‚¢,in‚¤,inA,inB,inC,in10,in11,in12,in13,in14,in15,in16,in17,in18,in19,inƒA,inƒC,inƒE,inD,inE,inF,Tester
3.809818181818183,4.7914545454545445,4.990000000000004,4.990000000000004,4.472545454545453,4.9867272727272764,4.990000000000004,4.990000000000004,4.990000000000004,4.990000000000004,4.990000000000004,2.290545454545455,4.548000000000001,3.470727272727272,3.4990909090909077,3.2732727272727287,4.427818181818184,4.990000000000004,4.8372727272727305,4.990000000000004,4.4245454545454574,3.6576363636363625,4.022363636363636,4.266,4.990000000000004,4.990000000000004,4.990000000000004,2.4456363636363623,4.990000000000004,3.8352727272727267,3.19890909090909,3.229272727272725,ooyama
3.841272727272728,4.588909090909095,4.990000000000004,4.846909090909089,4.34818181818182,4.7678181818181775,4.990000000000004,4.990000000000004,4.990000000000004,4.990000000000004,4.990000000000004,3.1407272727272724,4.343818181818183,3.566181818181817,3.636181818181819,3.593272727272728,4.570000000000005,4.990000000000004,4.990000000000004,4.990000000000004,4.2945454545454576,3.6396363636363596,4.075818181818179,4.294000000000001,4.990000000000004,4.990000000000004,4.990000000000004,2.479090909090909,4.990000000000004,3.942727272727272,3.278909090909092,3.2941818181818183,ooyama
3.759454545454545,4.509272727272725,4.990000000000004,4.990000000000004,4.211818181818181,4.437454545454545,4.990000000000004,4.990000000000004,4.990000000000004,4.990000000000004,4.990000000000004,2.532545454545454,4.74909090909091,3.3125454545454533,3.3672727272727268,3.1112727272727287,4.317454545454546,4.85709090909091,4.7721818181818225,4.990000000000004,4.427818181818178,3.802909090909092,4.0069090909090885,4.3012727272727265,4.990000000000004,4.990000000000004,4.990000000000004,2.3894545454545457,4.990000000000004,4.175999999999997,3.3943636363636345,3.1547272727272717,ooyama
3.896181818181816,4.6634545454545435,4.990000000000004,4.763818181818183,4.384363636363637,4.475636363636363,4.990000000000004,4.990000000000004,4.990000000000004,4.990000000000004,4.990000000000004,3.0636363636363635,4.6823636363636325,3.521818181818181,3.7739999999999996,3.69,4.473636363636363,4.990000000000004,4.841818181818184,4.990000000000004,4.302545454545458,3.7549090909090888,4.1367272727272715,4.32418181818182,4.990000000000004,4.990000000000004,4.990000000000004,2.448909090909092,4.990000000000004,4.173636363636364,3.4209090909090905,3.3060000000000023,ooyama
3.4216363636363627,4.555818181818182,4.990000000000004,4.990000000000004,3.706909090909092,4.023090909090911,4.4987272727272725,4.990000000000004,4.990000000000004,4.990000000000004,4.990000000000004,2.9552727272727264,4.990000000000004,3.120000000000001,3.195818181818181,2.9994545454545456,4.452909090909091,4.990000000000004,4.857818181818186,4.990000000000004,4.274363636363637,3.479090909090909,3.6550909090909087,3.771454545454544,4.990000000000004,4.990000000000004,4.990000000000004,2.479272727272726,4.990000000000004,3.856363636363636,3.097454545454545,2.948363636363635,ooyama
3.5078181818181813,4.676727272727272,4.990000000000004,4.990000000000004,4.521272727272729,4.4885454545454575,4.990000000000004,4.990000000000004,4.990000000000004,4.990000000000004,4.990000000000004,2.7614545454545456,4.990000000000004,3.3490909090909087,3.313636363636364,3.443272727272728,4.562727272727275,4.990000000000004,4.951272727272731,4.990000000000004,4.488545454545454,3.795636363636365,4.059636363636366,4.115636363636366,4.990000000000004,4.990000000000004,4.990000000000004,2.530909090909092,4.990000000000004,4.016363636363637,3.3985454545454563,3.348545454545456,ooyama
4.130363636363638,4.990000000000004,4.990000000000004,4.990000000000004,4.832181818181824,4.990000000000004,4.990000000000004,4.990000000000004,4.990000000000004,4.990000000000004,4.990000000000004,2.9385454545454537,4.639454545454544,3.584181818181817,3.830545454545453,3.466727272727271,4.574727272727274,4.990000000000004,4.990000000000004,4.990000000000004,4.8232727272727285,4.131818181818184,4.129454545454546,4.478909090909093,4.990000000000004,4.990000000000004,4.990000000000004,2.4481818181818187,4.704545454545454,4.207090909090908,3.5805454545454545,3.328909090909093,ooyama
3.877818181818185,4.990000000000004,4.990000000000004,4.990000000000004,4.921818181818184,4.990000000000004,4.990000000000004,4.990000000000004,4.990000000000004,4.990000000000004,4.990000000000004,2.8249090909090913,4.448181818181818,3.5494545454545423,3.912363636363637,3.4629090909090885,4.460727272727274,4.990000000000004,4.990000000000004,4.990000000000004,4.376545454545453,3.697090909090911,3.869454545454548,4.181272727272724,4.990000000000004,4.990000000000004,4.990000000000004,2.591818181818183,4.990000000000004,3.6750909090909114,3.17581818181818,3.2203636363636337,ooyama
4.133636363636364,4.990000000000004,4.990000000000004,4.990000000000004,4.932909090909094,4.990000000000004,4.990000000000004,4.990000000000004,4.990000000000004,4.990000000000004,4.990000000000004,3.3314545454545463,4.010545454545454,3.9156363636363634,4.07490909090909,3.7276363636363623,4.496363636363637,4.990000000000004,4.990000000000004,4.990000000000004,4.393454545454548,3.832545454545454,4.092181818181821,4.4234545454545415,4.990000000000004,4.990000000000004,4.990000000000004,2.6747272727272726,4.963636363636367,3.9321818181818182,3.4874545454545443,3.366909090909089,ooyama
3.7969090909090912,4.990000000000004,4.990000000000004,4.990000000000004,4.7014545454545456,4.990000000000004,4.990000000000004,4.990000000000004,4.990000000000004,4.990000000000004,4.990000000000004,2.8480000000000003,4.430181818181817,3.769454545454544,3.92309090909091,3.7065454545454513,4.466545454545456,4.990000000000004,4.8899999999999935,4.990000000000004,4.3183636363636335,3.809818181818185,4.017818181818183,4.372000000000001,4.990000000000004,4.990000000000004,4.990000000000004,2.5092727272727275,4.990000000000004,3.895272727272727,3.3161818181818195,3.2336363636363625,ooyama
3.855272727272727,4.990000000000004,4.990000000000004,4.990000000000004,4.4438181818181794,4.990000000000004,4.990000000000004,4.990000000000004,4.990000000000004,4.990000000000004,4.990000000000004,2.876000000000001,4.427272727272724,3.561636363636365,3.8185454545454536,3.4656363636363636,4.368363636363636,4.990000000000004,4.882363636363634,4.990000000000004,4.318909090909089,3.695818181818181,3.978363636363635,4.213272727272726,4.990000000000004,4.990000000000004,4.990000000000004,2.6350909090909096,4.990000000000004,3.758909090909093,3.069090909090909,3.154363636363636,ooyama
3.950535714285712,4.990000000000004,4.990000000000004,4.83214285714286,4.573928571428574,4.990000000000004,4.990000000000004,4.990000000000004,4.990000000000004,4.990000000000004,4.990000000000004,3.2344642857142847,3.842142857142858,3.9464285714285703,4.003214285714285,3.7685714285714296,4.550178571428575,4.990000000000004,4.990000000000004,4.990000000000004,4.24,3.8485714285714296,4.0723214285714295,4.408392857142856,4.990000000000004,4.990000000000004,4.990000000000004,2.9432142857142836,4.990000000000004,3.9585714285714273,3.4774999999999983,3.367321428571432,ooyama
4.4,4.990000000000004,4.990000000000004,4.990000000000004,4.405272727272725,4.990000000000004,4.990000000000004,4.990000000000004,4.990000000000004,4.990000000000004,4.990000000000004,2.9570909090909097,4.381454545454544,3.4709090909090903,3.885636363636368,3.528363636363637,4.4889090909090905,4.990000000000004,4.990000000000004,4.990000000000004,4.292363636363637,3.731636363636363,3.971999999999997,4.145090909090907,4.990000000000004,4.990000000000004,4.990000000000004,2.943454545454545,4.795090909090909,3.7849090909090912,3.1618181818181803,3.209454545454544,ooyama
3.767454545454545,4.990000000000004,4.990000000000004,4.990000000000004,4.354363636363638,4.589818181818182,4.990000000000004,4.990000000000004,4.990000000000004,4.990000000000004,4.990000000000004,2.536545454545455,4.841818181818184,3.4903636363636354,3.5519999999999983,3.2829090909090914,4.3985454545454505,4.941272727272724,4.8674545454545495,4.990000000000004,4.250000000000002,3.61018181818182,3.78018181818182,3.981272727272728,4.990000000000004,4.990000000000004,4.990000000000004,2.7254545454545456,4.990000000000004,3.517636363636365,3.0278181818181813,2.997636363636363,ooyama
3.580181818181817,4.990000000000004,4.990000000000004,4.990000000000004,4.37818181818182,4.501272727272728,4.7958181818181815,4.990000000000004,4.990000000000004,4.990000000000004,4.990000000000004,2.3738181818181814,4.990000000000004,3.185636363636363,3.147999999999999,2.909272727272729,4.405999999999999,4.990000000000004,4.973272727272731,4.990000000000004,4.413272727272727,3.784545454545455,3.908545454545454,4.020727272727273,4.990000000000004,4.990000000000004,4.990000000000004,2.6334545454545464,4.990000000000004,3.4223636363636367,3.1461818181818173,2.9318181818181834,ooyama
3.5283636363636357,4.990000000000004,4.990000000000004,4.990000000000004,4.023272727272728,4.364181818181817,4.491999999999999,4.990000000000004,4.990000000000004,4.990000000000004,4.990000000000004,2.6978181818181834,4.990000000000004,3.108,3.20890909090909,2.983636363636364,4.340545454545453,4.990000000000004,4.862000000000003,4.990000000000004,4.3439999999999985,3.558545454545455,3.8529090909090913,3.961454545454543,4.990000000000004,4.990000000000004,4.990000000000004,2.758363636363637,4.990000000000004,3.706000000000001,3.2309090909090896,2.9830909090909112,ooyama
4.0270909090909095,4.990000000000004,4.990000000000004,4.990000000000004,4.4401818181818165,4.626545454545453,4.990000000000004,4.990000000000004,4.990000000000004,4.990000000000004,4.990000000000004,2.6483636363636363,4.564909090909091,3.431999999999998,3.891818181818182,3.357090909090912,4.427999999999998,4.990000000000004,4.990000000000004,4.990000000000004,4.393454545454544,3.8738181818181863,4.0898181818181865,4.270727272727273,4.990000000000004,4.990000000000004,4.990000000000004,2.6347272727272726,4.990000000000004,3.72072727272727,3.2061818181818165,3.3309090909090924,ooyama
4.03018181818182,4.990000000000004,4.990000000000004,4.990000000000004,4.234000000000001,4.656545454545451,4.990000000000004,4.990000000000004,4.990000000000004,4.990000000000004,4.990000000000004,2.5847272727272728,4.836363636363639,3.420727272727273,3.665272727272728,3.335454545454545,4.422181818181817,4.990000000000004,4.990000000000004,4.990000000000004,4.3152727272727285,3.646363636363635,3.995999999999997,4.1947272727272695,4.990000000000004,4.990000000000004,4.990000000000004,2.6896363636363634,4.990000000000004,3.571272727272727,3.1187272727272743,3.162363636363634,ooyama
4.3660000000000005,4.8900000000000015,4.990000000000004,4.990000000000004,4.3089090909090935,4.6350909090909065,4.990000000000004,4.990000000000004,4.990000000000004,4.990000000000004,4.990000000000004,2.587454545454546,4.455272727272726,3.5647272727272714,3.881818181818182,3.4650909090909083,4.31218181818182,4.990000000000004,4.907454545454544,4.990000000000004,4.412363636363634,3.788545454545456,4.052363636363638,4.2132727272727255,4.990000000000004,4.990000000000004,4.990000000000004,2.7874545454545454,4.990000000000004,3.685090909090909,3.3925454545454565,3.3401818181818195,ooyama
4.26490909090909,4.990000000000004,4.990000000000004,4.990000000000004,4.5010909090909115,4.966545454545456,4.990000000000004,4.990000000000004,4.990000000000004,4.990000000000004,4.990000000000004,2.5707272727272725,4.406545454545455,3.5661818181818186,3.951636363636364,3.5605454545454545,4.464909090909089,4.990000000000004,4.8807272727272695,4.990000000000004,4.404,3.700909090909091,4.023272727272728,4.2123636363636345,4.990000000000004,4.990000000000004,4.990000000000004,2.6369090909090915,4.990000000000004,3.4834545454545456,3.184181818181818,3.358545454545455,ooyama
3.3979999999999984,4.315818181818182,3.7485454545454537,3.958727272727272,2.7258181818181817,2.0525454545454545,2.467999999999999,4.669999999999997,4.974363636363639,4.213090909090907,4.990000000000004,4.990000000000004,4.990000000000004,3.7921818181818208,4.683090909090909,4.303090909090908,3.115454545454547,2.7654545454545447,2.9601818181818165,2.846363636363636,3.3689090909090926,3.440181818181817,4.093454545454549,4.790181818181816,4.8674545454545495,4.990000000000004,4.990000000000004,4.990000000000004,4.990000000000004,4.990000000000004,4.990000000000004,4.990000000000004,okamoto
3.5325454545454544,3.994909090909088,3.8740000000000014,3.969272727272728,2.67618181818182,2.1570909090909107,2.6945454545454544,4.990000000000004,4.646909090909087,4.3632727272727285,4.990000000000004,4.990000000000004,4.990000000000004,3.7578181818181813,4.450727272727272,4.5387272727272725,3.0587272727272743,2.6489090909090898,3.052727272727272,2.9440000000000013,3.0780000000000003,3.332727272727276,4.114363636363638,4.8318181818181865,4.832545454545458,4.990000000000004,4.990000000000004,4.990000000000004,4.990000000000004,4.990000000000004,4.990000000000004,4.990000000000004,okamoto
3.5290909090909084,4.1143636363636364,3.718363636363636,3.84909090909091,2.9072727272727263,2.4085454545454543,2.9612727272727275,4.990000000000004,4.990000000000004,4.774909090909089,4.990000000000004,4.990000000000004,4.990000000000004,3.743272727272726,4.580000000000002,4.515090909090913,3.326545454545456,2.7658181818181826,2.9365454545454552,2.9878181818181826,3.601636363636364,3.654363636363635,4.990000000000004,4.990000000000004,4.990000000000004,4.990000000000004,4.990000000000004,4.990000000000004,4.990000000000004,4.990000000000004,4.990000000000004,4.990000000000004,okamoto
3.912363636363637,4.453090909090905,4.4249090909090905,3.803272727272728,2.8312727272727267,2.5214545454545463,3.6158181818181823,4.990000000000004,4.990000000000004,4.990000000000004,4.990000000000004,4.990000000000004,4.990000000000004,3.8672727272727294,4.801818181818184,4.990000000000004,3.634,2.7538181818181804,2.8994545454545464,3.110181818181817,3.7909090909090906,4.119272727272728,4.990000000000004,4.990000000000004,4.990000000000004,4.990000000000004,4.990000000000004,4.990000000000004,4.990000000000004,4.990000000000004,4.990000000000004,4.990000000000004,okamoto
3.4209090909090905,4.094909090909092,3.7852727272727287,3.87818181818182,2.581454545454544,2.108545454545453,2.449272727272728,4.511454545454545,4.58945454545455,4.1554545454545435,4.990000000000004,4.990000000000004,4.990000000000004,3.6534545454545437,4.401272727272724,4.2087272727272715,3.164727272727272,2.6156363636363644,2.810181818181819,2.974000000000001,3.4749090909090885,3.4558181818181826,4.191454545454545,4.742727272727274,4.806909090909094,4.990000000000004,4.990000000000004,4.990000000000004,4.990000000000004,4.990000000000004,4.990000000000004,4.990000000000004,okamoto
3.184545454545455,4.074909090909092,3.5034545454545456,3.919818181818181,2.880727272727275,2.4441818181818182,2.5605454545454567,4.577454545454543,4.347454545454549,3.983454545454544,4.990000000000004,4.990000000000004,4.990000000000004,3.8272727272727267,4.544545454545457,4.525090909090912,3.120000000000001,2.667636363636363,3.1034545454545466,2.8903636363636376,3.321090909090908,3.4932727272727293,4.042545454545456,4.68381818181818,4.688363636363637,4.990000000000004,4.990000000000004,4.990000000000004,4.990000000000004,4.990000000000004,4.990000000000004,4.990000000000004,okamoto
3.5796363636363626,4.306727272727271,3.735272727272727,3.7399999999999993,2.517818181818184,2.1019999999999985,2.571090909090908,4.9058181818181765,4.506363636363632,3.981272727272728,4.990000000000004,4.990000000000004,4.990000000000004,3.9,4.847272727272732,4.990000000000004,3.0912727272727296,2.847818181818183,3.161090909090907,3.0856363636363664,3.5105454545454537,3.744545454545456,4.285272727272729,4.990000000000004,4.868000000000006,4.990000000000004,4.990000000000004,4.990000000000004,4.990000000000004,4.990000000000004,4.990000000000004,4.990000000000004,okamoto
3.865454545454547,4.388909090909087,4.335454545454545,3.841636363636366,2.3807272727272717,1.9856363636363616,2.5692727272727263,4.990000000000004,4.644727272727268,4.290000000000001,4.990000000000004,4.990000000000004,4.990000000000004,3.820545454545453,4.703818181818184,4.990000000000004,3.1999999999999984,2.6787272727272744,2.8472727272727285,2.9743636363636363,3.442909090909092,3.5869090909090926,4.457636363636358,4.990000000000004,4.990000000000004,4.990000000000004,4.990000000000004,4.990000000000004,4.990000000000004,4.990000000000004,4.990000000000004,4.990000000000004,okamoto
3.799818181818181,4.322545454545455,3.926727272727272,3.760727272727274,2.6385454545454534,2.2750909090909097,2.8270909090909093,4.956727272727276,4.383818181818182,3.868727272727274,4.990000000000004,4.990000000000004,4.990000000000004,3.8912727272727263,4.947454545454549,4.990000000000004,3.085090909090907,2.653636363636365,2.9103636363636385,2.896545454545456,3.4181818181818167,3.578727272727273,4.146545454545457,4.9725454545454575,4.8727272727272775,4.990000000000004,4.990000000000004,4.990000000000004,4.990000000000004,4.990000000000004,4.990000000000004,4.990000000000004,okamoto
3.7589090909090905,4.404545454545454,4.012545454545455,4.0520000000000005,2.642727272727272,2.14509090909091,2.573272727272726,4.8352727272727325,4.5578181818181855,4.133090909090911,4.990000000000004,4.990000000000004,4.990000000000004,3.86018181818182,4.777818181818184,4.990000000000004,3.197636363636362,2.638909090909092,3.1100000000000017,3.0307272727272743,3.440363636363637,3.5485454545454576,4.16872727272727,4.990000000000004,4.990000000000004,4.990000000000004,4.990000000000004,4.990000000000004,4.990000000000004,4.990000000000004,4.990000000000004,4.990000000000004,okamoto
3.8541818181818206,4.414909090909089,4.071272727272728,4.12818181818182,2.7045454545454546,2.3216363636363644,2.732363636363635,4.91581818181818,4.486181818181817,4.150363636363634,4.990000000000004,4.990000000000004,4.990000000000004,3.767090909090909,4.656545454545454,4.948909090909092,3.1376363636363633,2.6489090909090898,2.9025454545454554,2.93909090909091,3.6485454545454514,3.621090909090914,4.425090909090906,4.990000000000004,4.835636363636363,4.990000000000004,4.990000000000004,4.990000000000004,4.990000000000004,4.990000000000004,4.990000000000004,4.990000000000004,okamoto
3.6718181818181814,4.44509090909091,4.101636363636365,4.102363636363637,2.5463636363636364,2.1983636363636365,2.5885454545454545,4.697636363636363,4.401090909090907,4.084363636363637,4.990000000000004,4.990000000000004,4.990000000000004,3.8816363636363596,4.715454545454543,4.9556363636363665,3.0456363636363646,2.454545454545454,2.945636363636364,3.053272727272728,3.73109090909091,3.658181818181816,4.426363636363638,4.990000000000004,4.824,4.990000000000004,4.990000000000004,4.990000000000004,4.990000000000004,4.990000000000004,4.990000000000004,4.990000000000004,okamoto
3.964745762711864,4.369661016949154,4.110000000000002,3.87033898305085,2.8001694915254243,2.358135593220339,2.6955932203389845,4.906610169491524,4.649322033898302,4.34779661016949,4.990000000000005,4.990000000000005,4.990000000000005,3.713050847457626,4.345423728813559,4.717796610169488,3.1030508474576277,2.6159322033898302,2.8411864406779648,2.8993220338983057,3.5694915254237283,3.615593220338985,4.2589830508474575,4.843559322033898,4.990000000000005,4.990000000000005,4.990000000000005,4.990000000000005,4.990000000000005,4.990000000000005,4.990000000000005,4.990000000000005,okamoto
3.701724137931033,4.194310344827584,4.028793103448277,3.7555172413793096,2.4337931034482763,2.0348275862068967,2.4393103448275864,4.865862068965521,4.425689655172412,3.970172413793105,4.990000000000004,4.990000000000004,4.990000000000004,3.7358620689655178,4.347241379310344,4.74344827586207,3.0177586206896563,2.557758620689656,2.83,2.8753448275862064,3.5250000000000017,3.530517241379308,4.190689655172411,4.744482758620689,4.990000000000004,4.990000000000004,4.990000000000004,4.990000000000004,4.990000000000004,4.990000000000004,4.990000000000004,4.990000000000004,okamoto
3.5090909090909093,4.2558181818181815,3.968181818181817,3.769636363636364,2.518545454545455,2.0625454545454542,2.5734545454545437,4.786727272727274,4.426363636363637,3.9160000000000004,4.990000000000004,4.990000000000004,4.990000000000004,3.879272727272729,4.6087272727272754,4.779636363636363,3.1289090909090898,2.6610909090909085,2.96309090909091,2.986727272727272,3.4070909090909085,3.5872727272727274,4.234727272727272,4.990000000000004,4.934363636363632,4.990000000000004,4.990000000000004,4.990000000000004,4.990000000000004,4.990000000000004,4.990000000000004,4.990000000000004,okamoto
3.448181818181817,4.412363636363633,3.9498181818181815,3.8412727272727283,2.6898181818181808,2.1914545454545467,2.689272727272728,4.929272727272721,4.548000000000002,4.169090909090907,4.990000000000004,4.990000000000004,4.990000000000004,3.7223636363636334,4.469818181818182,4.890545454545455,3.026909090909091,2.7483636363636386,2.9650909090909066,2.9470909090909108,3.431454545454545,3.6176363636363655,4.191272727272727,4.942545454545455,4.990000000000004,4.990000000000004,4.990000000000004,4.990000000000004,4.990000000000004,4.990000000000004,4.990000000000004,4.990000000000004,okamoto
4.803272727272732,4.561636363636365,4.60818181818182,3.7603636363636346,2.9109090909090902,2.7270909090909083,3.2327272727272747,4.990000000000004,4.990000000000004,4.975090909090911,4.990000000000004,4.990000000000004,4.990000000000004,3.814181818181819,4.874727272727271,4.7558181818181815,3.769818181818184,2.7494545454545447,3.2243636363636354,3.03109090909091,3.7780000000000014,3.773818181818184,4.990000000000004,4.990000000000004,4.990000000000004,4.990000000000004,4.990000000000004,4.990000000000004,4.990000000000004,4.990000000000004,4.990000000000004,4.990000000000004,okamoto
4.1198181818181805,4.461272727272728,4.175454545454543,3.8329090909090917,2.947272727272728,2.5181818181818194,2.9454545454545458,4.990000000000004,4.778181818181818,4.400909090909089,4.990000000000004,4.990000000000004,4.990000000000004,3.8141818181818175,4.429999999999998,4.812363636363638,3.2458181818181813,2.6878181818181828,2.9732727272727275,3.140545454545455,3.5858181818181825,3.647090909090908,4.417454545454545,4.9670909090909126,4.990000000000004,4.990000000000004,4.990000000000004,4.990000000000004,4.990000000000004,4.990000000000004,4.990000000000004,4.990000000000004,okamoto
4.7383333333333315,4.466666666666666,3.9945000000000017,2.5625,4.990000000000005,4.990000000000005,4.990000000000005,4.990000000000005,4.990000000000005,4.990000000000005,4.990000000000005,3.9386666666666663,4.990000000000005,4.990000000000005,4.990000000000005,4.990000000000005,4.207999999999998,4.853166666666668,3.988166666666668,3.475666666666663,4.036000000000001,4.001333333333331,4.990000000000005,4.990000000000005,4.990000000000005,4.990000000000005,4.990000000000005,3.4536666666666656,4.990000000000005,4.990000000000005,4.990000000000005,4.990000000000005,kajiwara
4.778813559322033,4.235084745762711,3.641525423728814,2.3684745762711867,4.534237288135593,4.463898305084747,4.990000000000005,4.990000000000005,4.990000000000005,4.990000000000005,4.990000000000005,3.3661016949152547,4.990000000000005,4.990000000000005,4.990000000000005,4.990000000000005,4.123389830508478,4.140338983050849,3.4147457627118625,3.3288135593220334,3.673559322033897,3.68457627118644,4.191525423728817,4.653220338983053,4.990000000000005,4.990000000000005,4.990000000000005,4.960338983050852,4.990000000000005,4.583559322033898,4.990000000000005,4.990000000000005,kajiwara
4.480727272727271,3.685090909090909,2.496545454545454,1.9796363636363632,3.2809090909090917,3.0863636363636364,3.8592727272727285,4.990000000000004,4.5094545454545445,4.469272727272727,4.990000000000004,4.990000000000004,4.990000000000004,4.594727272727273,4.990000000000004,4.532909090909092,3.8581818181818175,3.2067272727272726,2.5061818181818185,2.455818181818181,3.008545454545456,3.1189090909090917,3.2538181818181817,3.728727272727273,4.990000000000004,4.990000000000004,4.990000000000004,4.990000000000004,4.990000000000004,4.990000000000004,4.2992727272727285,4.581636363636366,kajiwara
4.518909090909091,4.120545454545457,2.695818181818181,1.9358181818181823,4.374000000000004,4.045454545454547,4.990000000000004,4.990000000000004,4.990000000000004,4.990000000000004,4.990000000000004,4.990000000000004,4.990000000000004,4.990000000000004,4.990000000000004,4.990000000000004,4.150909090909091,3.579090909090909,3.1598181818181823,2.780909090909092,3.4512727272727277,3.5952727272727296,3.9958181818181813,4.4756363636363625,4.990000000000004,4.990000000000004,4.990000000000004,4.990000000000004,4.990000000000004,4.990000000000004,4.990000000000004,4.990000000000004,kajiwara
4.365454545454544,3.9998181818181817,2.524,1.731818181818182,3.731272727272728,3.8863636363636367,4.990000000000004,4.990000000000004,4.567818181818184,4.78327272727273,4.990000000000004,4.97945454545455,4.990000000000004,4.990000000000004,4.990000000000004,4.990000000000004,3.9550909090909085,3.2856363636363626,2.9996363636363634,2.7172727272727286,3.0470909090909086,3.064727272727272,3.542,3.7079999999999993,4.990000000000004,4.990000000000004,4.990000000000004,4.990000000000004,4.990000000000004,4.990000000000004,4.938181818181822,4.751272727272725,kajiwara
4.280727272727273,4.06909090909091,2.575818181818182,1.6630909090909085,3.71218181818182,4.021818181818179,4.990000000000004,4.990000000000004,4.990000000000004,4.990000000000004,4.990000000000004,4.968000000000004,4.990000000000004,4.990000000000004,4.990000000000004,4.990000000000004,4.026545454545456,3.202545454545453,3.242181818181817,2.8701818181818197,3.2700000000000014,3.233636363636363,3.7749090909090897,3.959272727272728,4.990000000000004,4.990000000000004,4.990000000000004,4.990000000000004,4.990000000000004,4.656545454545452,4.990000000000004,4.990000000000004,kajiwara
4.759272727272727,4.7381818181818165,3.556,2.1925454545454546,4.664363636363635,4.7770909090909095,4.990000000000004,4.990000000000004,4.990000000000004,4.990000000000004,4.990000000000004,4.475636363636363,4.990000000000004,4.990000000000004,4.990000000000004,4.990000000000004,4.2174545454545465,4.000545454545456,3.262000000000002,3.012545454545454,3.659454545454544,3.779090909090909,4.041454545454546,4.590909090909093,4.990000000000004,4.990000000000004,4.990000000000004,4.990000000000004,4.990000000000004,4.990000000000004,4.990000000000004,4.990000000000004,kajiwara
4.486363636363637,4.437090909090907,3.4701818181818176,2.0985454545454543,4.470909090909092,4.411272727272724,4.990000000000004,4.990000000000004,4.990000000000004,4.990000000000004,4.990000000000004,4.990000000000004,4.990000000000004,4.990000000000004,4.990000000000004,4.990000000000004,4.049454545454545,4.064545454545455,3.288363636363638,2.859454545454545,3.5887272727272763,3.6732727272727246,4.000000000000003,4.559090909090916,4.990000000000004,4.990000000000004,4.990000000000004,4.990000000000004,4.990000000000004,4.990000000000004,4.990000000000004,4.990000000000004,kajiwara
4.990000000000004,4.7187272727272696,3.8412727272727296,2.2734545454545456,4.2896363636363635,4.193272727272725,4.990000000000004,4.990000000000004,4.990000000000004,4.990000000000004,4.990000000000004,4.990000000000004,4.990000000000004,4.990000000000004,4.990000000000004,4.990000000000004,4.1419999999999995,4.066000000000002,3.589272727272728,3.194545454545454,3.650181818181817,3.607090909090908,4.158181818181817,4.579272727272733,4.990000000000004,4.990000000000004,4.990000000000004,4.990000000000004,4.990000000000004,4.990000000000004,4.990000000000004,4.990000000000004,kajiwara
4.276181818181821,4.390181818181815,2.920363636363636,1.7687272727272751,3.3790909090909085,3.604909090909089,4.990000000000004,4.990000000000004,4.990000000000004,4.990000000000004,4.990000000000004,4.990000000000004,4.990000000000004,4.990000000000004,4.990000000000004,4.990000000000004,3.903999999999999,3.3469090909090924,3.2692727272727296,3.0589090909090912,3.233636363636364,3.236727272727272,3.605454545454547,3.8080000000000016,4.990000000000004,4.990000000000004,4.990000000000004,4.990000000000004,4.990000000000004,4.493090909090912,4.381818181818178,4.863636363636368,kajiwara
4.765999999999999,4.6220000000000026,3.164181818181817,2.12090909090909,3.549090909090909,3.6205454545454563,4.990000000000004,4.990000000000004,4.990000000000004,4.990000000000004,4.990000000000004,4.990000000000004,4.990000000000004,4.822,4.990000000000004,4.9689090909090945,4.094363636363638,3.3705454545454527,3.216181818181818,2.6836363636363645,3.371090909090908,3.4458181818181823,3.814545454545455,3.8861818181818206,4.990000000000004,4.990000000000004,4.990000000000004,4.990000000000004,4.990000000000004,4.990000000000004,4.990000000000004,4.760727272727271,kajiwara
4.980909090909095,4.6943636363636365,3.7945454545454544,2.223090909090909,4.061818181818183,3.9767272727272727,4.990000000000004,4.990000000000004,4.990000000000004,4.990000000000004,4.990000000000004,4.990000000000004,4.990000000000004,4.990000000000004,4.990000000000004,4.990000000000004,4.171272727272725,3.809818181818183,3.4078181818181803,3.0976363636363637,3.6492727272727263,3.656909090909089,3.921818181818181,4.350545454545456,4.990000000000004,4.990000000000004,4.990000000000004,4.990000000000004,4.990000000000004,4.544363636363633,4.990000000000004,4.990000000000004,kajiwara
4.843090909090911,4.9012727272727314,4.03709090909091,2.4425454545454537,3.613636363636364,3.9303636363636367,4.990000000000004,4.990000000000004,4.990000000000004,4.990000000000004,4.990000000000004,3.9578181818181815,4.990000000000004,4.990000000000004,4.990000000000004,4.990000000000004,4.181272727272726,4.1607272727272715,3.419818181818181,3.251818181818181,3.5310909090909086,3.633272727272728,3.9936363636363623,4.206,4.990000000000004,4.990000000000004,4.990000000000004,4.990000000000004,4.990000000000004,4.65509090909091,4.990000000000004,4.990000000000004,kajiwara
4.990000000000004,4.789636363636367,3.879999999999999,2.6070909090909096,3.5578181818181838,3.5374545454545467,4.990000000000004,4.990000000000004,4.990000000000004,4.990000000000004,4.990000000000004,3.613454545454547,4.990000000000004,4.990000000000004,4.990000000000004,4.990000000000004,4.205454545454543,3.933454545454543,3.5101818181818167,3.4361818181818182,3.562000000000001,3.4841818181818183,3.863090909090911,3.9843636363636383,4.990000000000004,4.990000000000004,4.990000000000004,4.990000000000004,4.990000000000004,4.171818181818182,4.719272727272728,4.990000000000004,kajiwara
4.766250000000002,4.654464285714283,4.1566071428571405,2.569821428571428,4.020178571428572,4.05339285714286,4.990000000000004,4.990000000000004,4.990000000000004,4.990000000000004,4.990000000000004,3.43875,4.990000000000004,4.990000000000004,4.990000000000004,4.990000000000004,4.230892857142855,3.913035714285716,3.624642857142859,3.2946428571428563,3.721785714285716,3.765535714285716,3.961785714285714,4.599464285714283,4.990000000000004,4.990000000000004,4.990000000000004,4.990000000000004,4.990000000000004,4.580535714285719,4.9635714285714325,4.990000000000004,kajiwara
4.509464285714287,4.456071428571429,4.100714285714289,2.426607142857143,4.411071428571427,4.990000000000004,4.990000000000004,4.990000000000004,4.990000000000004,4.990000000000004,4.990000000000004,4.990000000000004,4.990000000000004,4.990000000000004,4.990000000000004,4.990000000000004,4.219642857142857,4.317678571428574,3.3191071428571433,3.2519642857142865,3.934464285714284,3.886071428571429,4.493214285714285,4.791607142857143,4.990000000000004,4.990000000000004,4.990000000000004,4.990000000000004,4.990000000000004,4.990000000000004,4.990000000000004,4.990000000000004,kajiwara
3.0936363636363646,4.170363636363632,4.22472727272727,3.916181818181816,3.360545454545456,3.0940000000000025,3.2761818181818185,4.990000000000004,4.990000000000004,4.990000000000004,4.990000000000004,4.990000000000004,4.152727272727272,3.257272727272727,3.7370909090909086,3.404363636363637,3.514000000000004,3.387999999999998,3.4861818181818167,3.4265454545454563,3.5889090909090893,3.5296363636363637,3.9067272727272733,3.986727272727272,4.990000000000004,4.990000000000004,4.990000000000004,4.147636363636363,4.990000000000004,4.990000000000004,4.6983636363636325,3.815454545454545,fujii
3.1681818181818198,4.066727272727274,3.9767272727272736,3.891818181818181,3.459999999999998,3.1674545454545435,3.971090909090909,4.990000000000004,4.990000000000004,4.990000000000004,4.990000000000004,4.990000000000004,4.990000000000004,3.584363636363636,3.8754545454545433,4.030545454545458,3.3816363636363613,3.3349090909090897,3.5885454545454563,3.448363636363637,3.653818181818184,3.6227272727272712,4.033636363636363,4.192727272727272,4.990000000000004,4.990000000000004,4.990000000000004,4.416,4.990000000000004,4.990000000000004,4.936181818181818,3.9694545454545462,fujii
3.356363636363638,4.327454545454544,4.4205454545454534,4.147090909090907,3.519272727272728,2.9265454545454537,3.0932727272727285,4.705272727272723,4.990000000000004,4.990000000000004,4.990000000000004,4.990000000000004,4.821454545454545,3.2458181818181817,3.2694545454545474,3.3152727272727263,3.573090909090906,3.5036363636363625,3.4598181818181817,3.6092727272727267,3.7456363636363625,3.544545454545454,3.9321818181818164,3.9321818181818182,4.990000000000004,4.990000000000004,4.990000000000004,4.990000000000004,4.990000000000004,4.990000000000004,4.45890909090909,3.8476363636363637,fujii
3.15290909090909,4.342181818181822,4.538909090909088,4.248545454545455,3.611636363636363,3.1425454545454543,3.525636363636365,4.990000000000004,4.990000000000004,4.990000000000004,4.990000000000004,4.981090909090913,4.629818181818179,3.5187272727272743,3.6090909090909102,3.53927272727273,3.4281818181818178,3.2309090909090896,3.7065454545454544,3.586545454545459,3.6672727272727252,3.6112727272727287,3.870727272727276,3.8836363636363647,4.990000000000004,4.990000000000004,4.990000000000004,4.819272727272731,4.990000000000004,4.990000000000004,4.857636363636366,3.855272727272728,fujii
3.136,4.320727272727273,4.316727272727274,3.9994545454545456,3.212,2.6405454545454554,2.875454545454545,4.723272727272729,4.990000000000004,4.646909090909093,4.990000000000004,4.990000000000004,4.960363636363637,3.2689090909090908,3.4319999999999995,3.734545454545456,3.2430909090909084,3.2374545454545456,3.3778181818181836,3.5329090909090923,3.702909090909088,3.5567272727272723,3.9358181818181808,3.9065454545454537,4.990000000000004,4.990000000000004,4.990000000000004,4.990000000000004,4.990000000000004,4.990000000000004,4.826727272727274,4.011272727272728,fujii
3.048000000000003,4.3250909090909095,4.250363636363634,4.0476363636363635,3.359272727272728,2.8743636363636362,3.22909090909091,4.78981818181818,4.990000000000004,4.405636363636363,4.990000000000004,4.489090909090909,4.939454545454549,3.320363636363635,3.6852727272727273,3.848363636363637,3.1840000000000006,3.1860000000000004,3.4410909090909083,3.4769090909090905,3.4885454545454566,3.326363636363636,3.772363636363633,3.7572727272727264,4.990000000000004,4.990000000000004,4.990000000000004,4.354909090909092,4.990000000000004,4.990000000000004,4.654181818181815,3.922545454545451,fujii
3.2949090909090915,4.368363636363637,4.1587272727272735,3.827636363636364,3.3243636363636364,3.0054545454545463,3.3458181818181814,4.990000000000004,4.990000000000004,4.990000000000004,4.990000000000004,3.9081818181818178,4.179454545454545,3.2900000000000014,3.4958181818181826,3.5400000000000005,3.380181818181818,3.6023636363636364,3.6536363636363625,3.5736363636363624,3.658363636363637,3.7118181818181815,3.966,3.970727272727272,4.990000000000004,4.990000000000004,4.990000000000004,3.164,4.990000000000004,4.990000000000004,4.741636363636365,4.099636363636363,fujii
3.0138181818181806,4.236727272727273,4.133454545454546,3.8758181818181847,3.4052727272727275,3.0952727272727283,3.4718181818181817,4.990000000000004,4.990000000000004,4.867454545454547,4.990000000000004,3.8505454545454536,4.850363636363637,3.574909090909093,3.546909090909092,3.4789090909090903,3.4690909090909083,3.3838181818181843,3.592545454545455,3.5649090909090897,3.645999999999998,3.5719999999999965,3.9090909090909087,3.8850909090909123,4.990000000000004,4.990000000000004,4.990000000000004,4.187636363636363,4.990000000000004,4.990000000000004,4.5218181818181815,3.847090909090911,fujii
3.3603508771929818,4.2482456140350875,4.325263157894734,3.930701754385965,3.5866666666666687,3.1621052631578963,3.6361403508771937,4.990000000000004,4.990000000000004,4.990000000000004,4.990000000000004,4.985789473684214,4.68157894736842,3.4782456140350875,3.706140350877195,3.7940350877193,3.625964912280703,3.7029824561403473,3.75140350877193,3.7800000000000007,3.788596491228069,3.688771929824562,4.010877192982455,4.126315789473685,4.990000000000004,4.990000000000004,4.990000000000004,4.357543859649127,4.990000000000004,4.990000000000004,4.597017543859651,4.18438596491228,fujii
2.977368421052631,4.250175438596493,4.2815789473684225,3.7180701754385934,3.2617543859649123,2.867719298245613,3.1308771929824535,4.785789473684213,4.990000000000004,4.5189473684210535,4.990000000000004,4.990000000000004,4.990000000000004,3.3901754385964886,3.622280701754388,3.703684210526315,3.2685964912280707,3.3501754385964917,3.5566666666666693,3.5771929824561397,3.74701754385965,3.555964912280704,3.9243859649122768,4.0142105263157895,4.990000000000004,4.990000000000004,4.990000000000004,4.990000000000004,4.990000000000004,4.990000000000004,4.836666666666669,3.9689473684210532,fujii
3.221272727272728,4.340363636363638,4.390909090909088,3.841636363636364,3.2443636363636355,2.8852727272727274,3.167999999999999,4.990000000000004,4.990000000000004,4.990000000000004,4.990000000000004,4.990000000000004,4.990000000000004,3.3029090909090915,3.618181818181817,3.769818181818178,3.4579999999999997,3.4325454545454543,3.643272727272724,3.676181818181818,3.867272727272733,3.6127272727272737,3.9434545454545455,4.0369090909090914,4.990000000000004,4.990000000000004,4.990000000000004,4.990000000000004,4.990000000000004,4.990000000000004,4.759636363636362,3.937818181818181,fujii
3.1072727272727274,4.240363636363635,4.436909090909087,3.9641818181818183,3.3476363636363637,2.8541818181818184,3.1272727272727288,4.835636363636365,4.990000000000004,4.697454545454542,4.990000000000004,4.990000000000004,4.990000000000004,3.394727272727272,3.5798181818181827,3.5918181818181827,3.376000000000001,3.3265454545454545,3.7014545454545433,3.708545454545453,3.9818181818181793,3.669090909090909,3.879818181818184,3.950363636363635,4.990000000000004,4.990000000000004,4.990000000000004,4.990000000000004,4.990000000000004,4.990000000000004,4.516727272727276,3.784545454545455,fujii
3.0536363636363637,4.060545454545456,4.279636363636366,3.7947272727272727,3.227636363636364,2.6643636363636354,2.983272727272727,4.759090909090907,4.990000000000004,4.338181818181823,4.990000000000004,4.990000000000004,4.990000000000004,3.515272727272727,3.748545454545455,3.693090909090908,3.2416363636363643,3.1220000000000017,3.686727272727273,3.7381818181818187,3.815999999999998,3.5701818181818137,3.786363636363636,3.904363636363639,4.990000000000004,4.990000000000004,4.990000000000004,4.990000000000004,4.990000000000004,4.990000000000004,4.522727272727273,3.9809090909090887,fujii
3.105636363636364,4.0856363636363655,4.173454545454542,3.7165454545454537,3.0920000000000027,2.9279999999999986,3.24490909090909,4.7421818181818205,4.5443636363636335,3.981090909090908,4.990000000000004,4.990000000000004,4.990000000000004,3.37781818181818,3.6359999999999983,3.9607272727272718,3.2950909090909097,3.2619999999999987,3.5758181818181805,3.5850909090909098,3.733636363636366,3.6305454545454534,3.821454545454544,4.032363636363637,4.990000000000004,4.990000000000004,4.990000000000004,4.990000000000004,4.990000000000004,4.990000000000004,4.990000000000004,4.157999999999996,fujii
2.7334545454545456,4.083636363636365,3.7614545454545447,3.539454545454546,3.0081818181818187,2.609272727272727,3.230727272727272,4.60181818181818,4.558727272727277,4.360363636363638,4.990000000000004,4.990000000000004,4.990000000000004,3.394181818181817,3.59218181818182,3.4490909090909074,3.144363636363635,3.0938181818181825,3.3720000000000008,3.5669090909090886,3.473454545454545,3.4985454545454564,3.8161818181818186,3.8410909090909136,4.990000000000004,4.990000000000004,4.990000000000004,4.990000000000004,4.990000000000004,4.990000000000004,4.5818181818181865,3.9250909090909096,fujii
2.9398181818181817,4.341454545454549,4.106363636363638,3.9974545454545463,3.4579999999999984,3.1334545454545464,3.9298181818181783,4.990000000000004,4.868363636363641,4.79909090909091,4.990000000000004,4.990000000000004,4.990000000000004,3.57418181818182,3.7481818181818176,3.5138181818181837,3.2818181818181813,3.206727272727272,3.602727272727273,3.605272727272725,3.6123636363636367,3.3320000000000016,3.693090909090911,3.741454545454542,4.990000000000004,4.990000000000004,4.990000000000004,4.990000000000004,4.990000000000004,4.765272727272729,4.3590909090909085,3.5158181818181813,fujii
3.9028813559322018,4.36288135593221,4.3137288135593215,3.9703389830508464,3.683389830508476,3.240000000000003,3.4410169491525413,4.990000000000005,4.990000000000005,4.990000000000005,4.990000000000005,4.990000000000005,4.338135593220342,3.3972881355932194,3.696779661016948,3.580338983050848,3.5349152542372875,3.5552542372881373,3.6057627118644047,3.6062711864406785,3.5198305084745787,3.4623728813559334,3.8515254237288095,3.8208474576271145,4.990000000000005,4.990000000000005,4.990000000000005,4.5735593220339,4.990000000000005,4.990000000000005,4.257796610169492,3.842033898305084,fujii
3.383000000000003,4.352833333333334,4.277666666666668,3.7781666666666682,3.345666666666668,2.9133333333333318,3.3263333333333303,4.793666666666666,4.990000000000005,4.5456666666666665,4.990000000000005,4.990000000000005,4.990000000000005,3.5385,3.5618333333333343,3.6639999999999993,3.3938333333333293,3.2451666666666688,3.6546666666666696,3.4624999999999986,3.578333333333332,3.392166666666665,3.8713333333333377,3.8555,4.990000000000005,4.990000000000005,4.990000000000005,4.990000000000005,4.990000000000005,4.990000000000005,4.4534999999999965,3.778333333333333,fujii
3.437543859649125,4.5138596491228045,4.499649122807019,4.35245614035088,3.3817543859649097,3.1722807017543846,3.2954385964912283,4.880701754385961,4.990000000000004,4.990000000000004,4.990000000000004,4.990000000000004,4.500350877192981,3.4656140350877203,3.7082456140350866,3.487719298245612,3.491228070175436,3.4864912280701734,3.771228070175437,3.724210526315789,3.881403508771928,3.8101754385964943,3.9747368421052633,3.923684210526314,4.990000000000004,4.990000000000004,4.990000000000004,4.990000000000004,4.990000000000004,4.990000000000004,4.798771929824562,3.973859649122806,fujii
3.2037931034482767,4.27637931034483,4.415344827586203,4.078275862068966,3.229827586206896,2.8877586206896555,3.1520689655172385,4.705517241379309,4.990000000000004,4.454310344827586,4.990000000000004,4.990000000000004,4.990000000000004,3.3529310344827588,3.584827586206898,3.502413793103448,3.342586206896553,3.0503448275862093,3.507068965517244,3.6599999999999993,3.809827586206896,3.595000000000003,3.887413793103447,3.9170689655172404,4.990000000000004,4.990000000000004,4.990000000000004,4.990000000000004,4.990000000000004,4.990000000000004,4.956206896551728,3.8679310344827598,fujii
2.6567272727272724,3.3240000000000003,2.3030909090909093,1.467090909090909,2.772,3.294727272727273,4.990000000000004,4.990000000000004,4.5516363636363675,4.285272727272729,4.990000000000004,4.990000000000004,4.990000000000004,4.990000000000004,4.990000000000004,4.899454545454546,3.6332727272727285,3.5845454545454536,3.5063636363636337,3.0489090909090923,2.6301818181818164,2.881636363636363,2.9814545454545462,3.4574545454545462,4.990000000000004,4.990000000000004,4.990000000000004,4.990000000000004,4.990000000000004,3.8889090909090895,4.090181818181819,4.659999999999998,matsuda
2.2570909090909104,2.7087272727272707,2.4629090909090894,1.9521818181818202,2.998,3.5612727272727267,4.990000000000004,4.990000000000004,4.5918181818181845,4.317454545454547,4.990000000000004,4.990000000000004,4.990000000000004,4.990000000000004,4.990000000000004,4.990000000000004,3.484545454545453,3.760181818181818,3.748545454545456,2.9296363636363645,2.8705454545454536,2.983090909090908,3.2241818181818167,3.7560000000000007,4.990000000000004,4.990000000000004,4.990000000000004,4.990000000000004,4.990000000000004,3.8665454545454567,4.1803636363636345,4.695090909090905,matsuda
2.848363636363637,2.8427272727272728,2.760545454545455,2.096,2.772363636363637,3.0121818181818183,4.177454545454543,4.990000000000004,4.382727272727273,4.560181818181818,4.990000000000004,4.990000000000004,4.990000000000004,4.990000000000004,4.990000000000004,4.591454545454545,3.238363636363636,3.606363636363636,3.5272727272727287,2.92181818181818,2.7278181818181806,2.849090909090912,2.9834545454545456,3.4227272727272724,4.813636363636364,4.990000000000004,4.990000000000004,4.990000000000004,4.990000000000004,4.155818181818181,4.022363636363639,4.626727272727272,matsuda
2.967454545454546,3.1452727272727268,2.7880000000000007,2.1545454545454548,2.3869090909090924,2.8040000000000007,3.961818181818181,4.990000000000004,4.316909090909092,4.302727272727273,4.990000000000004,4.990000000000004,4.990000000000004,4.522000000000002,4.990000000000004,4.428909090909089,3.5883636363636366,3.8529090909090926,3.783636363636365,3.024363636363636,2.4196363636363647,2.589454545454547,2.6841818181818184,3.2341818181818165,4.990000000000004,4.990000000000004,4.990000000000004,4.990000000000004,4.990000000000004,3.7303636363636334,3.891818181818181,4.1472727272727266,matsuda
2.9087272727272726,3.1663636363636374,2.857636363636363,2.0029090909090908,2.6530909090909094,2.904545454545456,3.936363636363637,4.990000000000004,4.449636363636363,4.354363636363637,4.990000000000004,4.990000000000004,4.990000000000004,4.577454545454546,4.852181818181818,4.4127272727272695,3.3458181818181827,3.323818181818183,3.314545454545455,2.9436363636363647,2.699818181818181,2.9063636363636385,2.8803636363636365,3.4083636363636374,4.980181818181821,4.990000000000004,4.990000000000004,4.990000000000004,4.990000000000004,3.914545454545456,3.9427272727272715,4.35618181818182,matsuda
3.138181818181818,3.2167272727272724,2.589454545454546,1.5692727272727272,2.285454545454546,2.759636363636365,4.112727272727272,4.990000000000004,4.410000000000001,4.218909090909091,4.990000000000004,4.990000000000004,4.990000000000004,4.7309090909090905,4.990000000000004,4.454727272727269,3.342363636363637,3.5627272727272747,3.606727272727274,2.8623636363636367,2.281090909090909,2.6100000000000008,2.7249090909090907,3.1829090909090896,4.975636363636367,4.990000000000004,4.990000000000004,4.990000000000004,4.990000000000004,3.4658181818181815,3.634545454545453,3.8974545454545457,matsuda
3.0456363636363637,3.266545454545456,2.353454545454545,1.9687272727272724,2.581454545454545,2.682545454545457,4.014545454545455,4.990000000000004,4.504727272727274,4.814,4.990000000000004,4.990000000000004,4.990000000000004,4.990000000000004,4.990000000000004,4.5607272727272745,3.908,4.196181818181817,3.8385454545454563,2.985999999999999,2.5027272727272734,2.6283636363636367,2.6979999999999986,3.1741818181818178,4.990000000000004,4.990000000000004,4.221454545454546,4.990000000000004,4.990000000000004,3.4881818181818174,3.7254545454545456,4.5509090909090935,matsuda
2.7065454545454544,2.9590909090909068,2.771272727272728,1.992363636363635,2.577454545454545,3.1481818181818184,4.445636363636363,4.990000000000004,4.40072727272727,4.263636363636364,4.990000000000004,4.990000000000004,4.990000000000004,4.621636363636362,4.990000000000004,4.473818181818183,3.221272727272727,3.55018181818182,3.5632727272727287,2.8383636363636366,2.4109090909090902,2.7372727272727264,2.9258181818181805,3.481454545454545,4.990000000000004,4.990000000000004,4.990000000000004,4.990000000000004,4.990000000000004,4.294000000000001,4.003272727272727,4.393272727272724,matsuda
3.1180000000000017,3.273818181818183,2.842363636363636,1.894363636363636,2.71581818181818,2.782363636363637,3.8449090909090913,4.990000000000004,4.536363636363637,4.35509090909091,4.990000000000004,4.990000000000004,4.990000000000004,4.593818181818183,4.990000000000004,4.663999999999998,3.654545454545456,3.423636363636364,3.4223636363636363,3.006727272727272,2.7276363636363614,2.8690909090909114,3.1954545454545453,3.455272727272725,4.990000000000004,4.990000000000004,4.990000000000004,4.990000000000004,4.990000000000004,4.461454545454545,4.357272727272728,4.657999999999999,matsuda
3.7465454545454544,3.3699999999999988,3.2109090909090914,2.243272727272727,2.3905454545454545,2.5945454545454543,3.383090909090908,4.743636363636368,4.427454545454543,4.391636363636361,4.990000000000004,4.990000000000004,4.990000000000004,4.314000000000001,4.791454545454545,4.257818181818182,3.7239999999999993,3.744909090909091,3.726181818181817,3.282545454545456,2.7109090909090914,2.6981818181818187,2.7750909090909093,3.2565454545454537,4.990000000000004,4.990000000000004,4.990000000000004,4.990000000000004,4.990000000000004,4.012363636363637,3.7054545454545447,4.073454545454545,matsuda
2.363454545454546,3.109454545454545,2.5776363636363633,1.8385454545454536,2.9487272727272718,3.2421818181818165,4.702727272727274,4.990000000000004,4.604727272727272,4.517636363636362,4.990000000000004,4.990000000000004,4.990000000000004,4.865454545454547,4.990000000000004,4.716181818181818,3.5596363636363657,3.7201818181818176,3.5529090909090915,2.93418181818182,2.7449090909090907,2.9916363636363625,3.2987272727272727,3.5885454545454545,4.990000000000004,4.990000000000004,4.990000000000004,4.990000000000004,4.990000000000004,4.371090909090912,4.390363636363636,4.665999999999997,matsuda
2.7950909090909084,2.978000000000001,2.6456363636363647,1.8790909090909087,2.6261818181818186,2.9583636363636363,4.790909090909093,4.990000000000004,4.66781818181818,4.493818181818182,4.990000000000004,4.990000000000004,4.990000000000004,4.990000000000004,4.990000000000004,4.6503636363636325,3.604181818181817,4.155999999999999,3.7940000000000023,3.133272727272725,2.6845454545454546,2.8952727272727263,3.050727272727272,3.4205454545454543,4.990000000000004,4.990000000000004,4.990000000000004,4.990000000000004,4.990000000000004,3.634909090909087,3.8792727272727268,4.6585454545454565,matsuda
3.257272727272727,3.3089090909090917,2.81709090909091,2.342909090909091,2.6645454545454563,2.6369090909090924,3.6301818181818217,4.990000000000004,4.632909090909088,4.774,4.990000000000004,4.990000000000004,4.990000000000004,4.280545454545455,4.990000000000004,4.296545454545455,3.6214545454545446,3.8025454545454536,3.562727272727274,3.0903636363636364,2.7683636363636364,2.8396363636363633,2.740727272727272,3.2447272727272733,4.990000000000004,4.990000000000004,4.990000000000004,4.990000000000004,4.990000000000004,3.378000000000001,3.748363636363637,4.5058181818181815,matsuda
2.645272727272729,2.8667272727272715,2.678545454545455,1.9276363636363645,2.597636363636364,2.9139999999999997,4.236727272727272,4.990000000000004,4.398909090909089,4.156363636363635,4.990000000000004,4.990000000000004,4.990000000000004,4.55818181818182,4.503636363636363,4.300727272727274,3.3909090909090898,3.789818181818183,3.4338181818181828,2.8945454545454536,2.771454545454545,2.7485454545454555,2.873272727272727,3.35418181818182,4.990000000000004,4.990000000000004,4.990000000000004,4.990000000000004,4.990000000000004,3.597636363636366,3.893454545454545,4.238,matsuda
