timestamp,pulse
0.44,471
0.872,470
1.304,468
1.784,466
2.264,465
2.736,464
3.224,462
7.02,457
13.972,458
21.616,466
29.26,481
36.904,490
44.552,507
52.196,510
59.84,515
67.484,516
75.132,518
82.776,521
90.42,519
98.064,514
105.712,508
114.052,504
122.392,505
130.732,498
139.072,493
147.412,489
155.752,488
164.092,494
172.432,490
180.772,489
189.112,488
197.452,492
205.792,498
214.132,493
222.472,489
230.812,486
239.152,483
247.492,487
255.832,479
264.172,475
272.512,473
280.852,475
289.192,474
297.532,471
305.872,467
314.212,468
322.552,471
330.892,471
339.232,466
347.572,467
355.912,466
364.252,473
372.592,475
380.936,483
389.272,494
397.612,513
405.952,542
414.292,566
422.632,594
430.972,626
439.316,658
447.652,692
455.992,713
464.332,732
472.672,746
481.012,759
489.352,759
497.692,752
506.032,743
514.372,730
522.712,715
531.052,696
539.392,669
547.732,646
556.072,623
564.412,606
572.752,577
581.092,555
589.432,532
597.772,513
606.112,501
614.452,481
622.792,464
631.132,454
639.472,446
647.812,446
656.152,437
664.492,436
672.832,437
681.172,444
689.512,449
697.852,455
706.192,461
714.532,469
722.872,480
731.212,487
739.552,490
747.892,496
756.232,497
764.572,508
772.912,504
781.252,504
789.592,504
797.932,505
806.272,509
814.612,504
822.952,500
831.292,499
839.632,498
847.972,498
856.312,489
864.652,485
872.992,481
881.332,481
889.672,478
898.012,472
906.352,467
914.692,465
923.032,464
931.372,461
939.712,455
948.052,455
956.392,454
964.732,460
973.072,455
981.412,454
989.752,453
998.092,456
1006.432,462
1015.464,458
1024.5,459
1033.536,461
1042.572,469
1051.604,467
1060.64,468
1069.676,467
1078.712,469
1087.744,472
1096.78,470
1105.816,466
1114.852,468
1123.884,471
1132.92,468
1141.956,466
1150.996,465
1160.024,468
1169.06,469
1178.096,472
1187.132,477
1196.164,494
1205.2,517
1214.236,539
1223.272,568
1232.304,603
1241.34,639
1250.376,670
1259.412,694
1268.444,713
1277.48,728
1286.516,735
1295.552,728
1304.592,713
1313.62,697
1322.656,677
1331.692,652
1340.724,622
1349.76,596
1358.796,571
1367.832,551
1376.864,526
1385.9,505
1394.936,489
1403.972,478
1413.004,464
1422.04,449
1431.076,442
1440.112,435
1449.144,435
1458.188,429
1467.216,427
1476.252,431
1485.284,440
1494.32,442
1503.356,444
1512.392,453
1521.424,461
1530.46,470
1539.496,472
1548.532,479
1557.564,485
1566.6,494
1575.636,490
1584.672,488
1593.704,487
1602.74,487
1611.78,483
1620.812,477
1629.844,474
1638.88,469
1647.916,470
1656.952,459
1665.984,455
1675.02,452
1684.056,453
1693.092,448
1702.124,442
1711.16,441
1720.196,439
1729.232,442
1738.264,436
1747.3,438
1756.336,436
1765.372,445
1774.404,440
1783.44,439
1792.476,441
1801.512,444
1810.544,448
1819.58,444
1828.616,447
1837.652,446
1846.684,455
1855.72,449
1864.756,449
1873.792,448
1882.824,455
1891.86,453
1900.896,452
1909.932,452
1918.964,452
1928.0,457
1937.036,451
1946.072,451
1955.104,450
1964.14,456
1973.176,450
1982.212,451
1991.244,451
2000.28,456
2009.316,465
2018.352,473
2027.384,491
2036.42,515
2045.456,548
2054.492,571
2063.524,600
2072.56,624
2081.596,650
2090.632,663
2099.664,671
2108.7,670
2117.736,666
2126.772,661
2135.804,639
2144.84,620
2153.876,596
2162.912,579
2171.944,553
2180.98,530
2190.016,507
2199.052,490
2208.084,477
2217.12,457
2226.156,443
2235.192,432
2244.224,430
2253.26,418
2262.296,416
2271.332,411
2280.364,416
2289.4,419
2298.436,422
2307.472,425
2316.504,433
2325.54,443
2334.576,444
2343.612,451
2352.644,456
2361.68,467
2370.716,469
2379.752,475
2388.784,477
2397.82,482
2406.856,486
2415.892,482
2424.924,478
2433.96,477
2442.996,478
2452.032,472
2461.064,466
2470.1,460
2479.136,458
2488.172,455
2497.204,449
2506.24,442
2515.276,443
2524.312,445
2533.344,441
2542.38,438
2551.416,438
2560.452,440
2569.484,442
2578.52,440
2587.556,438
2596.592,442
2605.624,448
2614.66,446
2623.696,444
2632.732,448
2641.764,451
2650.8,452
2659.836,450
2668.872,449
2677.904,451
2686.94,456
2695.976,452
2705.012,447
2714.044,450
2723.08,451
2732.116,451
2741.152,447
2750.184,449
2759.22,449
2768.256,455
2777.292,451
2786.324,450
2795.36,451
2804.396,455
2813.432,453
2822.464,449
2831.5,453
2840.536,458
2849.572,471
2858.604,480
2867.64,497
2876.676,520
2885.712,550
2894.744,574
2903.78,597
2912.816,621
2921.852,640
2930.884,655
2939.924,655
2948.956,656
2957.992,648
2967.024,644
2976.06,621
2985.096,601
2994.132,581
3003.164,563
3012.2,541
3021.236,517
3030.272,499
3039.304,480
3048.34,471
3057.376,451
3066.412,441
3075.444,431
3084.48,428
3093.52,419
3102.552,414
3111.584,413
3120.62,414
3129.656,419
3138.692,417
3147.724,424
3156.76,428
3165.796,442
3174.832,443
3183.864,450
3192.9,455
3201.936,464
3210.972,469
3220.004,468
3229.04,472
3238.076,473
3247.116,481
3256.144,472
3265.18,471
3274.216,467
3283.252,469
3292.284,463
3301.32,458
3310.356,455
3319.392,451
3328.424,455
3337.46,448
3346.496,448
3355.532,444
3364.564,452
3373.6,446
3382.636,445
3391.672,443
3400.712,447
3409.74,448
3418.776,446
3427.812,446
3436.844,445
3445.88,452
3454.916,446
3463.952,447
3472.984,446
3482.02,453
3491.056,452
3500.092,452
3509.124,451
3518.16,453
3527.196,460
3536.232,456
3545.264,456
3554.3,456
3563.336,463
3572.372,459
3581.404,459
3590.44,457
3599.476,459
3608.512,461
3617.544,458
3626.58,456
3635.616,456
3644.652,462
3653.684,458
3662.72,459
3671.756,457
3680.792,462
3689.824,461
3698.86,462
3707.896,461
3716.932,467
3725.964,474
3735.0,478
3744.036,486
3753.072,500
3762.104,523
3771.14,541
3780.176,562
3789.212,580
3798.244,604
3807.28,622
3816.316,630
3825.352,633
3834.384,636
3843.42,631
3852.456,618
3861.492,601
3870.524,582
3879.56,566
3888.596,548
3897.632,527
3906.664,508
3915.7,495
3924.736,483
3933.772,468
3942.804,455
3951.84,446
3960.876,441
3969.912,436
3978.944,428
3987.98,424
3997.016,425
4006.052,429
4015.084,427
4024.12,427
4033.156,434
4042.192,441
4051.224,449
4060.26,449
4069.296,457
4078.332,463
4087.364,473
4096.4,473
4105.436,473
4114.472,477
4123.504,479
4132.54,479
4141.576,474
4150.612,474
4159.644,470
4168.68,473
4177.716,465
4186.752,462
4195.784,460
4204.82,461
4213.856,458
4222.892,452
4231.924,454
4240.96,452
4249.996,457
4259.032,450
4268.064,452
4277.1,451
4286.136,455
4295.172,450
4304.204,447
4313.24,449
4322.276,450
4331.312,451
4340.344,447
4349.38,451
4358.416,450
4367.452,460
4376.484,454
4385.52,456
4394.556,458
4403.592,463
4412.624,464
4421.66,461
4430.696,463
4439.732,462
4448.764,469
4457.8,463
4466.836,467
4475.872,466
4484.904,472
4493.94,467
4502.976,467
4512.012,465
4521.044,466
4530.08,468
4539.116,462
4548.152,465
4557.184,465
4566.22,477
4575.256,478
4584.292,489
4593.324,499
4602.36,519
4611.396,535
4620.432,551
4629.464,568
4638.5,580
4647.536,597
4656.572,596
4665.604,598
4674.64,592
4683.676,593
4692.712,579
4701.744,566
4710.78,552
4719.816,539
4728.852,529
4737.884,509
4746.92,495
4755.956,481
4764.992,473
4774.024,456
4783.06,447
4792.096,436
4801.132,433
4810.164,427
4819.2,422
4828.236,418
4837.272,419
4846.304,426
4855.34,424
4864.376,429
4873.412,434
4882.452,445
4891.48,448
4900.516,454
4909.552,457
4918.584,464
4927.62,472
4936.656,472
4945.692,471
4954.724,473
4963.76,477
4972.796,473
4981.832,471
4990.864,467
4999.9,469
5008.936,467
5017.972,462
5027.004,457
5036.048,458
5045.076,460
5054.112,455
5063.144,453
5072.18,452
5081.216,453
5090.252,453
5099.284,451
5108.32,447
5117.356,451
5126.392,453
5135.424,450
5144.46,449
5153.496,449
5162.532,454
5171.564,453
5180.6,453
5189.64,452
5198.672,455
5207.704,458
5216.74,457
5225.776,456
5234.812,460
5243.844,464
5252.88,465
5261.916,464
5270.952,466
5279.984,473
5289.02,482
5298.056,488
5307.092,498
5316.124,515
5325.16,533
5334.196,549
5343.232,559
5352.264,573
5361.3,582
5370.336,590
5379.372,587
5388.404,582
5397.44,576
5406.476,570
5415.512,555
5424.544,539
5433.58,528
5442.616,515
5451.652,504
5460.684,487
5469.72,475
5478.756,464
5487.792,459
5496.824,446
5505.86,436
5514.896,431
5523.932,430
5532.964,428
5542.0,422
5551.036,427
5560.072,428
5569.104,438
5578.14,436
5587.176,443
5596.212,449
5605.244,460
5614.28,462
5623.316,465
5632.352,472
5641.384,475
5650.42,482
5659.456,478
5668.492,482
5677.524,480
5686.56,486
5695.596,479
5704.632,478
5713.664,475
5722.7,473
5731.736,473
5740.772,465
5749.804,465
5758.84,461
5767.876,465
5776.912,455
5785.944,455
5794.98,451
5804.016,456
5813.052,452
5822.084,451
5831.12,452
5840.156,451
5849.192,457
5858.224,451
5867.26,456
5876.296,455
5885.332,463
5894.364,458
5903.4,460
5912.436,460
5921.472,464
5930.504,466
5939.54,463
5948.576,467
5957.612,466
5966.644,474
5975.68,467
5984.716,470
5993.752,467
6002.784,472
6011.82,471
6020.856,467
6029.892,469
6038.924,472
6047.96,482
6056.996,483
6066.032,494
6075.064,506
6084.1,527
6093.136,540
6102.172,559
6111.204,572
6120.24,588
6129.276,601
6138.312,604
6147.344,604
6156.38,601
6165.416,601
6174.452,585
6183.484,574
6192.52,558
6201.556,548
6210.592,533
6219.624,518
6228.66,503
6237.696,494
6246.732,490
6255.764,478
6264.8,472
6273.836,465
6282.872,465
6291.904,458
6300.94,456
6309.976,452
6319.012,456
6328.044,458
6337.08,456
6346.116,457
6355.152,462
6364.184,469
6373.22,470
6382.256,475
6391.292,477
6400.324,483
6409.36,489
6418.396,490
6427.432,490
6436.464,494
6445.5,496
6454.536,494
6463.572,491
6472.604,490
6481.64,491
6490.676,490
6499.712,486
6508.744,483
6517.78,484
6526.816,484
6535.852,480
6544.884,475
6553.92,474
6562.956,474
6571.992,473
6581.024,470
6590.06,468
6599.096,469
6608.132,472
6617.164,471
6626.2,468
6635.236,472
6644.272,474
6653.304,476
6662.34,472
6671.38,474
6680.412,474
6689.444,479
6698.48,477
6707.516,476
6716.552,479
6725.584,482
6734.62,481
6743.656,478
6752.692,481
6761.724,481
6770.76,484
6779.796,481
6788.832,481
6797.864,482
6806.9,487
6815.936,483
6824.976,481
6834.004,483
6843.04,483
6852.076,485
6861.112,481
6870.144,484
6879.18,483
6888.216,490
6897.252,489
6906.284,494
6915.32,505
6924.356,520
6933.392,535
6942.424,551
6951.46,574
6960.496,591
6969.532,616
6978.572,624
6987.6,636
6996.636,640
7005.672,647
7014.704,642
7023.74,634
7032.776,626
7041.812,614
7050.844,606
7059.88,587
7068.916,576
7077.952,562
7086.984,557
7096.02,540
7105.056,531
7114.092,523
7123.124,518
7132.168,510
7141.196,501
7150.232,498
7159.264,492
7168.3,496
7177.336,487
7186.372,488
7195.404,488
7204.44,495
7213.476,494
7222.512,496
7231.544,501
7240.58,505
7249.616,515
7258.652,512
7267.684,517
7276.72,518
7285.756,527
7294.792,524
7303.824,526
7312.86,525
7321.896,530
7330.932,530
7339.964,525
7349.0,524
7358.036,521
7367.072,526
7376.104,517
7385.14,516
7394.176,509
7403.212,511
7412.244,506
7421.28,502
7430.316,499
7439.352,498
7448.384,501
7457.42,495
7466.456,496
7475.492,494
7484.524,500
7493.56,496
7502.596,498
7511.632,497
7520.664,500
7529.7,504
7538.736,501
7547.772,500
7556.804,502
7565.84,506
7574.876,504
7583.912,505
7592.944,503
7601.98,508
7611.016,508
7620.052,507
7629.084,505
7638.12,508
7647.156,512
7656.192,508
7665.224,506
7674.26,506
7683.296,508
7692.332,504
7701.364,504
7710.4,501
7719.436,504
7728.472,506
7737.504,505
7746.54,501
7755.576,504
7764.612,506
7773.644,505
7782.68,504
7791.716,504
7800.752,509
7809.784,516
7818.82,522
7827.856,532
7836.892,550
7845.924,571
7854.96,594
7863.996,616
7873.032,639
7882.064,663
7891.1,683
7900.136,696
7909.172,704
7918.204,710
7927.24,711
7936.276,703
7945.312,690
7954.344,680
7963.38,665
7972.416,652
7981.452,633
7990.484,618
7999.52,605
8008.556,596
8017.592,580
8026.624,567
8035.66,560
8044.696,550
8053.732,544
8062.764,532
8071.8,528
8080.836,523
8089.872,526
8098.904,520
8107.94,519
8116.976,522
8126.012,527
8135.044,530
8144.08,530
8153.116,537
8162.152,542
8171.184,551
8180.22,549
8189.256,554
8198.292,557
8207.324,564
8216.36,561
8225.396,558
8234.432,559
8243.464,557
8252.5,558
8261.536,550
8270.572,549
8279.604,545
8288.64,548
8297.676,539
8306.712,534
8315.744,532
8324.78,531
8333.816,528
8342.852,520
8351.884,520
8360.92,516
8369.956,522
8378.992,512
8388.024,516
8397.06,514
8406.096,520
8415.132,517
8424.164,516
8433.2,518
8442.236,521
8451.272,527
8460.308,523
8469.34,526
8478.376,525
8487.412,533
8496.444,525
8505.48,525
8514.516,525
8523.552,528
8532.584,527
8541.62,524
8550.656,523
8559.692,521
8568.724,528
8577.76,519
8586.796,521
8595.832,519
8604.864,523
8613.908,518
8622.936,517
8631.972,516
8641.004,515
8650.04,519
8659.076,512
8668.112,513
8677.144,512
8686.18,518
8695.216,512
8704.252,514
8713.284,514
8722.32,521
8731.356,529
8740.392,540
8749.424,554
8758.46,575
8767.5,605
8776.532,627
8785.564,656
8794.6,682
8803.636,712
8812.672,730
8821.704,745
8830.74,752
8839.776,758
8848.812,758
8857.844,748
8866.88,736
8875.916,719
8884.952,707
8893.984,686
8903.02,668
8912.056,648
8921.096,634
8930.124,621
8939.16,604
8948.196,588
8957.232,577
8966.264,570
8975.3,555
8984.336,545
8993.372,537
9002.404,535
9011.44,534
9020.476,532
9029.512,530
9038.544,536
9047.58,542
9056.616,545
9065.652,548
9074.684,553
9083.72,561
9092.756,565
9101.792,567
9110.824,566
9119.86,572
9128.896,574
9137.932,572
9146.964,567
9156.0,566
9165.036,564
9174.072,560
9183.104,554
9192.14,550
9201.176,547
9210.212,545
9219.244,537
9228.28,529
9237.316,529
9246.352,526
9255.384,524
9264.42,519
9273.456,519
9282.492,520
9291.524,522
9300.56,518
9309.596,517
9318.632,520
9327.664,523
9336.7,522
9345.736,518
9354.772,522
9363.804,522
9372.84,524
9381.876,521
9390.912,519
9399.944,520
9408.98,526
9418.016,523
9427.052,519
9436.084,522
9445.12,524
9454.156,526
9463.192,520
9472.224,523
9481.26,519
9490.296,525
9499.332,517
9508.364,517
9517.4,517
9526.436,519
9535.472,519
9544.504,514
9553.54,516
9562.576,514
9571.612,519
9580.644,511
9589.68,512
9598.716,510
9607.752,519
9616.784,520
9625.82,527
9634.856,543
9643.892,563
9652.924,592
9661.96,613
9670.996,644
9680.032,670
9689.064,704
9698.1,719
9707.136,735
9716.172,743
9725.204,749
9734.24,744
9743.276,731
9752.312,719
9761.344,702
9770.38,690
9779.416,663
9788.452,646
9797.484,623
9806.52,613
9815.556,592
9824.592,576
9833.624,558
9842.66,547
9851.696,539
9860.732,523
9869.764,516
9878.8,507
9887.836,511
9896.872,503
9905.904,504
9914.94,504
9923.976,512
9933.012,516
9942.044,520
9951.08,526
9960.116,531
9969.152,543
9978.184,541
9987.22,546
9996.256,544
10005.292,553
10015.02,549
10024.752,548
10034.48,545
10044.212,543
10053.94,539
10063.672,531
10073.4,528
10083.132,525
10092.86,520
10102.592,514
10112.32,507
10122.052,507
10131.78,503
10141.512,498
10151.24,495
10160.972,491
10170.7,497
10180.432,488
10190.16,489
10199.892,489
10209.62,492
10219.352,489
10229.08,485
10238.812,489
10248.54,494
10258.272,492
10268.0,493
10277.732,493
10287.46,504
10297.192,498
10306.92,501
10316.652,499
10326.38,503
10336.112,502
10345.84,495
10355.572,496
10365.3,496
10375.032,493
10384.76,489
10394.492,485
10404.22,491
10413.952,487
10423.68,485
10433.412,484
10443.14,485
10452.872,488
10462.6,482
10472.332,484
10482.06,483
10491.792,486
10501.52,483
10511.252,484
10520.98,492
10530.712,504
10540.44,516
10550.172,533
10559.9,557
10569.632,593
10579.36,614
10589.092,642
10598.82,664
10608.552,688
10618.28,695
10628.012,698
10637.74,697
10647.472,690
10657.2,676
10666.932,653
10676.66,632
10686.392,616
10696.12,590
10705.852,571
10715.58,550
10725.312,536
10735.04,519
10744.772,501
10754.5,492
10764.232,483
10773.96,476
10783.692,469
10793.42,464
10803.152,465
10812.88,465
10822.612,465
10832.34,467
10842.072,474
10851.8,482
10861.532,483
10871.26,492
10880.992,495
10890.72,506
10900.452,506
10910.18,509
10919.912,513
10929.64,517
10939.372,512
10949.1,507
10958.832,504
10968.56,506
10978.292,494
10988.02,491
10997.752,485
11007.48,487
11017.212,478
11026.94,473
11036.672,472
11046.4,471
11056.136,470
11065.86,464
11075.596,463
11085.32,467
11095.056,464
11104.78,466
11114.516,465
11124.24,471
11133.972,471
11143.7,468
11153.432,472
11163.16,472
11172.892,477
11182.62,472
11192.352,474
11202.08,476
11211.812,479
11221.54,478
11231.272,475
11241.0,478
11250.732,481
11260.46,475
11270.192,474
11279.92,471
11289.652,480
11299.38,472
11309.112,472
11318.84,474
11328.572,478
11338.3,475
11348.032,470
11357.76,471
11367.492,476
11377.22,468
11386.952,467
11396.68,464
11406.412,471
11416.14,466
11425.872,468
11435.6,475
11445.332,488
11455.06,505
11464.792,520
11474.52,544
11484.252,571
11493.98,594
11503.712,613
11513.44,626
11523.172,641
11532.9,645
11542.632,640
11552.36,632
11562.092,618
11571.82,611
11581.552,585
11591.28,569
11601.012,548
11610.74,536
11620.472,516
11630.2,496
11639.932,486
11649.66,478
11659.392,463
11669.12,453
11678.852,445
11688.58,448
11698.312,437
11708.04,437
11717.772,437
11727.5,445
11737.232,447
11746.96,448
11756.692,457
11766.42,466
11776.152,470
11785.88,474
11795.612,476
11805.34,486
11815.072,485
11824.8,485
11834.532,482
11844.26,483
11853.992,483
11863.72,475
11873.452,474
11883.18,470
11892.912,469
11902.64,464
11912.372,458
11922.1,458
11931.832,458
11941.56,453
11951.292,450
11961.02,449
11970.752,454
11980.48,446
11990.212,448
11999.94,447
12009.672,454
12019.4,449
12029.132,447
12038.86,451
12048.592,457
12058.32,454
12068.052,453
12077.78,454
12087.512,462
12097.24,457
12106.972,461
12116.7,461
12126.432,467
12136.16,466
12145.892,464
12155.62,466
12165.352,468
12175.08,468
12184.812,465
12194.54,464
12204.272,467
12214.0,466
12223.732,464
12233.46,464
12243.192,465
12252.92,467
12262.652,461
12272.38,463
12282.112,462
12291.84,473
12301.572,476
12311.3,488
12321.032,506
12330.76,527
12340.492,545
12350.22,563
12359.952,583
12369.68,603
12379.412,605
12389.14,613
12398.872,609
12408.6,610
12418.332,594
12428.06,577
12437.792,562
12447.52,548
12457.252,530
12466.98,509
12476.712,496
12486.44,485
12496.172,469
12505.9,459
12515.632,448
12525.36,448
12535.092,441
12544.82,434
12554.552,435
12564.28,434
12574.012,440
12583.74,439
12593.472,442
12603.2,449
12612.932,455
12622.66,461
12632.392,464
12642.12,472
12651.852,481
12661.58,481
12671.312,484
12681.04,484
12690.772,493
12700.5,485
12710.232,484
12719.96,482
12729.692,483
12739.42,477
12749.152,471
12758.88,471
12768.612,472
12778.34,464
12788.072,462
12797.8,458
12807.532,465
12817.26,458
12826.992,456
12836.72,457
12846.452,458
12856.18,459
12865.912,455
12875.64,458
12885.372,463
12895.1,463
12904.832,465
12914.56,463
12924.292,471
12934.02,470
12943.752,469
12953.48,468
12963.212,468
12972.94,475
12982.672,468
12992.4,469
13002.132,469
13011.86,473
13021.592,471
13031.32,468
13041.052,470
13050.78,474
13060.512,470
13070.24,469
13079.972,468
13089.7,478
13099.432,469
13109.16,472
13118.892,472
13128.62,477
13138.352,474
13148.08,470
13157.812,473
13167.54,476
13177.272,472
13187.0,471
13196.732,470
13206.46,478
13216.192,475
13225.92,481
13235.652,488
13245.38,502
13255.112,517
13264.84,530
13274.572,552
13284.3,571
13294.032,590
13303.76,601
13313.492,607
13323.22,614
13332.952,614
13342.68,607
13352.412,596
13362.14,583
13371.872,576
13381.6,554
13391.332,541
13401.06,524
13410.792,515
13420.52,496
13430.252,483
13439.98,476
13449.712,472
13459.44,460
13469.172,454
13478.9,450
13488.632,455
13498.36,447
13508.092,448
13517.82,448
13527.552,457
13537.288,458
13547.012,460
13556.748,468
13566.472,475
13576.208,479
13585.932,482
13595.668,484
13605.392,492
13615.124,490
13624.852,492
13634.58,492
13644.312,493
13654.04,494
13663.772,485
13673.5,486
13683.232,482
13692.96,484
13702.692,477
13712.42,474
13722.152,474
13731.88,475
13741.612,471
13751.34,468
13761.072,469
13770.8,474
13780.532,466
13790.26,467
13799.992,466
13809.72,473
13819.452,469
13829.18,467
13838.912,469
13848.64,473
13858.372,472
13868.1,470
13877.832,472
13887.56,479
13897.292,475
13907.02,478
13916.752,477
13926.48,484
13936.212,482
13945.94,480
13955.672,482
13965.4,482
13975.132,486
13984.86,481
13994.592,481
14004.32,483
14014.052,482
14023.78,480
14033.512,478
14043.24,481
14052.972,483
14062.7,477
14072.432,478
14082.16,476
14091.892,483
14101.62,475
14111.352,475
14121.08,476
14130.812,479
14140.54,475
14150.272,474
14160.0,480
14169.732,490
14179.46,493
14189.192,507
14198.92,520
14208.652,544
14218.38,557
14228.112,573
14237.84,589
14247.572,602
14257.3,608
14267.032,605
14276.76,606
14286.492,602
14296.22,590
14305.952,577
14315.68,561
14325.412,553
14335.14,537
14344.872,519
14354.6,507
14364.332,496
14374.06,490
14383.792,475
14393.52,470
14403.252,463
14412.98,462
14422.712,455
14432.44,451
14442.172,454
14451.9,458
14461.632,456
14471.36,459
14481.092,462
14490.82,476
14500.552,475
14510.28,480
14520.012,485
14529.74,493
14539.472,493
14549.2,492
14558.932,496
14568.66,499
14578.392,496
14588.12,495
14597.852,492
14607.58,495
14617.312,489
14627.04,486
14636.772,483
14646.5,483
14656.232,481
14665.96,473
14675.692,475
14685.42,473
14695.152,473
14704.88,470
14714.612,467
14724.34,471
14734.072,470
14743.8,469
14753.532,466
14763.26,467
14772.992,473
14782.72,465
14792.452,469
14802.18,469
14811.912,475
14821.64,473
14831.372,470
14841.1,475
14850.832,480
14860.56,478
14870.292,477
14880.02,477
14889.752,484
14899.48,479
14909.212,481
14918.94,479
14928.672,485
14938.4,481
14948.132,478
14957.86,481
14967.592,481
14977.32,479
14987.052,477
14996.78,478
15006.512,486
15016.24,487
15025.972,496
15035.7,505
15045.432,523
15055.16,540
15064.892,552
15074.62,569
15084.352,582
15094.08,594
15103.812,595
15113.54,595
15123.272,593
15133.0,588
15142.732,575
15152.46,560
15162.192,547
15171.92,539
15181.652,517
15191.38,507
15201.112,494
15210.84,493
15220.572,478
15230.3,470
15240.032,466
15249.76,465
15259.492,461
15269.22,457
15278.952,457
15288.68,464
15298.412,459
15308.14,463
15317.872,466
15327.6,477
15337.332,479
15347.06,481
15356.792,488
15366.52,493
15376.252,497
15385.98,495
15395.712,498
15405.44,501
15415.172,498
15424.9,498
15434.632,492
15444.36,494
15454.092,493
15463.82,486
15473.552,487
15483.28,483
15493.012,488
15502.74,480
15512.472,480
15522.2,477
15531.932,480
15541.66,476
15551.392,473
15561.12,476
15570.852,481
15580.58,475
15590.312,477
15600.04,476
15609.772,484
15619.5,480
15629.232,480
15638.96,481
15648.692,484
15658.42,485
15668.152,482
15677.88,485
15687.612,488
15697.34,485
15707.072,486
15716.8,483
15726.532,490
15736.26,487
15745.992,486
15755.72,487
15765.452,485
15775.18,488
15784.912,483
15794.64,485
15804.372,485
15814.1,487
15823.832,485
15833.56,483
15843.292,484
15853.02,485
15862.752,480
15872.48,480
15882.212,477
15891.94,484
15901.672,478
15911.4,482
15921.132,487
15930.86,499
15940.592,509
15950.32,522
15960.052,543
15969.78,564
15979.512,578
15989.24,595
15998.972,606
16008.7,622
16018.432,619
16028.16,620
16037.896,615
16047.62,610
16057.356,600
16067.08,583
16076.816,574
16086.54,562
16096.276,548
16106.0,535
16115.732,522
16125.46,519
16135.192,509
16144.92,501
16154.652,494
16164.38,490
16174.112,492
16183.84,484
16193.572,486
16203.3,484
16213.032,491
16222.76,488
16232.492,488
16242.22,495
16251.952,501
16261.68,503
16271.412,505
16281.14,508
16290.872,518
16300.6,513
16310.332,518
16320.06,518
16329.792,522
16339.52,518
16349.252,514
16358.98,516
16368.712,515
16378.44,511
16388.172,508
16397.9,504
16407.632,509
16417.36,502
16427.092,501
16436.82,498
16446.552,500
16456.28,498
16466.012,491
16475.74,495
16485.472,492
16495.2,494
16504.932,490
16514.66,489
16524.392,493
16534.12,494
16543.852,494
16553.58,494
16563.312,496
16573.04,503
16582.772,497
16592.5,500
16602.232,500
16611.96,508
16621.692,503
16631.42,501
16641.152,504
16650.88,506
16660.612,504
16670.34,502
16680.072,502
16689.8,507
16699.532,501
16709.26,503
16718.992,500
16728.72,506
16738.452,502
16748.18,499
16757.912,501
16767.64,500
16777.372,501
16787.1,497
16796.832,496
16806.56,500
16816.292,497
16826.02,500
16835.752,501
16845.48,513
16855.212,523
16864.94,533
16874.672,552
16884.4,566
16894.132,590
16903.86,600
16913.592,615
16923.32,626
16933.052,633
16942.78,633
16952.512,627
16962.24,623
16971.972,618
16981.7,601
16991.432,590
17001.16,574
17010.892,570
17020.62,552
17030.352,540
17040.08,532
17049.812,525
17059.54,517
17069.272,505
17079.0,503
17088.732,501
17098.46,494
17108.192,494
17117.92,492
17127.652,499
17137.38,499
17147.112,500
17156.84,506
17166.572,511
17176.3,520
17186.032,520
17195.76,527
17205.492,532
17215.22,535
17224.952,536
17234.68,534
17244.412,537
17254.14,537
17263.872,531
17273.6,529
17283.332,524
17293.06,529
17302.792,516
17312.52,516
17322.252,510
17331.98,513
17341.712,508
17351.44,502
17361.172,504
17370.9,507
17380.632,501
17390.36,501
17400.092,498
17409.82,506
17419.552,501
17429.28,503
17439.012,502
17448.74,507
17458.472,507
17468.2,504
17477.932,509
17487.66,511
17497.392,511
17507.12,509
17516.852,507
17526.58,513
17536.312,509
17546.04,509
17555.772,509
17565.5,508
17575.232,512
17584.96,505
17594.692,508
17604.42,507
17614.152,510
17623.88,507
17633.612,504
17643.34,509
17653.072,510
17662.8,506
17672.532,504
17682.26,503
17691.992,512
17701.72,505
17711.452,514
17721.18,523
17730.912,541
17740.64,555
17750.372,570
17760.1,594
17769.832,615
17779.56,631
17789.292,643
17799.02,652
17808.752,664
17818.48,658
17828.212,655
17837.94,646
17847.672,638
17857.4,624
17867.132,606
17876.86,595
17886.592,582
17896.32,573
17906.052,558
17915.78,547
17925.512,543
17935.24,534
17944.972,527
17954.7,518
17964.432,514
17974.16,515
17983.892,504
17993.62,507
18003.352,506
18013.08,515
18022.812,512
18032.54,514
18042.272,523
18052.0,530
18061.732,532
18071.46,534
18081.192,537
18090.92,546
18100.652,541
18110.38,542
18120.112,540
18129.84,545
18139.572,539
18149.3,534
18159.032,534
18168.76,531
18178.492,529
18188.22,521
18197.952,518
18207.68,518
18217.412,513
18227.14,511
18236.872,508
18246.6,511
18256.332,510
18266.06,505
18275.792,508
18285.52,507
18295.252,512
18304.98,506
18314.712,506
18324.44,509
18334.172,512
18343.9,510
18353.632,507
18363.36,512
18373.092,517
18382.82,509
18392.552,512
18402.28,511
18412.012,519
18421.74,511
18431.472,510
18441.2,511
18450.932,513
18460.66,511
18470.392,506
18480.12,509
18489.852,513
18499.58,506
18509.312,508
18519.048,506
18528.772,513
18538.508,508
18548.232,507
18557.968,507
18567.692,508
18577.428,510
18587.152,506
18596.884,506
18606.612,507
18616.34,507
18626.072,507
18635.8,506
18645.532,514
18655.26,521
18664.992,529
18674.72,546
18684.452,562
18694.18,592
18703.912,608
18713.64,632
18723.372,651
18733.1,671
18742.832,678
18752.56,680
18762.292,680
18772.02,679
18781.752,664
18791.48,651
18801.212,635
18810.94,626
18820.672,604
18830.4,590
18840.132,576
18849.86,566
18859.592,554
18869.32,542
18879.052,537
18888.78,532
18898.512,524
18908.24,518
18917.972,511
18927.7,515
18937.432,510
18947.16,509
18956.892,509
18966.62,512
18976.352,518
18986.08,517
18995.812,524
19005.54,527
19015.272,535
19025.0,536
19034.732,536
19044.46,541
19054.192,543
19063.92,539
19073.652,536
19083.38,533
19093.112,538
19102.84,528
19112.572,527
19122.3,521
19132.032,523
19141.76,515
19151.492,509
19161.22,509
19170.952,510
19180.68,505
19190.412,501
19200.14,500
19209.872,504
19219.6,499
19229.332,501
19239.06,499
19248.792,503
19258.52,501
19268.252,499
19277.98,503
19287.712,505
19297.44,508
19307.172,505
19316.9,505
19326.632,509
19336.36,509
19346.092,508
19355.82,506
19365.552,508
19375.28,513
19385.012,506
19394.74,509
19404.472,506
19414.2,512
19423.932,506
19433.66,503
19443.392,504
19453.12,505
19462.852,502
19472.58,498
19482.312,498
19492.04,504
19501.772,497
19511.5,499
19521.232,498
19530.96,504
19540.692,499
19550.42,499
19560.152,500
19569.88,501
19579.612,500
19589.34,497
19599.072,498
19608.8,502
19618.532,501
19628.26,504
19637.992,508
19647.72,524
19657.452,539
19667.18,554
19676.912,579
19686.64,604
19696.372,633
19706.1,650
19715.832,668
19725.56,681
19735.292,690
19745.02,689
19754.752,682
19764.48,674
19774.212,664
19783.94,642
19793.672,626
19803.4,607
19813.132,599
19822.86,578
19832.592,565
19842.32,556
19852.052,548
19861.78,537
19871.512,526
19881.24,519
19890.972,518
19900.7,508
19910.432,505
19920.16,502
19929.892,508
19939.62,504
19949.352,505
19959.08,511
19968.812,517
19978.54,522
19988.272,522
19998.0,530
20007.732,534
20017.46,536
20027.192,538
20036.92,537
20046.652,541
20056.38,539
20066.112,533
20075.84,531
20085.572,525
20095.3,529
20105.032,518
20114.76,517
20124.492,514
20134.22,516
20143.952,510
20153.68,505
20163.412,505
20173.14,507
20182.872,500
20192.6,499
20202.332,497
20212.06,504
20221.792,499
20231.52,499
20241.252,500
20250.98,505
20260.712,504
20270.44,501
20280.172,506
20289.9,509
20299.632,508
20309.36,508
20319.092,508
20328.82,514
20338.552,509
20348.28,508
20358.012,508
20367.74,508
20377.472,510
20387.2,503
20396.932,506
20406.66,504
20416.392,506
20426.12,503
20435.852,501
20445.58,503
20455.312,504
20465.04,499
20474.772,500
20484.5,498
20494.232,505
20503.96,497
20513.692,497
20523.42,495
20533.152,501
20542.88,497
20552.612,497
20562.34,506
20572.072,519
20581.8,530
20591.532,548
20601.26,569
20610.992,600
20620.72,619
20630.452,642
20640.18,660
20649.912,677
20659.64,682
20669.372,681
20679.1,680
20688.832,672
20698.56,658
20708.292,640
20718.02,622
20727.752,607
20737.48,588
20747.212,571
20756.94,555
20766.672,541
20776.4,532
20786.132,515
20795.86,507
20805.592,497
20815.32,495
20825.052,485
20834.78,480
20844.512,481
20854.24,484
20863.972,484
20873.7,485
20883.432,491
20893.16,504
20902.892,503
20912.62,512
20922.352,518
20932.08,529
20941.812,528
20951.54,528
20961.272,530
20971.0,533
20980.732,532
20990.46,526
21000.192,522
21009.92,524
21019.656,515
21029.38,512
21039.116,505
21048.84,505
21058.576,501
21068.3,495
21078.036,495
21087.76,494
21097.492,496
21107.22,490
21116.952,487
21126.68,489
21136.412,490
21146.14,489
21155.872,487
21165.6,490
21175.332,495
21185.06,490
21194.792,492
21204.52,492
21214.252,501
21223.98,495
21233.712,495
21243.44,498
21253.172,503
21262.9,500
21272.632,496
21282.36,498
21292.092,504
21301.82,498
21311.552,499
21321.28,496
21331.012,502
21340.74,497
21350.472,495
21360.2,496
21369.932,497
21379.66,497
21389.392,491
21399.12,492
21408.852,494
21418.58,492
21428.312,493
21438.04,489
21447.772,494
21457.5,494
21467.232,490
21476.96,490
21486.692,489
21496.42,494
21506.152,489
21515.88,488
21525.612,490
21535.34,497
21545.072,500
21554.8,508
21564.532,527
21574.26,550
21583.992,566
21593.72,592
21603.452,614
21613.18,644
21622.912,655
21632.64,669
21642.372,678
21652.1,681
21661.832,672
21671.56,657
21681.292,645
21691.02,629
21700.752,607
21710.48,586
21720.212,565
21729.94,554
21739.672,533
21749.4,518
21759.132,507
21768.86,499
21778.592,492
21788.32,480
21798.052,477
21807.78,474
21817.512,474
21827.24,470
21836.972,469
21846.7,474
21856.432,480
21866.16,482
21875.892,487
21885.62,493
21895.352,506
21905.08,505
21914.812,511
21924.54,515
21934.272,523
21944.0,519
21953.732,515
21963.46,517
21973.192,517
21982.92,512
21992.652,507
22002.38,502
22012.112,505
22021.84,494
22031.572,490
22041.3,486
22051.032,486
22060.76,482
22070.492,476
22080.22,478
22089.952,478
22099.68,478
22109.412,476
22119.14,476
22128.872,482
22138.6,482
22148.332,483
22158.06,483
22167.792,486
22177.52,489
22187.252,484
22196.98,487
22206.712,486
22216.44,492
22226.172,490
22235.9,487
22245.632,490
22255.36,493
22265.092,489
22274.82,487
22284.552,486
22294.28,493
22304.012,485
22313.74,487
22323.472,484
22333.2,490
22342.932,484
22352.66,481
22362.392,484
22372.12,486
22381.852,485
22391.58,482
22401.312,483
22411.04,488
22420.772,485
22430.5,487
22440.232,484
22449.96,489
22459.692,488
22469.42,484
22479.152,488
22488.88,489
22498.612,491
22508.34,486
22518.072,485
22527.8,487
22537.532,488
22547.26,489
22556.992,492
22566.72,501
22576.452,520
22586.18,530
22595.912,554
22605.64,575
22615.372,606
22625.1,619
22634.832,637
22644.56,651
22654.292,661
22664.02,659
22673.752,652
22683.48,643
22693.212,633
22702.94,610
22712.672,593
22722.4,571
22732.132,561
22741.86,538
22751.592,520
22761.32,508
22771.052,499
22780.78,489
22790.512,477
22800.24,471
22809.972,470
22819.7,462
22829.432,460
22839.16,458
22848.892,465
22858.62,468
22868.352,470
22878.08,479
22887.812,484
22897.54,495
22907.272,496
22917.0,504
22926.732,509
22936.46,514
22946.192,514
22955.92,513
22965.652,515
22975.38,517
22985.112,509
22994.84,508
23004.572,502
23014.3,508
23024.032,497
23033.76,494
23043.492,492
23053.22,491
23062.952,485
23072.68,479
23082.412,480
23092.14,481
23101.872,476
23111.6,474
23121.332,475
23131.06,480
23140.792,476
23150.52,476
23160.252,478
23169.98,480
23179.712,481
23189.44,478
23199.172,481
23208.9,484
23218.632,485
23228.36,484
23238.092,483
23247.82,487
23257.552,488
23267.28,486
23277.012,488
23286.74,488
23296.472,493
23306.2,487
23315.932,489
23325.66,487
23335.392,491
23345.12,486
23354.852,483
23364.58,486
23374.312,489
23384.04,485
23393.772,483
23403.5,482
23413.232,490
23422.96,482
23432.692,484
23442.42,483
23452.152,487
23461.88,484
23471.612,481
23481.34,484
23491.072,486
23500.808,486
23510.532,487
23520.268,493
23529.992,509
23539.728,522
23549.452,540
23559.188,559
23568.912,582
23578.644,603
23588.372,614
23598.1,628
23607.832,633
23617.56,637
23627.292,629
23637.02,619
23646.752,611
23656.48,598
23666.212,578
23675.94,559
23685.672,542
23695.4,533
23705.132,509
23714.86,497
23724.592,485
23734.32,482
23744.052,469
23753.78,460
23763.512,459
23773.24,458
23782.972,453
23792.7,452
23802.432,454
23812.16,465
23821.892,464
23831.62,470
23841.352,473
23851.08,483
23860.812,487
23870.54,490
23880.272,498
23890.0,502
23899.732,507
23909.46,506
23919.192,507
23928.92,511
23938.652,509
23948.38,506
23958.112,501
23967.84,498
23977.572,498
23987.3,489
23997.032,487
24006.76,483
24016.492,487
24026.22,480
24035.952,477
24045.68,479
24055.412,480
24065.14,476
24074.872,475
24084.6,478
24094.332,486
24104.06,481
24113.792,483
24123.52,483
24133.252,492
24142.98,488
24152.712,489
24162.44,493
24172.172,497
24181.9,497
24191.632,495
24201.36,496
24211.092,499
24220.82,498
24230.552,496
24240.28,493
24250.012,497
24259.74,495
24269.472,492
24279.2,494
24288.932,493
24298.66,497
24308.392,491
24318.12,491
24327.852,492
24337.58,494
24347.312,491
24357.04,489
24366.772,491
24376.5,495
24386.232,489
24395.96,491
24405.692,489
24415.42,498
24425.152,491
24434.88,491
24444.612,491
24454.34,495
24464.072,493
24473.8,491
24483.532,497
24493.26,507
24502.992,513
24512.72,527
24522.452,544
24532.18,572
24541.912,588
24551.64,608
24561.372,626
24571.1,643
24580.832,654
24590.56,653
24600.292,653
24610.02,648
24619.752,636
24629.48,622
24639.212,602
24648.94,589
24658.672,569
24668.4,550
24678.132,535
24687.86,520
24697.592,514
24707.32,499
24717.052,493
24726.78,487
24736.512,486
24746.24,478
24755.972,475
24765.7,478
24775.432,482
24785.16,479
24794.892,482
24804.62,487
24814.352,499
24824.08,498
24833.812,506
24843.54,513
24853.272,522
24863.0,525
24872.732,524
24882.46,529
24892.192,532
24901.92,530
24911.652,527
24921.38,522
24931.112,525
24940.84,517
24950.572,514
24960.3,510
24970.032,509
24979.76,507
24989.492,499
24999.22,500
25008.952,498
25018.68,500
25028.412,495
25038.14,493
25047.872,495
25057.6,497
25067.332,494
25077.06,493
25086.792,494
25096.52,502
25106.252,494
25115.98,496
25125.712,495
25135.44,502
25145.172,499
25154.9,496
25164.632,501
25174.36,504
25184.092,503
25193.82,503
25203.552,503
25213.28,512
25223.012,507
25232.74,509
25242.472,507
25252.2,511
25261.932,509
25271.66,505
25281.392,506
25291.12,507
25300.852,508
25310.58,504
25320.312,503
25330.04,506
25339.772,505
25349.5,504
25359.232,502
25368.96,503
25378.692,507
25388.42,501
25398.152,503
25407.88,501
25417.612,505
25427.34,500
25437.072,499
25446.8,503
25456.532,507
25466.26,511
25475.992,517
25485.72,533
25495.452,555
25505.18,568
25514.912,592
25524.64,613
25534.372,642
25544.1,656
25553.832,667
25563.56,676
25573.292,680
25583.02,677
25592.752,666
25602.48,655
25612.212,646
25621.94,626
25631.672,610
25641.4,591
25651.132,579
25660.86,562
25670.592,545
25680.32,535
25690.052,526
25699.78,520
25709.512,508
25719.24,503
25728.972,502
25738.7,500
25748.432,498
25758.16,496
25767.892,500
25777.62,506
25787.352,506
25797.08,513
25806.812,517
25816.54,532
25826.272,530
25836.0,536
25845.732,540
25855.46,548
25865.192,546
25874.92,542
25884.652,543
25894.38,545
25904.112,537
25913.84,534
25923.572,530
25933.3,533
25943.032,524
25952.76,520
25962.492,516
25972.22,516
25981.952,510
25991.68,504
26001.416,503
26011.14,502
26020.876,500
26030.6,499
26040.336,497
26050.06,503
26059.796,502
26069.52,501
26079.252,502
26088.98,502
26098.712,509
26108.44,504
26118.172,507
26127.9,509
26137.632,514
26147.36,511
26157.092,509
26166.82,513
26176.552,517
26186.28,511
26196.012,511
26205.74,510
26215.472,517
26225.2,510
26234.932,510
26244.66,508
26254.392,513
26264.12,510
26273.852,506
26283.58,509
26293.312,511
26303.04,508
26312.772,506
26322.5,503
26332.232,509
26341.96,505
26351.692,506
26361.42,509
26371.152,518
26380.88,529
26390.612,541
26400.34,563
26410.072,585
26419.8,610
26429.532,630
26439.26,649
26448.992,668
26458.72,679
26468.452,682
26478.18,679
26487.912,675
26497.64,669
26507.372,647
26517.1,632
26526.832,613
26536.56,602
26546.292,580
26556.02,561
26565.752,548
26575.48,538
26585.212,525
26594.94,512
26604.672,504
26614.4,503
26624.132,493
26633.86,491
26643.592,488
26653.32,495
26663.052,496
26672.78,498
26682.512,508
26692.24,516
26701.972,523
26711.7,527
26721.432,532
26731.16,542
26740.892,543
26750.62,546
26760.352,543
26770.08,546
26779.812,544
26789.54,535
26799.272,533
26809.0,527
26818.732,527
26828.46,517
26838.192,511
26847.92,510
26857.652,509
26867.38,502
26877.112,497
26886.84,496
26896.572,499
26906.3,493
26916.032,495
26925.76,492
26935.492,500
26945.22,494
26954.952,494
26964.68,496
26974.412,500
26984.14,500
26993.872,496
27003.6,499
27013.332,505
27023.06,502
27032.792,502
27042.52,501
27052.252,507
27061.98,506
27071.712,503
27081.44,504
27091.172,505
27100.9,508
27110.632,501
27120.36,500
27130.092,500
27139.82,499
27149.552,499
27159.28,497
27169.012,499
27178.74,502
27188.472,497
27198.2,499
27207.932,498
27217.66,504
27227.392,497
27237.12,496
27246.852,496
27256.58,499
27266.312,495
27276.04,494
27285.772,499
27295.5,513
27305.232,520
27314.96,539
27324.692,560
27334.42,593
27344.152,613
27353.88,637
27363.612,658
27373.34,678
27383.072,688
27392.8,689
27402.532,689
27412.26,683
27421.992,669
27431.72,653
27441.452,633
27451.18,618
27460.912,596
27470.64,575
27480.372,558
27490.1,543
27499.832,533
27509.56,514
27519.292,506
27529.02,494
27538.752,490
27548.48,480
27558.212,474
27567.94,473
27577.672,477
27587.4,475
27597.132,479
27606.86,483
27616.592,498
27626.32,497
27636.052,506
27645.78,514
27655.512,526
27665.24,528
27674.972,527
27684.7,534
27694.432,538
27704.16,536
27713.892,534
27723.62,528
27733.352,530
27743.08,522
27752.812,516
27762.54,508
27772.272,507
27782.0,502
27791.732,493
27801.46,493
27811.192,492
27820.92,491
27830.652,486
27840.38,484
27850.112,489
27859.84,488
27869.572,487
27879.3,487
27889.032,489
27898.76,497
27908.492,492
27918.22,495
27927.952,495
27937.68,502
27947.412,499
27957.14,497
27966.872,500
27976.6,503
27986.332,500
27996.06,498
28005.792,497
28015.52,503
28025.252,497
28034.98,496
28044.712,494
28054.44,498
28064.172,495
28073.9,492
28083.632,493
28093.36,494
28103.092,493
28112.82,490
28122.552,488
28132.28,493
28142.012,490
28151.74,490
28161.472,488
28171.2,492
28180.932,492
28190.66,488
28200.392,488
28210.12,486
28219.852,491
28229.58,490
28239.312,493
28249.04,506
28258.772,524
28268.5,543
28278.232,565
28287.96,593
28297.692,626
28307.42,643
28317.152,666
28326.88,680
28336.612,697
28346.34,692
28356.072,687
28365.8,681
28375.532,670
28385.26,650
28394.992,628
28404.72,610
28414.452,596
28424.18,573
28433.912,557
28443.64,539
28453.372,532
28463.1,518
28472.832,506
28482.568,499
28492.292,494
28502.028,490
28511.752,482
28521.488,480
28531.212,483
28540.948,485
28550.672,487
28560.404,490
28570.132,498
28579.86,508
28589.592,511
28599.32,518
28609.052,523
28618.78,534
28628.512,530
28638.24,532
28647.972,533
28657.7,536
28667.432,531
28677.16,525
28686.892,521
28696.62,523
28706.352,511
28716.08,508
28725.812,503
28735.54,508
28745.272,499
28755.0,495
28764.732,495
28774.46,497
28784.192,496
28793.92,491
28803.652,493
28813.38,495
28823.112,492
28832.84,494
28842.572,492
28852.3,499
28862.032,500
28871.76,498
28881.492,503
28891.22,504
28900.952,509
28910.68,503
28920.412,506
28930.14,506
28939.872,510
28949.6,509
28959.332,507
28969.06,510
28978.792,514
28988.52,511
28998.252,510
29007.98,510
29017.712,518
29027.44,509
29037.172,509
29046.9,508
29056.632,512
29066.36,508
29076.092,503
29085.82,504
29095.552,505
29105.28,499
29115.012,496
29124.74,493
29134.472,499
29144.2,497
29153.932,502
29163.66,513
29173.392,534
29183.12,557
29192.852,580
29202.58,611
29212.312,641
29222.04,668
29231.772,687
29241.5,701
29251.232,713
29260.96,715
29270.692,710
29280.42,697
29290.152,683
29299.88,670
29309.612,643
29319.34,622
29329.072,600
29338.8,585
29348.532,563
29358.26,544
29367.992,533
29377.72,523
29387.452,509
29397.18,500
29406.912,494
29416.64,498
29426.372,490
29436.1,492
29445.832,493
29455.56,504
29465.292,507
29475.02,512
29484.752,521
29494.48,530
29504.212,534
29513.94,537
29523.672,540
29533.4,546
29543.132,541
29552.86,539
29562.592,534
29572.32,533
29582.052,529
29591.78,518
29601.512,515
29611.24,511
29620.972,509
29630.7,504
29640.432,501
29650.16,503
29659.892,505
29669.62,502
29679.352,503
29689.08,507
29698.812,516
29708.54,511
29718.272,514
29728.0,511
29737.732,517
29747.46,510
29757.192,506
29766.92,506
29776.652,507
29786.38,504
29796.112,501
29805.84,502
29815.572,508
29825.3,505
29835.032,507
29844.76,506
29854.492,515
29864.22,514
29873.952,514
29883.68,518
29893.412,520
29903.14,521
29912.872,517
29922.6,519
29932.332,520
29942.06,521
29951.792,519
29961.52,514
29971.252,516
29980.98,516
29990.712,509
30000.44,510
30010.172,508
30019.9,514
30029.632,509
30039.36,511
30049.092,520
30058.82,537
30068.552,552
30078.28,574
30088.012,605
30097.74,644
30107.472,671
30117.2,702
30126.932,729
30136.66,757
30146.392,763
30156.12,767
30165.852,767
30175.58,761
30185.312,744
30195.04,723
30204.772,704
30214.5,688
30224.232,665
30233.96,646
30243.692,626
30253.42,617
30263.152,600
30272.88,584
30282.612,573
30292.34,564
30302.072,556
30311.8,541
30321.532,535
30331.26,530
30340.992,530
30350.72,528
30360.452,529
30370.18,537
30379.912,546
30389.64,549
30399.372,556
30409.1,561
30418.832,575
30428.56,570
30438.292,572
30448.02,571
30457.752,574
30467.48,567
30477.212,559
30486.94,559
30496.672,558
30506.4,550
30516.132,545
30525.86,539
30535.592,543
30545.32,534
30555.052,530
30564.78,527
30574.512,528
30584.24,527
30593.972,523
30603.7,524
30613.432,525
30623.16,525
30632.892,522
30642.62,517
30652.352,521
30662.08,519
30671.812,517
30681.54,519
30691.272,522
30701.0,528
30710.732,523
30720.46,524
30730.192,522
30739.92,526
30749.652,521
30759.38,518
30769.112,520
30778.84,524
30788.572,517
30798.3,515
30808.032,515
30817.76,521
30827.492,512
30837.22,511
30846.952,510
30856.68,515
30866.412,510
30876.14,506
30885.872,507
30895.6,510
30905.332,510
30915.06,514
30924.792,526
30934.52,553
30944.252,574
30953.98,606
30963.712,641
30973.44,681
30983.176,717
30992.9,744
31002.636,768
31012.36,784
31022.096,795
31031.82,790
31041.556,781
31051.28,770
31061.012,755
31070.74,733
31080.472,710
31090.2,689
31099.932,674
31109.66,648
31119.392,631
31129.12,611
31138.852,600
31148.58,577
31158.312,557
31168.04,543
31177.772,531
31187.5,515
31197.232,501
31206.96,496
31216.692,499
31226.42,492
31236.152,495
31245.88,498
31255.612,512
31265.34,515
31275.072,521
31284.8,530
31294.532,537
31304.26,542
31313.992,540
31323.72,541
31333.452,542
31343.18,537
31352.912,532
31362.64,524
31372.372,521
31382.1,517
31391.832,505
31401.56,501
31411.292,493
31421.02,494
31430.752,483
31440.48,480
31450.212,479
31459.94,481
31469.672,478
31479.4,473
31489.132,475
31498.86,479
31508.592,473
31518.32,474
31528.052,473
31537.78,482
31547.512,476
31557.24,478
31566.972,480
31576.7,486
31586.432,485
31596.16,481
31605.892,484
31615.62,491
31625.352,487
31635.08,486
31644.812,482
31654.54,488
31664.272,483
31674.0,479
31683.732,478
31693.46,479
31703.192,479
31712.92,475
31722.652,480
31732.38,491
31742.112,509
31751.84,530
31761.572,555
31771.3,590
31781.032,631
31790.76,663
31800.492,696
31810.22,720
31819.952,746
31829.68,751
31839.412,753
31849.14,746
31858.872,738
31868.6,716
31878.332,690
31888.06,668
31897.792,649
31907.52,622
31917.252,600
31926.98,578
31936.712,567
31946.44,544
31956.172,526
31965.9,510
31975.632,500
31985.36,486
31995.092,471
32004.82,463
32014.552,458
32024.28,455
32034.012,451
32043.74,450
32053.472,459
32063.2,464
32072.932,468
32082.66,475
32092.392,483
32102.12,493
32111.852,491
32121.58,495
32131.312,496
32141.04,500
32150.772,493
32160.5,488
32170.232,487
32179.96,488
32189.692,479
32199.42,473
32209.152,469
32218.88,473
32228.612,460
32238.34,458
32248.072,454
32257.8,459
32267.532,453
32277.26,448
32286.992,449
32296.72,452
32306.452,449
32316.18,449
32325.912,451
32335.64,457
32345.372,454
32355.1,455
32364.832,456
32374.56,462
32384.292,463
32394.02,460
32403.752,463
32413.48,463
32423.212,464
32432.94,462
32442.672,460
32452.4,464
32462.132,464
32471.86,461
32481.592,459
32491.32,460
32501.052,464
32510.78,456
32520.512,454
32530.24,452
32539.972,457
32549.7,450
32559.432,448
32569.16,450
32578.892,455
32588.62,455
32598.352,463
32608.08,480
32617.812,509
32627.54,533
32637.272,571
32647.0,610
32656.732,656
32666.46,687
32676.192,714
32685.92,737
32695.652,750
32705.38,751
32715.112,740
32724.84,726
32734.572,710
32744.3,682
32754.032,654
32763.76,624
32773.492,600
32783.22,578
32792.952,553
32802.68,536
32812.412,518
32822.14,507
32831.872,486
32841.6,471
32851.332,458
32861.06,451
32870.792,437
32880.52,426
32890.252,421
32899.98,424
32909.712,420
32919.44,424
32929.172,427
32938.9,444
32948.632,445
32958.36,454
32968.092,462
32977.82,475
32987.552,478
32997.28,480
33007.012,484
33016.74,490
33026.472,486
33036.2,485
33045.932,482
33055.66,486
33065.392,480
33075.12,474
33084.852,471
33094.58,469
33104.312,467
33114.04,458
33123.772,455
33133.5,453
33143.232,451
33152.96,446
33162.692,442
33172.42,445
33182.152,448
33191.88,445
33201.612,448
33211.34,448
33221.072,457
33230.8,452
33240.532,454
33250.26,457
33259.992,462
33269.72,459
33279.452,457
33289.18,459
33298.912,467
33308.64,463
33318.372,462
33328.1,461
33337.832,470
33347.56,464
33357.292,463
33367.02,463
33376.752,467
33386.48,466
33396.212,463
33405.94,466
33415.672,473
33425.4,480
33435.132,492
33444.86,511
33454.592,543
33464.328,574
33474.052,609
33483.788,647
33493.512,684
33503.248,714
33512.972,728
33522.708,740
33532.432,743
33542.164,739
33551.892,723
33561.62,702
33571.352,683
33581.08,664
33590.812,634
33600.54,610
33610.272,589
33620.0,576
33629.732,550
33639.46,535
33649.192,519
33658.92,511
33668.652,494
33678.38,479
33688.112,470
33697.84,465
33707.572,456
33717.3,451
33727.032,448
33736.76,457
33746.492,454
33756.22,460
33765.952,466
33775.68,477
33785.412,482
33795.14,485
33804.872,492
33814.6,498
33824.332,503
33834.06,500
33843.792,499
33853.52,501
33863.252,497
33872.98,491
33882.712,485
33892.44,482
33902.172,482
33911.9,471
33921.632,469
33931.36,464
33941.092,468
33950.82,462
33960.552,460
33970.28,460
33980.012,464
33989.74,459
33999.472,457
34009.2,458
34018.932,466
34028.66,461
34038.392,463
34048.12,464
34057.852,472
34067.58,470
34077.312,468
34087.04,472
34096.772,477
34106.5,479
34116.232,478
34125.96,478
34135.692,484
34145.42,480
34155.152,479
34164.88,476
34174.612,478
34184.34,478
34194.072,472
34203.8,472
34213.532,470
34223.26,473
34232.992,468
34242.72,467
34252.452,468
34262.18,471
34271.912,470
34281.64,468
34291.372,469
34301.1,475
34310.832,467
34320.56,469
34330.292,468
34340.02,477
34349.752,472
34359.48,477
34369.212,489
34378.94,508
34388.672,528
34398.4,556
34408.132,594
34417.86,638
34427.592,672
34437.32,709
34447.052,736
34456.78,766
34466.512,775
34476.24,778
34485.972,770
34495.7,759
34505.432,740
34515.16,711
34524.892,684
34534.62,660
34544.352,632
34554.08,606
34563.812,581
34573.54,563
34583.272,547
34593.0,527
34602.732,511
34612.46,496
34622.192,492
34631.92,477
34641.652,471
34651.38,464
34661.112,468
34670.84,466
34680.572,464
34690.3,471
34700.032,479
34709.76,480
34719.492,484
34729.22,489
34738.952,503
34748.68,500
34758.412,506
34768.14,506
34777.872,514
34787.6,514
34797.332,511
34807.06,508
34816.792,507
34826.52,501
34836.252,497
34845.98,489
34855.712,492
34865.44,483
34875.172,478
34884.9,473
34894.632,472
34904.36,472
34914.092,464
34923.82,465
34933.552,464
34943.28,465
34953.012,462
34962.74,460
34972.472,464
34982.2,468
34991.932,466
35001.66,468
35011.392,468
35021.12,478
35030.852,472
35040.58,475
35050.312,474
35060.04,481
35069.772,477
35079.5,475
35089.232,480
35098.96,483
35108.692,479
35118.42,478
35128.152,476
35137.88,482
35147.612,475
35157.34,474
35167.072,473
35176.8,475
35186.532,473
35196.26,467
35205.992,469
35215.72,469
35225.452,470
35235.18,468
35244.912,473
35254.64,488
35264.372,501
35274.1,521
35283.832,548
35293.56,584
35303.292,623
35313.02,650
35322.752,683
35332.48,706
35342.212,730
35351.94,732
35361.672,728
35371.4,721
35381.132,708
35390.86,680
35400.592,652
35410.32,624
35420.052,602
35429.78,567
35439.512,543
35449.24,520
35458.972,506
35468.7,482
35478.432,464
35488.16,453
35497.892,446
35507.62,435
35517.352,428
35527.08,425
35536.812,434
35546.54,432
35556.272,436
35566.0,441
35575.732,454
35585.46,462
35595.192,468
35604.92,479
35614.652,487
35624.38,497
35634.112,495
35643.84,498
35653.572,501
35663.3,502
35673.032,498
35682.76,493
35692.492,489
35702.22,490
35711.952,479
35721.68,474
35731.412,468
35741.14,470
35750.872,458
35760.6,453
35770.332,451
35780.06,453
35789.792,447
35799.52,445
35809.252,448
35818.98,454
35828.712,450
35838.44,451
35848.172,451
35857.9,463
35867.632,459
35877.36,462
35887.092,464
35896.82,469
35906.552,469
35916.28,467
35926.012,467
35935.74,470
35945.472,469
35955.2,468
35964.936,467
35974.66,470
35984.396,470
35994.12,467
36003.856,467
36013.58,466
36023.316,472
36033.04,465
36042.772,464
36052.5,465
36062.232,469
36071.96,465
36081.692,462
36091.42,465
36101.152,472
36110.88,465
36120.612,466
36130.34,466
36140.072,475
36149.8,467
36159.532,468
36169.26,471
36178.992,483
36188.72,492
36198.452,508
36208.18,535
36217.912,569
36227.64,600
36237.372,632
36247.1,662
36256.832,694
36266.56,710
36276.292,719
36286.02,720
36295.752,715
36305.48,701
36315.212,674
36324.94,651
36334.672,624
36344.4,597
36354.132,566
36363.86,539
36373.592,520
36383.32,502
36393.052,482
36402.78,467
36412.512,455
36422.24,453
36431.972,437
36441.7,433
36451.432,429
36461.16,435
36470.892,430
36480.62,429
36490.352,436
36500.08,446
36509.812,449
36519.54,456
36529.272,461
36539.0,476
36548.732,477
36558.46,481
36568.192,485
36577.92,490
36587.652,491
36597.38,487
36607.112,486
36616.84,487
36626.572,483
36636.3,478
36646.032,472
36655.76,473
36665.492,465
36675.22,461
36684.952,454
36694.68,452
36704.412,451
36714.14,442
36723.872,442
36733.6,441
36743.332,445
36753.06,442
36762.792,441
36772.52,444
36782.252,447
36791.98,444
36801.712,445
36811.44,449
36821.172,458
36830.9,452
36840.632,453
36850.36,454
36860.092,463
36869.82,459
36879.552,457
36889.28,458
36899.012,463
36908.74,463
36918.472,459
36928.2,459
36937.932,464
36947.66,459
36957.392,459
36967.12,457
36976.852,461
36986.58,459
36996.312,454
37006.04,455
37015.772,455
37025.5,457
37035.232,453
37044.96,453
37054.692,456
37064.42,458
37074.152,457
37083.88,456
37093.612,459
37103.34,462
37113.072,456
37122.8,459
37132.532,458
37142.26,468
37151.992,464
37161.72,473
37171.452,489
37181.18,514
37190.912,535
37200.64,562
37210.372,593
37220.1,628
37229.832,642
37239.56,659
37249.292,666
37259.02,675
37268.752,663
37278.48,649
37288.212,632
37297.94,613
37307.672,587
37317.4,558
37327.132,536
37336.86,517
37346.592,496
37356.32,479
37366.052,463
37375.78,458
37385.512,450
37395.24,440
37404.972,437
37414.7,434
37424.432,435
37434.16,430
37443.892,431
37453.62,434
37463.352,442
37473.08,445
37482.812,448
37492.54,458
37502.272,469
37512.0,472
37521.732,478
37531.46,480
37541.192,492
37550.92,486
37560.652,486
37570.38,487
37580.112,490
37589.84,485
37599.572,478
37609.3,477
37619.032,478
37628.76,471
37638.492,465
37648.22,460
37657.952,463
37667.68,456
37677.412,452
37687.14,450
37696.872,452
37706.6,451
37716.332,448
37726.06,450
37735.792,454
37745.52,454
37755.252,454
37764.98,454
37774.712,458
37784.44,462
37794.172,461
37803.9,463
37813.632,463
37823.36,471
37833.092,464
37842.82,467
37852.552,465
37862.28,472
37872.012,466
37881.74,463
37891.472,464
37901.2,469
37910.932,465
37920.66,464
37930.392,461
37940.12,469
37949.852,461
37959.58,462
37969.312,462
37979.04,468
37988.772,465
37998.5,462
38008.232,464
38017.96,468
38027.692,465
38037.42,464
38047.152,463
38056.88,469
38066.612,466
38076.34,465
38086.072,464
38095.8,468
38105.532,473
38115.26,471
38124.992,483
38134.72,498
38144.452,520
38154.18,538
38163.912,562
38173.64,588
38183.372,612
38193.1,626
38202.832,636
38212.56,641
38222.292,645
38232.02,628
38241.752,614
38251.48,595
38261.212,580
38270.94,553
38280.672,529
38290.4,509
38300.132,494
38309.86,474
38319.592,460
38329.32,447
38339.052,445
38348.78,433
38358.512,429
38368.24,427
38377.972,429
38387.7,427
38397.432,425
38407.16,430
38416.892,437
38426.62,442
38436.352,447
38446.088,452
38455.812,464
38465.548,469
38475.272,475
38485.008,478
38494.732,484
38504.468,492
38514.192,489
38523.924,489
38533.652,486
38543.38,490
38553.112,482
38562.84,478
38572.572,475
38582.3,474
38592.032,465
38601.76,462
38611.492,459
38621.22,462
38630.952,453
38640.68,452
38650.412,449
38660.14,455
38669.872,450
38679.6,449
38689.332,454
38699.06,457
38708.792,456
38718.52,457
38728.252,459
38737.98,466
38747.712,463
38757.44,464
38767.172,465
38776.9,471
38786.632,471
38796.36,468
38806.092,471
38815.82,471
38825.552,475
38835.28,471
38845.012,473
38854.74,473
38864.472,475
38874.2,472
38883.932,471
38893.66,471
38903.392,475
38913.12,468
38922.852,471
38932.58,468
38942.312,476
38952.04,470
38961.772,469
38971.5,472
38981.232,475
38990.96,470
39000.692,468
39010.42,469
39020.152,475
39029.88,470
39039.612,474
39049.34,477
39059.072,492
39068.8,500
39078.532,516
39088.26,538
39097.992,563
39107.72,584
39117.452,600
39127.18,616
39136.912,628
39146.64,631
39156.372,626
39166.1,618
39175.832,608
39185.56,593
39195.292,571
39205.02,553
39214.752,532
39224.48,517
39234.212,495
39243.94,480
39253.672,467
39263.4,463
39273.132,452
39282.86,444
39292.592,441
39302.32,441
39312.052,435
39321.78,435
39331.512,435
39341.24,445
39350.972,441
39360.7,446
39370.432,453
39380.16,462
39389.892,468
39399.62,470
39409.352,478
39419.08,487
39428.812,488
39438.54,492
39448.272,492
39458.0,497
39467.732,494
39477.46,492
39487.192,491
39496.92,490
39506.652,488
39516.38,480
39526.112,478
39535.84,476
39545.572,474
39555.3,469
39565.032,467
39574.76,467
39584.492,470
39594.22,465
39603.952,465
39613.68,465
39623.412,472
39633.14,465
39642.872,467
39652.6,469
39662.332,477
39672.06,473
39681.792,472
39691.52,475
39701.252,479
39710.98,475
39720.712,476
39730.44,476
39740.172,483
39749.9,476
39759.632,475
39769.36,476
39779.092,479
39788.82,477
39798.552,472
39808.28,476
39818.012,479
39827.74,477
39837.472,474
39847.2,472
39856.932,477
39866.66,474
39876.392,472
39886.12,473
39895.852,476
39905.58,480
39915.312,475
39925.04,478
39934.772,478
39944.5,483
39954.232,479
39963.96,478
39973.692,481
39983.42,484
39993.152,480
40002.88,479
40012.612,480
40022.34,488
40032.072,486
40041.8,495
40051.532,506
40061.26,531
40070.992,546
40080.72,566
40090.452,588
40100.18,609
40109.912,619
40119.64,627
40129.372,631
40139.1,633
40148.832,621
40158.56,608
40168.292,593
40178.02,579
40187.752,560
40197.48,539
40207.212,526
40216.94,510
40226.672,498
40236.4,485
40246.132,476
40255.86,471
40265.592,467
40275.32,462
40285.052,459
40294.78,459
40304.512,462
40314.24,458
40323.972,462
40333.7,465
40343.432,477
40353.16,476
40362.892,480
40372.62,488
40382.352,495
40392.08,496
40401.812,499
40411.54,501
40421.272,509
40431.0,503
40440.732,504
40450.46,502
40460.192,508
40469.92,503
40479.652,500
40489.38,500
40499.112,498
40508.84,495
40518.572,488
40528.3,486
40538.032,487
40547.76,481
40557.492,479
40567.22,476
40576.952,480
40586.68,479
40596.412,476
40606.14,479
40615.872,478
40625.6,483
40635.332,479
40645.06,481
40654.792,481
40664.52,484
40674.252,482
40683.98,482
40693.712,483
40703.44,489
40713.172,484
40722.9,487
40732.632,488
40742.36,497
40752.092,492
40761.82,492
40771.552,493
40781.28,498
40791.012,495
40800.74,492
40810.472,495
40820.2,499
40829.932,494
40839.66,494
40849.392,493
40859.12,499
40868.852,495
40878.58,495
40888.312,496
40898.04,497
40907.772,499
40917.5,494
40927.232,494
40936.96,497
40946.696,496
40956.42,495
40966.156,492
40975.88,494
40985.616,494
40995.34,492
41005.076,492
41014.8,492
41024.532,503
41034.26,505
41043.992,518
41053.72,536
41063.452,562
41073.18,579
41082.912,600
41092.64,621
41102.372,641
41112.1,648
41121.832,654
41131.56,652
41141.292,653
41151.02,638
41160.752,623
41170.48,607
41180.212,594
41189.94,572
41199.672,552
41209.4,538
41219.132,528
41228.86,514
41238.592,503
41248.32,495
41258.052,494
41267.78,486
41277.512,481
41287.24,480
41296.972,482
41306.7,486
41316.432,485
41326.16,490
41335.892,495
41345.62,504
41355.352,506
41365.08,512
41374.812,519
41384.54,525
41394.272,525
41404.0,530
41413.732,531
41423.46,539
41433.192,533
41442.92,532
41452.652,530
41462.38,532
41472.112,523
41481.84,518
41491.572,518
41501.3,517
41511.032,511
41520.76,509
41530.492,507
41540.22,510
41549.952,503
41559.68,501
41569.412,500
41579.14,505
41588.872,503
41598.6,500
41608.332,503
41618.06,504
41627.792,505
41637.52,503
41647.252,505
41656.98,509
41666.712,509
41676.44,509
41686.172,510
41695.9,512
41705.632,516
41715.36,511
41725.092,511
41734.82,511
41744.552,516
41754.28,510
41764.012,508
41773.74,510
41783.472,510
41793.2,505
41802.932,503
41812.66,501
41822.392,506
41832.12,497
41841.852,498
41851.58,495
41861.312,502
41871.04,497
41880.772,497
41890.5,499
41900.232,502
41909.96,500
41919.692,500
41929.42,505
41939.152,519
41948.88,526
41958.612,542
41968.34,562
41978.072,588
41987.8,610
41997.532,628
42007.26,647
42016.992,660
42026.72,672
42036.452,669
42046.18,667
42055.912,662
42065.64,653
42075.372,635
42085.1,617
42094.832,601
42104.56,588
42114.292,564
42124.02,551
42133.752,535
42143.48,531
42153.212,516
42162.94,508
42172.672,503
42182.4,502
42192.132,496
42201.86,491
42211.592,493
42221.32,499
42231.052,496
42240.78,502
42250.512,506
42260.24,519
42269.972,521
42279.7,527
42289.432,533
42299.16,539
42308.892,541
42318.62,541
42328.352,541
42338.08,544
42347.812,541
42357.54,538
42367.272,532
42377.0,532
42386.732,527
42396.46,521
42406.192,516
42415.92,512
42425.652,514
42435.38,506
42445.112,505
42454.84,504
42464.572,507
42474.3,503
42484.032,501
42493.76,503
42503.492,510
42513.22,505
42522.952,507
42532.68,507
42542.412,515
42552.14,510
42561.872,510
42571.6,511
42581.332,517
42591.06,514
42600.792,510
42610.52,512
42620.252,515
42629.98,512
42639.712,511
42649.44,510
42659.172,515
42668.9,511
42678.632,510
42688.36,509
42698.092,511
42707.82,512
42717.552,507
42727.28,508
42737.012,508
42746.74,511
42756.472,507
42766.2,504
42775.932,506
42785.66,508
42795.392,504
42805.12,505
42814.852,505
42824.58,512
42834.312,504
42844.04,505
42853.772,506
42863.5,512
42873.232,507
42882.96,505
42892.692,509
42902.42,514
42912.152,514
42921.88,519
42931.612,530
42941.34,552
42951.072,567
42960.8,593
42970.532,621
42980.26,651
42989.992,675
42999.72,691
43009.452,707
43019.18,716
43028.912,716
43038.64,707
43048.372,693
43058.1,682
43067.832,662
43077.56,640
43087.292,618
43097.02,600
43106.752,585
43116.48,565
43126.212,553
43135.94,540
43145.672,538
43155.4,526
43165.132,519
43174.86,517
43184.592,516
43194.32,510
43204.052,508
43213.78,511
43223.512,520
43233.24,518
43242.972,524
43252.7,529
43262.432,542
43272.16,541
43281.892,545
43291.62,551
43301.352,557
43311.08,557
43320.812,554
43330.54,553
43340.272,555
43350.0,548
43359.732,544
43369.46,538
43379.192,540
43388.92,534
43398.652,526
43408.38,523
43418.112,521
43427.848,520
43437.572,514
43447.308,512
43457.032,515
43466.768,516
43476.492,514
43486.228,514
43495.952,517
43505.684,523
43515.412,519
43525.14,522
43534.872,523
43544.6,530
43554.332,525
43564.06,524
43573.792,527
43583.52,531
43593.252,528
43602.98,526
43612.712,528
43622.44,533
43632.172,529
43641.9,529
43651.632,526
43661.36,532
43671.092,526
43680.82,525
43690.552,526
43700.28,526
43710.012,525
43719.74,520
43729.472,519
43739.2,520
43748.932,518
43758.66,516
43768.392,513
43778.12,516
43787.852,516
43797.58,513
43807.312,514
43817.04,514
43826.772,518
43836.5,512
43846.232,513
43855.96,515
43865.692,518
43875.42,517
43885.152,518
43894.88,528
43904.612,546
43914.34,560
43924.072,585
43933.8,612
43943.532,649
43953.26,670
43962.992,696
43972.72,718
43982.452,737
43992.18,741
44001.912,736
44011.64,731
44021.372,722
44031.1,701
44040.832,679
44050.56,656
44060.292,639
44070.02,614
44079.752,593
44089.48,575
44099.212,561
44108.94,548
44118.672,532
44128.4,524
44138.132,516
44147.86,512
44157.592,505
44167.32,500
44177.052,503
44186.78,507
44196.512,507
44206.24,514
44215.972,519
44225.7,534
44235.432,536
44245.16,545
44254.892,551
44264.62,564
44274.352,562
44284.08,562
44293.812,564
44303.54,566
44313.272,559
44323.0,554
44332.732,548
44342.46,550
44352.192,537
44361.92,532
44371.652,526
44381.38,525
44391.112,518
44400.84,511
44410.572,508
44420.3,507
44430.032,504
44439.76,500
44449.492,498
44459.22,503
44468.952,501
44478.68,500
44488.412,500
44498.14,503
44507.872,506
44517.6,504
44527.332,508
44537.06,509
44546.792,516
44556.52,512
44566.252,513
44575.98,517
44585.712,519
44595.44,515
44605.172,514
44614.9,514
44624.632,519
44634.36,511
44644.092,511
44653.82,508
44663.552,515
44673.28,508
44683.012,506
44692.74,505
44702.472,508
44712.2,503
44721.932,501
44731.66,502
44741.392,506
44751.12,502
44760.852,504
44770.58,508
44780.312,524
44790.04,539
44799.772,559
44809.5,587
44819.232,617
44828.96,647
44838.692,671
44848.42,695
44858.152,714
44867.88,726
44877.612,727
44887.34,720
44897.072,711
44906.8,700
44916.532,677
44926.26,656
44935.992,634
44945.72,617
44955.452,589
44965.18,569
44974.912,554
44984.64,544
44994.372,527
45004.1,513
45013.832,505
45023.56,505
45033.292,493
45043.02,491
45052.752,489
45062.48,498
45072.212,497
45081.94,503
45091.672,510
45101.4,522
45111.132,529
45120.86,533
45130.592,542
45140.32,550
45150.052,553
45159.78,553
45169.512,552
45179.24,555
45188.972,553
45198.7,547
45208.432,541
45218.16,537
45227.892,536
45237.62,525
45247.352,521
45257.08,518
45266.812,519
45276.54,512
45286.272,507
45296.0,505
45305.732,509
45315.46,501
45325.192,501
45334.92,500
45344.652,509
45354.38,503
45364.112,504
45373.84,505
45383.572,512
45393.3,509
45403.032,506
45412.76,508
45422.492,513
45432.22,511
45441.952,511
45451.68,507
45461.412,513
45471.14,510
45480.872,509
45490.6,508
45500.332,512
45510.06,510
45519.792,505
45529.52,505
45539.252,505
45548.98,506
45558.712,502
45568.44,500
45578.172,502
45587.9,504
45597.632,500
45607.36,501
45617.092,502
45626.82,507
45636.552,502
45646.28,503
45656.012,503
45665.74,508
45675.472,501
45685.2,500
45694.932,504
45704.66,517
45714.392,526
45724.12,545
45733.852,571
45743.58,608
45753.312,634
45763.04,667
45772.772,699
45782.5,730
45792.232,745
45801.96,753
45811.692,757
45821.42,755
45831.152,742
45840.88,721
45850.612,699
45860.34,678
45870.072,651
45879.8,624
45889.532,600
45899.26,582
45908.992,566
45918.72,546
45928.456,534
45938.18,525
45947.916,520
45957.64,508
45967.376,499
45977.1,497
45986.836,497
45996.56,493
46006.292,495
46016.02,499
46025.752,511
46035.48,510
46045.212,516
46054.94,523
46064.672,536
46074.4,535
46084.132,538
46093.86,541
46103.592,547
46113.32,544
46123.052,539
46132.78,537
46142.512,539
46152.24,529
46161.972,523
46171.7,515
46181.432,516
46191.16,508
46200.892,500
46210.62,496
46220.352,494
46230.08,492
46239.812,487
46249.54,487
46259.272,487
46269.0,487
46278.732,485
46288.46,484
46298.192,489
46307.92,493
46317.652,490
46327.38,491
46337.112,494
46346.84,501
46356.572,496
46366.3,496
46376.032,499
46385.76,504
46395.492,501
46405.22,498
46414.952,499
46424.68,506
46434.412,499
46444.14,500
46453.872,497
46463.6,503
46473.332,497
46483.06,494
46492.792,494
46502.52,497
46512.252,494
46521.98,490
46531.712,490
46541.44,493
46551.172,492
46560.9,492
46570.632,492
46580.36,499
46590.092,499
46599.82,496
46609.552,496
46619.28,497
46629.012,498
46638.74,492
46648.472,492
46658.2,493
46667.932,496
46677.66,497
46687.392,503
46697.12,522
46706.852,548
46716.58,573
46726.312,607
46736.04,638
46745.772,678
46755.5,699
46765.232,720
46774.96,734
46784.692,746
46794.42,740
46804.152,726
46813.88,711
46823.612,695
46833.34,669
46843.072,642
46852.8,614
46862.532,595
46872.26,568
46881.992,546
46891.72,528
46901.452,516
46911.18,502
46920.912,487
46930.64,478
46940.372,472
46950.1,467
46959.832,462
46969.56,460
46979.292,464
46989.02,469
46998.752,471
47008.48,477
47018.212,486
47027.94,499
47037.672,500
47047.4,508
47057.132,513
47066.86,522
47076.592,519
47086.32,517
47096.052,517
47105.78,518
47115.512,509
47125.24,505
47134.972,499
47144.7,501
47154.432,489
47164.16,485
47173.892,480
47183.62,482
47193.352,476
47203.08,471
47212.812,469
47222.54,471
47232.272,469
47242.0,467
47251.732,465
47261.46,471
47271.192,469
47280.92,470
47290.652,471
47300.38,475
47310.112,477
47319.84,474
47329.572,476
47339.3,478
47349.032,483
47358.76,479
47368.492,480
47378.22,482
47387.952,485
47397.68,482
47407.412,480
47417.14,479
47426.872,485
47436.6,476
47446.332,477
47456.06,474
47465.792,480
47475.52,475
47485.252,472
47494.98,473
47504.712,476
47514.44,471
47524.172,471
47533.9,469
47543.632,475
47553.36,469
47563.092,469
47572.82,473
47582.552,489
47592.28,503
47602.012,523
47611.74,551
47621.472,584
47631.2,615
47640.932,640
47650.66,664
47660.392,687
47670.12,697
47679.852,697
47689.58,691
47699.312,681
47709.04,666
47718.772,639
47728.5,613
47738.232,586
47747.96,566
47757.692,535
47767.42,512
47777.152,493
47786.88,479
47796.612,460
47806.34,445
47816.072,437
47825.8,435
47835.532,425
47845.26,422
47854.992,423
47864.72,433
47874.452,434
47884.18,442
47893.912,451
47903.64,465
47913.372,472
47923.1,480
47932.832,490
47942.56,502
47952.292,506
47962.02,508
47971.752,509
47981.48,513
47991.212,509
48000.94,503
48010.672,496
48020.4,493
48030.132,489
48039.86,478
48049.592,474
48059.32,471
48069.052,468
48078.78,460
48088.512,454
48098.24,453
48107.972,456
48117.7,453
48127.432,454
48137.16,454
48146.892,463
48156.62,458
48166.352,460
48176.08,462
48185.812,468
48195.54,464
48205.272,463
48215.0,467
48224.732,472
48234.46,470
48244.192,469
48253.92,471
48263.652,479
48273.38,474
48283.112,475
48292.84,477
48302.572,481
48312.3,481
48322.032,476
48331.76,478
48341.492,481
48351.22,478
48360.952,475
48370.68,474
48380.412,474
48390.14,472
48399.872,470
48409.608,469
48419.332,470
48429.068,472
48438.792,467
48448.528,470
48458.252,469
48467.988,475
48477.712,470
48487.444,467
48497.172,470
48506.9,478
48516.632,479
48526.36,490
48536.092,509
48545.82,540
48555.552,563
48565.28,596
48575.012,628
48584.74,663
48594.472,684
48604.2,699
48613.932,710
48623.66,713
48633.392,703
48643.12,687
48652.852,666
48662.58,645
48672.312,615
48682.04,588
48691.772,561
48701.5,540
48711.232,517
48720.96,498
48730.692,484
48740.42,475
48750.152,468
48759.88,459
48769.612,453
48779.34,450
48789.072,449
48798.8,446
48808.532,447
48818.26,452
48827.992,462
48837.72,461
48847.452,469
48857.18,476
48866.912,491
48876.64,491
48886.372,497
48896.1,502
48905.832,510
48915.56,507
48925.292,505
48935.02,505
48944.752,509
48954.48,501
48964.212,496
48973.94,491
48983.672,493
48993.4,485
49003.132,478
49012.86,475
49022.592,474
49032.32,469
49042.052,463
49051.78,462
49061.512,464
49071.24,462
49080.972,459
49090.7,457
49100.432,462
49110.16,464
49119.892,462
49129.62,465
49139.352,467
49149.08,475
49158.812,472
49168.54,475
49178.272,477
49188.0,481
49197.732,479
49207.46,478
49217.192,481
49226.92,487
49236.652,480
49246.38,479
49256.112,479
49265.84,486
49275.572,480
49285.3,478
49295.032,478
49304.76,481
49314.492,476
49324.22,472
49333.952,474
49343.68,478
49353.412,475
49363.14,473
49372.872,472
49382.6,479
49392.332,478
49402.06,475
49411.792,476
49421.52,477
49431.252,477
49440.98,473
49450.712,474
49460.44,475
49470.172,477
49479.9,480
49489.632,489
49499.36,506
49509.092,530
49518.82,555
49528.552,586
49538.28,619
49548.012,656
49557.74,676
49567.472,696
49577.2,709
49586.932,717
49596.66,704
49606.392,689
49616.12,670
49625.852,650
49635.58,621
49645.312,592
49655.04,565
49664.772,547
49674.5,520
49684.232,501
49693.96,486
49703.692,479
49713.42,466
49723.152,457
49732.88,452
49742.612,451
49752.34,449
49762.072,447
49771.8,448
49781.532,455
49791.26,460
49800.992,465
49810.72,472
49820.452,483
49830.18,493
49839.912,495
49849.64,502
49859.372,507
49869.1,515
49878.832,513
49888.56,513
49898.292,512
49908.02,514
49917.752,507
49927.48,502
49937.212,497
49946.94,501
49956.672,491
49966.4,487
49976.132,482
49985.86,486
49995.592,477
50005.32,471
50015.052,470
50024.78,473
50034.512,471
50044.24,470
50053.972,471
50063.7,476
50073.432,473
50083.16,476
50092.892,476
50102.62,482
50112.352,481
50122.08,480
50131.812,482
50141.54,485
50151.272,486
50161.0,483
50170.732,482
50180.46,484
50190.192,488
50199.92,485
50209.652,485
50219.38,487
50229.112,491
50238.84,485
50248.572,485
50258.3,484
50268.032,489
50277.76,483
50287.492,482
50297.22,482
50306.952,487
50316.68,481
50326.412,480
50336.14,479
50345.872,484
50355.6,477
50365.332,476
50375.06,474
50384.792,479
50394.52,475
50404.252,478
50413.98,487
50423.712,505
50433.44,524
50443.172,548
50452.9,579
50462.632,614
50472.36,639
50482.092,662
50491.82,677
50501.552,691
50511.28,694
50521.012,686
50530.74,672
50540.472,655
50550.2,637
50559.932,607
50569.66,584
50579.392,559
50589.12,541
50598.852,516
50608.58,497
50618.312,482
50628.04,476
50637.772,460
50647.5,452
50657.232,446
50666.96,450
50676.692,442
50686.42,445
50696.152,449
50705.88,460
50715.612,463
50725.34,471
50735.072,482
50744.8,497
50754.532,502
50764.26,510
50773.992,515
50783.72,527
50793.452,527
50803.18,529
50812.912,527
50822.64,528
50832.372,523
50842.1,516
50851.832,512
50861.56,507
50871.292,501
50881.02,493
50890.752,486
50900.48,482
50910.216,480
50919.94,475
50929.676,471
50939.4,469
50949.136,473
50958.86,468
50968.596,469
50978.32,471
50988.052,479
50997.78,474
51007.512,476
51017.24,479
51026.972,487
51036.7,485
51046.432,485
51056.16,486
51065.892,493
51075.62,487
51085.352,489
51095.08,489
51104.812,494
51114.54,491
51124.272,490
51134.0,493
51143.732,495
51153.46,495
51163.192,490
51172.92,490
51182.652,493
51192.38,489
51202.112,488
51211.84,486
51221.572,490
51231.3,490
51241.032,486
51250.76,488
51260.492,490
51270.22,493
51279.952,490
51289.68,490
51299.412,489
51309.14,493
51318.872,492
51328.6,497
51338.332,508
51348.06,531
51357.792,548
51367.52,578
51377.252,609
51386.98,649
51396.712,672
51406.44,697
51416.172,718
51425.9,733
51435.632,733
51445.36,729
51455.092,718
51464.82,704
51474.552,678
51484.28,653
51494.012,625
51503.74,604
51513.472,577
51523.2,555
51532.932,536
51542.66,523
51552.392,512
51562.12,498
51571.852,492
51581.58,489
51591.312,484
51601.04,479
51610.772,478
51620.5,484
51630.232,490
51639.96,493
51649.692,499
51659.42,507
51669.152,522
51678.88,524
51688.612,533
51698.34,540
51708.072,550
51717.8,550
51727.532,550
51737.26,552
51746.992,556
51756.72,549
51766.452,543
51776.18,538
51785.912,540
51795.64,529
51805.372,523
51815.1,517
51824.832,518
51834.56,510
51844.292,506
51854.02,505
51863.752,507
51873.48,506
51883.212,503
51892.94,503
51902.672,508
51912.4,505
51922.132,502
51931.86,503
51941.592,506
51951.32,511
51961.052,509
51970.78,513
51980.512,515
51990.24,521
51999.972,519
52009.7,518
52019.432,522
52029.16,527
52038.892,522
52048.62,521
52058.352,521
52068.08,527
52077.812,519
52087.54,518
52097.272,516
52107.0,521
52116.732,513
52126.46,510
52136.192,510
52145.92,512
52155.652,509
52165.38,505
52175.112,506
52184.84,512
52194.572,508
52204.3,507
52214.032,507
52223.76,511
52233.492,509
52243.22,506
52252.952,506
52262.68,506
52272.412,508
52282.14,509
52291.872,519
52301.6,538
52311.332,563
52321.06,592
52330.792,626
52340.52,665
52350.252,706
52359.98,734
52369.712,763
52379.44,784
52389.172,800
52398.9,796
52408.632,788
52418.36,772
52428.092,757
52437.82,728
52447.552,699
52457.28,673
52467.012,652
52476.74,623
52486.472,603
52496.2,583
52505.932,574
52515.66,557
52525.392,545
52535.12,535
52544.852,529
52554.58,523
52564.312,516
52574.04,514
52583.772,519
52593.5,520
52603.232,522
52612.96,527
52622.692,537
52632.42,545
52642.152,550
52651.88,556
52661.612,561
52671.34,569
52681.072,567
52690.8,569
52700.532,567
52710.26,568
52719.992,560
52729.72,552
52739.452,547
52749.18,546
52758.912,534
52768.64,528
52778.372,521
52788.1,524
52797.832,514
52807.56,510
52817.292,508
52827.02,512
52836.752,507
52846.48,505
52856.212,506
52865.94,511
52875.672,509
52885.4,508
52895.132,508
52904.86,516
52914.592,515
52924.32,514
52934.052,514
52943.78,518
52953.512,518
52963.24,514
52972.972,516
52982.7,516
52992.432,516
53002.16,514
53011.892,512
53021.62,513
53031.352,513
53041.08,508
53050.812,504
53060.54,503
53070.272,508
53080.0,500
53089.732,498
53099.46,497
53109.192,501
53118.92,495
53128.652,494
53138.38,496
53148.112,501
53157.84,497
53167.572,496
53177.3,496
53187.032,502
53196.76,496
53206.492,496
53216.22,494
53225.952,499
53235.68,496
53245.412,494
53255.14,503
53264.872,520
53274.6,537
53284.332,562
53294.06,594
53303.792,637
53313.52,674
53323.252,707
53332.98,738
53342.712,765
53352.44,783
53362.172,786
53371.9,784
53381.632,774
53391.368,760
53401.092,734
53410.828,707
53420.552,680
53430.288,655
53440.012,625
53449.748,597
53459.472,575
53469.204,562
53478.932,537
53488.66,522
53498.392,506
53508.12,502
53517.852,487
53527.58,480
53537.312,478
53547.04,483
53556.772,482
53566.5,483
53576.232,491
53585.96,505
53595.692,511
53605.42,521
53615.152,529
53624.88,541
53634.612,545
53644.34,546
53654.072,549
53663.8,553
53673.532,552
53683.26,544
53692.992,539
53702.72,536
53712.452,529
53722.18,520
53731.912,509
53741.64,502
53751.372,499
53761.1,488
53770.832,484
53780.56,477
53790.292,480
53800.02,472
53809.752,470
53819.48,469
53829.212,475
53838.94,471
53848.672,471
53858.4,475
53868.132,484
53877.86,480
53887.592,483
53897.32,485
53907.052,494
53916.78,489
53926.512,490
53936.24,492
53945.972,498
53955.7,498
53965.432,493
53975.16,495
53984.892,498
53994.62,495
54004.352,494
54014.08,492
54023.812,498
54033.54,496
54043.272,492
54053.0,492
54062.732,492
54072.46,493
54082.192,485
54091.92,483
54101.652,482
54111.38,488
54121.112,494
54130.84,508
54140.572,533
54150.3,567
54160.032,596
54169.76,634
54179.492,670
54189.22,711
54198.952,733
54208.68,752
54218.412,763
54228.14,769
54237.872,758
54247.6,741
54257.332,722
54267.06,699
54276.792,667
54286.52,638
54296.252,607
54305.98,586
54315.712,557
54325.44,534
54335.172,515
54344.9,500
54354.632,485
54364.36,468
54374.092,460
54383.82,455
54393.552,453
54403.28,450
54413.012,451
54422.74,460
54432.472,470
54442.2,478
54451.932,489
54461.66,501
54471.392,517
54481.12,519
54490.852,528
54500.58,531
54510.312,540
54520.04,534
54529.772,530
54539.5,528
54549.232,527
54558.96,516
54568.692,507
54578.42,498
54588.152,499
54597.88,485
54607.612,480
54617.34,473
54627.072,473
54636.8,467
54646.532,463
54656.26,462
54665.992,466
54675.72,464
54685.452,463
54695.18,465
54704.912,473
54714.64,472
54724.372,474
54734.1,474
54743.832,479
54753.56,482
54763.292,479
54773.02,482
54782.752,483
54792.48,485
54802.212,482
54811.94,480
54821.672,481
54831.4,482
54841.132,478
54850.86,474
54860.592,475
54870.32,481
54880.052,473
54889.78,472
54899.512,469
54909.24,476
54918.972,468
54928.7,466
54938.432,466
54948.16,471
54957.892,469
54967.62,465
54977.352,465
54987.08,469
54996.812,462
55006.54,461
55016.272,460
55026.0,467
55035.732,468
55045.46,477
55055.192,497
55064.92,526
55074.652,563
55084.38,602
55094.112,646
55103.84,692
55113.572,730
55123.3,759
55133.032,778
55142.76,789
55152.492,791
55162.22,775
55171.952,754
55181.68,728
55191.412,704
55201.14,664
55210.872,630
55220.6,600
55230.332,575
55240.06,547
55249.792,523
55259.52,507
55269.252,496
55278.98,476
55288.712,465
55298.44,455
55308.172,457
55317.9,447
55327.632,445
55337.36,447
55347.092,454
55356.82,458
55366.552,463
55376.28,472
55386.012,486
55395.74,492
55405.472,499
55415.2,502
55424.932,512
55434.66,513
55444.392,512
55454.12,511
55463.852,510
55473.58,507
55483.312,495
55493.04,488
55502.772,482
55512.5,478
55522.232,467
55531.96,460
55541.692,456
55551.42,456
55561.152,448
55570.88,444
55580.612,443
55590.34,449
55600.072,442
55609.8,444
55619.532,446
55629.26,454
55638.992,454
55648.72,453
55658.452,459
55668.18,466
55677.912,464
55687.64,465
55697.372,465
55707.1,473
55716.832,468
55726.56,468
55736.292,468
55746.02,471
55755.752,469
55765.48,465
55775.212,467
55784.94,468
55794.672,468
55804.4,463
55814.132,461
55823.86,463
55833.592,461
55843.32,458
55853.052,456
55862.78,458
55872.512,462
55882.24,456
55891.976,457
55901.7,457
55911.436,464
55921.16,460
55930.896,460
55940.62,461
55950.356,465
55960.08,460
55969.812,459
55979.54,459
55989.272,467
55999.0,463
56008.732,474
56018.46,490
56028.192,524
56037.92,556
56047.652,594
56057.38,639
56067.112,681
56076.84,714
56086.572,737
56096.3,753
56106.032,765
56115.76,755
56125.492,741
56135.22,718
56144.952,695
56154.68,664
56164.412,627
56174.14,595
56183.872,566
56193.6,541
56203.332,514
56213.06,496
56222.792,482
56232.52,473
56242.252,461
56251.98,450
56261.712,445
56271.44,445
56281.172,435
56290.9,437
56300.632,436
56310.36,447
56320.092,446
56329.82,451
56339.552,462
56349.28,474
56359.012,479
56368.74,484
56378.472,489
56388.2,500
56397.932,498
56407.66,499
56417.392,497
56427.12,501
56436.852,494
56446.58,487
56456.312,483
56466.04,480
56475.772,474
56485.5,464
56495.232,459
56504.96,459
56514.692,453
56524.42,449
56534.152,444
56543.88,447
56553.612,448
56563.34,444
56573.072,447
56582.8,446
56592.532,452
56602.26,450
56611.992,452
56621.72,455
56631.452,462
56641.18,459
56650.912,458
56660.64,462
56670.372,469
56680.1,465
56689.832,466
56699.56,465
56709.292,471
56719.02,466
56728.752,464
56738.48,464
56748.212,467
56757.94,464
56767.672,459
56777.4,460
56787.132,464
56796.86,459
56806.592,458
56816.32,456
56826.052,461
56835.78,456
56845.512,454
56855.24,454
56864.972,455
56874.7,456
56884.432,450
56894.16,453
56903.892,455
56913.62,457
56923.352,455
56933.08,458
56942.812,473
56952.54,492
56962.272,515
56972.0,546
56981.732,583
56991.46,628
57001.192,657
57010.92,690
57020.652,711
57030.38,732
57040.112,731
57049.84,723
57059.572,709
57069.3,690
57079.032,659
57088.76,629
57098.492,597
57108.22,574
57117.952,538
57127.68,515
57137.412,491
57147.14,478
57156.872,459
57166.6,443
57176.332,436
57186.06,429
57195.792,423
57205.52,419
57215.252,416
57224.98,424
57234.712,426
57244.44,433
57254.172,438
57263.9,450
57273.632,463
57283.36,469
57293.092,481
57302.82,487
57312.552,500
57322.28,499
57332.012,499
57341.74,501
57351.472,501
57361.2,494
57370.932,487
57380.66,481
57390.392,481
57400.12,467
57409.852,462
57419.58,454
57429.312,455
57439.04,444
57448.772,439
57458.5,439
57468.232,440
57477.96,438
57487.692,436
57497.42,438
57507.152,446
57516.88,442
57526.612,447
57536.34,449
57546.072,458
57555.8,459
57565.532,457
57575.26,461
57584.992,464
57594.72,467
57604.452,464
57614.18,466
57623.912,470
57633.64,471
57643.372,470
57653.1,468
57662.832,469
57672.56,472
57682.292,466
57692.02,466
57701.752,463
57711.48,469
57721.212,462
57730.94,461
57740.672,463
57750.4,465
57760.132,462
57769.86,460
57779.592,461
57789.32,466
57799.052,459
57808.78,460
57818.512,457
57828.24,463
57837.972,457
57847.7,458
57857.432,465
57867.16,477
57876.892,496
57886.62,517
57896.352,553
57906.08,593
57915.812,627
57925.54,660
57935.272,688
57945.0,714
57954.732,727
57964.46,726
57974.192,721
57983.92,706
57993.652,689
58003.38,658
58013.112,632
58022.84,603
58032.572,577
58042.3,548
58052.032,521
58061.76,503
58071.492,490
58081.22,471
58090.952,459
58100.68,447
58110.412,448
58120.14,434
58129.872,431
58139.6,429
58149.332,435
58159.06,435
58168.792,437
58178.52,449
58188.252,461
58197.98,467
58207.712,475
58217.44,482
58227.172,496
58236.9,498
58246.632,502
58256.36,506
58266.092,510
58275.82,509
58285.552,501
58295.28,500
58305.012,497
58314.74,491
58324.472,483
58334.2,475
58343.932,474
58353.66,469
58363.392,462
58373.128,459
58382.852,455
58392.588,460
58402.312,452
58412.048,454
58421.772,455
58431.508,462
58441.232,460
58450.964,461
58460.692,466
58470.42,472
58480.152,471
58489.88,472
58499.612,473
58509.34,482
58519.072,475
58528.8,477
58538.532,477
58548.26,481
58557.992,479
58567.72,477
58577.452,479
58587.18,481
58596.912,480
58606.64,477
58616.372,476
58626.1,480
58635.832,475
58645.56,474
58655.292,471
58665.02,473
58674.752,473
58684.48,467
58694.212,470
58703.94,469
58713.672,474
58723.4,468
58733.132,466
58742.86,471
58752.592,472
58762.32,470
58772.052,469
58781.78,469
58791.512,476
58801.24,467
58810.972,473
58820.7,479
58830.432,498
58840.16,512
58849.892,537
58859.62,574
58869.352,615
58879.08,653
58888.812,686
58898.54,718
58908.272,748
58918.0,756
58927.732,759
58937.46,750
58947.192,738
58956.92,713
58966.652,681
58976.38,650
58986.112,620
58995.84,592
59005.572,562
59015.3,539
59025.032,522
59034.76,507
59044.492,494
59054.22,483
59063.952,478
59073.68,477
59083.412,468
59093.14,469
59102.872,468
59112.6,478
59122.332,477
59132.06,484
59141.792,494
59151.52,506
59161.252,513
59170.98,520
59180.712,531
59190.44,545
59200.172,545
59209.9,548
59219.632,549
59229.36,557
59239.092,551
59248.82,545
59258.552,542
59268.28,540
59278.012,534
59287.74,524
59297.472,520
59307.2,518
59316.932,511
59326.66,507
59336.392,502
59346.12,506
59355.852,503
59365.58,499
59375.312,501
59385.04,502
59394.772,508
59404.5,504
59414.232,508
59423.96,512
59433.692,517
59443.42,517
59453.152,516
59462.88,523
59472.612,529
59482.34,526
59492.072,527
59501.8,526
59511.532,535
59521.26,528
59530.992,529
59540.72,527
59550.452,531
59560.18,525
59569.912,518
59579.64,519
59589.372,522
59599.1,516
59608.832,514
59618.56,509
59628.292,515
59638.02,510
59647.752,509
59657.48,509
59667.212,511
59676.94,511
59686.672,504
59696.4,507
59706.132,509
59715.86,509
59725.592,505
59735.32,502
59745.052,506
59754.78,508
59764.512,508
59774.24,516
59783.972,529
59793.7,556
59803.432,580
59813.16,619
59822.892,658
59832.62,704
59842.352,739
59852.08,771
59861.812,800
59871.54,820
59881.272,822
59891.0,816
59900.732,804
59910.46,792
59920.192,757
59929.92,729
59939.652,695
59949.38,669
59959.112,636
59968.84,606
59978.572,585
59988.3,568
59998.032,548
