mean_X,mean_Y,mean_Z,var_X,var_Y,var_Z,max_X,max_Y,max_Z,min_X,min_Y,min_Z,iqr_X,iqr_Y,iqr_Z,rms_X,rms_Y,rms_Z,zcr_X,zcr_Y,zcr_Z,timestamp
-0.02766959087719303,0.0069385973099415355,-0.14770818309941525,0.3141048542887006,0.19215520355072738,0.150526703868195,1.04760003,1.06719995,1.04960001,-1.4332,-0.95849997,-1.14749992,0.74599998,0.5047499950000001,0.484999975,0.5611331932331326,0.4384100223345229,0.4151438440140061,0.16374269005847952,0.16374269005847952,0.17543859649122806,2994
-0.02736300601156074,0.009923122023121404,-0.14145548745664746,0.31048313644368786,0.19069678793673633,0.15219609855603256,1.04760003,1.06719995,1.04960001,-1.4332,-0.95849997,-1.14749992,0.74499998,0.50559999,0.48439998,0.5578815918648659,0.4368011633311227,0.4149768107830007,0.16184971098265896,0.16184971098265896,0.17341040462427745,3034
-0.022765909431818224,0.015778977784090927,-0.13338863284090918,0.3065840804851633,0.18944014375722587,0.15343705159596976,1.04760003,1.06719995,1.04960001,-1.4332,-0.95849997,-1.14749992,0.74259998,0.518474985,0.49032497750000004,0.5541681758432371,0.43553314443006114,0.4137989596013222,0.1590909090909091,0.17045454545454544,0.1590909090909091,3094
-0.01806067455056184,0.017703933033707882,-0.12705055848314617,0.3051262838525993,0.18764464906217182,0.15525101667168267,1.04760003,1.06719995,1.04960001,-1.4332,-0.95849997,-1.14749992,0.7397999774999999,0.51299999,0.5007749775,0.5526775477779251,0.43354132249075616,0.4139962090195538,0.15730337078651685,0.16853932584269662,0.15730337078651685,3134
-0.019036464419889546,0.0213679561325967,-0.1232950244198896,0.30159632380571644,0.18543468945593103,0.15357390165127693,1.04760003,1.06719995,1.04960001,-1.4332,-0.95849997,-1.14749992,0.7417999799999999,0.50539997,0.48939998,0.5495076985660223,0.4311511092473445,0.4108230333099377,0.16022099447513813,0.16574585635359115,0.15469613259668508,3194
-0.022614754480874362,0.02083224076502734,-0.11829180027322413,0.2994597833108304,0.18343408697937488,0.15416542086609805,1.04760003,1.06719995,1.04960001,-1.4332,-0.95849997,-1.14749992,0.738399985,0.49569998,0.50994998,0.5476962757140681,0.42879840162326494,0.41007117781914204,0.15846994535519127,0.16939890710382513,0.14207650273224043,3234
-0.03001720473118284,0.02266612930107529,-0.11575214758064527,0.2982703681041803,0.18070526081289426,0.15233988008645805,1.04760003,1.06719995,1.04960001,-1.4332,-0.95849997,-1.14749992,0.7304749825000001,0.48167499,0.5133999874999999,0.5469656302584781,0.42569826665184723,0.4071098620225129,0.15591397849462366,0.17204301075268819,0.14516129032258066,3294
-0.029103191914893658,0.02116329819148938,-0.11754042244680864,0.295260188514163,0.17908531184484983,0.15101750242828124,1.04760003,1.06719995,1.04960001,-1.4332,-0.95849997,-1.14749992,0.7196249875,0.48494999,0.5023999825,0.5441573157587779,0.4237135790073191,0.40599661739632215,0.16489361702127658,0.17553191489361702,0.14361702127659576,3334
-0.03417958151832465,0.01450052397905761,-0.12352931607329853,0.29226114662132685,0.17912491886423867,0.15106613238322772,1.04760003,1.06719995,1.04960001,-1.4332,-0.95849997,-1.14749992,0.69994998,0.501349995,0.49469998,0.5416912316200944,0.42347985083107076,0.407830386696191,0.16230366492146597,0.17277486910994763,0.1518324607329843,3394
-0.03316632160621765,0.010309845025906754,-0.12542383082901565,0.2894917239665123,0.17912260289997714,0.15002799572485867,1.04760003,1.06719995,1.04960001,-1.4332,-0.95849997,-1.14749992,0.68229998,0.50559999,0.48939998,0.539065607190256,0.42335433835551445,0.4071352761241455,0.16580310880829016,0.16062176165803108,0.15025906735751296,3434
-0.026508163826530644,0.010855612653061243,-0.12477499668367359,0.28828657647122996,0.1765308068823655,0.1478449536285284,1.04760003,1.06719995,1.04960001,-1.4332,-0.95849997,-1.14749992,0.7138999825000001,0.49884998999999997,0.48729997999999997,0.5375772123338973,0.4202959091026689,0.40424467025050437,0.16326530612244897,0.16326530612244897,0.15816326530612246,3494
-0.024067172373737403,0.012401010505050523,-0.12075403722222235,0.2866745689815998,0.17499882062963565,0.14809463226998892,1.04760003,1.06719995,1.04960001,-1.4332,-0.95849997,-1.14749992,0.7139749950000001,0.4920249875,0.4963249825,0.5359606308001241,0.4185123722080173,0.40333133993709785,0.16666666666666666,0.16161616161616163,0.15151515151515152,3534
-0.02805721442786073,0.014738308855721409,-0.11878308144278618,0.284019277046589,0.17276068606726755,0.1462303494412651,1.04760003,1.06719995,1.04960001,-1.4332,-0.95849997,-1.14749992,0.7138999699999999,0.47829998,0.48529999,0.5336726377921583,0.4159061238010258,0.40042448711125134,0.1691542288557214,0.1691542288557214,0.14925373134328357,3594
-0.030189655517241412,0.016019212216748784,-0.11462068655172424,0.28171679363577046,0.17122365576041804,0.14653222090180076,1.04760003,1.06719995,1.04960001,-1.4332,-0.95849997,-1.14749992,0.6980499800000001,0.46704999,0.49789998500000004,0.5316278857772795,0.4141017639668578,0.3995874406026664,0.1724137931034483,0.16748768472906403,0.1477832512315271,3634
-0.02341893262135926,0.015617961553398075,-0.11142426888349524,0.2816418545348376,0.1691138645043632,0.14537572431107978,1.04760003,1.06719995,1.04960001,-1.4332,-0.95849997,-1.14749992,0.7139749950000001,0.452999995,0.49457498499999997,0.5312158703765932,0.4115310258382068,0.397229268820037,0.17475728155339806,0.16990291262135923,0.14563106796116504,3694
-0.020613942980769264,0.01625096192307694,-0.11064807394230777,0.2797995527725746,0.1676044358849114,0.14456149771474242,1.04760003,1.06719995,1.04960001,-1.4332,-0.95849997,-1.14749992,0.713724985,0.447399985,0.4988999825,0.5293623403849096,0.4097176218425768,0.39598547193285366,0.17307692307692307,0.17307692307692307,0.14903846153846154,3734
-0.021691500650000008,0.01100700050000001,-0.11466949690000008,0.27512374368708137,0.1734948892013332,0.14770402612949118,1.04760003,1.06719995,1.04960001,-1.4332,-0.95849997,-1.14749992,0.6619999975,0.47764998999999997,0.50312499,0.5249707276482475,0.41667258520490663,0.40106498182811995,0.175,0.16,0.155,3794
0.018010455294117673,0.018085621568627475,-0.11717123856209155,0.21856393382620345,0.21181227132448988,0.15370096595811317,0.92919999,1.06719995,1.04960001,-1.41419995,-0.95849997,-1.14749992,0.68779999,0.57249999,0.48349998,0.46785500994015744,0.46058588887634566,0.40918219060008926,0.1437908496732026,0.1111111111111111,0.11764705882352941,3834
0.03527933066666672,0.004791334333333319,-0.11907399666666675,0.22099751113420563,0.20746791480215973,0.1560667173452803,0.92919999,1.06719995,1.04960001,-1.41419995,-0.95849997,-1.14749992,0.68982498,0.546424995,0.5008999825,0.47142564875756765,0.45551165922164233,0.4126079665099227,0.12666666666666668,0.12,0.12,3894
0.03692617181208058,-0.000642951879194678,-0.11272617127516785,0.22217573119513054,0.20520166019799538,0.1603526181682457,0.92919999,1.06719995,1.04960001,-1.41419995,-0.95849997,-1.14749992,0.70319998,0.5436,0.5206999800000001,0.4727994007608573,0.4529923548859454,0.41600457672795405,0.12751677852348994,0.10738255033557047,0.11409395973154363,3934
0.019344292953020162,-0.009238924899328874,-0.1097684531543625,0.23039517975174534,0.19700637896983234,0.1611515256080182,0.92919999,1.06719995,1.04960001,-1.41419995,-0.95849997,-1.14749992,0.7125,0.52660001,0.52609998,0.4803846182191907,0.44395015114664366,0.41617380854147906,0.12751677852348994,0.09395973154362416,0.10738255033557047,3994
-0.0037550348322147246,-0.010444965234899373,-0.10700872181208063,0.2517298976466843,0.196048696097846,0.16422182923833298,0.92919999,1.06719995,1.04960001,-1.5848999,-0.95849997,-1.14749992,0.70099997,0.52660001,0.52609998,0.5017409669672943,0.44289704604637437,0.419133267329364,0.14093959731543623,0.087248322147651,0.10738255033557047,4034
-0.021680537651006717,0.0020624167785234754,-0.09733959456375844,0.24010822503262677,0.19715684131845473,0.17302816235863314,0.92919999,1.06719995,1.04960001,-1.5848999,-0.95849997,-1.14749992,0.6667000000000001,0.54549998,0.55869998,0.49048778857935227,0.4440282591023043,0.42720388461303815,0.1476510067114094,0.11409395973154363,0.10738255033557047,4094
-0.026190604496644312,0.01651677892617446,-0.09473556771812087,0.23667741914301355,0.19142486757480343,0.1738706469422934,0.92919999,1.06719995,1.04960001,-1.5848999,-0.95849997,-1.14749992,0.6597,0.5351999700000001,0.5710999800000001,0.4871995144772961,0.4378329265380798,0.427604343679023,0.1476510067114094,0.11409395973154363,0.10738255033557047,4134
-0.04480738248322149,0.037361744832214744,-0.08472550100671147,0.22521527702167374,0.18370885113513286,0.18242479805045073,0.8351,1.06719995,1.04960001,-1.5848999,-0.95849997,-1.14749992,0.61820001,0.50459997,0.59659998,0.4766791148631031,0.4302380168139963,0.4354345054899632,0.1610738255033557,0.11409395973154363,0.11409395973154363,4194
-0.04781208060402684,0.05148791865771813,-0.08506711181208061,0.22090139379609963,0.1750703314825112,0.18270344589027343,0.75589997,1.06719995,1.04960001,-1.5848999,-0.95849997,-1.14749992,0.61820001,0.4958,0.59659998,0.4724271254360672,0.42157008581043204,0.43582090289742,0.1610738255033557,0.12751677852348994,0.12080536912751678,4234
-0.05507114040268451,0.06027516657718122,-0.08886375604026849,0.2133519809166943,0.16326765250264355,0.1854847306670602,0.63609999,1.06719995,1.04960001,-1.5848999,-0.95849997,-1.14749992,0.61429998,0.4958,0.6206,0.46517180849869505,0.4085348800390862,0.4397516319522243,0.1610738255033557,0.1342281879194631,0.10738255033557047,4294
-0.0642577171140939,0.063699327852349,-0.09797046738255039,0.20984806500649347,0.15771939913458197,0.19233848278936835,0.63609999,1.06719995,1.04960001,-1.5848999,-0.94919997,-1.14749992,0.60079998,0.4958,0.6355,0.4625766090229902,0.40221512092836964,0.44937366997691763,0.16778523489932887,0.1342281879194631,0.10067114093959731,4334
-0.06809999885906033,0.064322817852349,-0.10811476268456378,0.20925189363707417,0.15774275349875516,0.19588293667894935,0.63609999,1.06719995,1.04960001,-1.5848999,-0.94919997,-1.14749992,0.60079998,0.47800000000000004,0.6619,0.4624818953015114,0.402343358830765,0.4556004154841047,0.174496644295302,0.1342281879194631,0.10738255033557047,4394
-0.06726375724832209,0.0724510057718121,-0.10825167530201352,0.20933459916734914,0.1565066422124516,0.19715630115935487,0.63609999,1.06719995,1.04960001,-1.5848999,-0.94919997,-1.14749992,0.60079998,0.44959998,0.65069999,0.46244892929545245,0.40218874978024793,0.4570281461409649,0.1610738255033557,0.12751677852348994,0.10738255033557047,4434
-0.06988791825503349,0.09528053543624161,-0.10033825275167796,0.20645263559185723,0.15209343327321148,0.20446747583515684,0.62779999,1.06719995,1.04960001,-1.5848999,-0.94919997,-1.14749992,0.60079998,0.41249999,0.66759999,0.4597139944681688,0.4014620949806201,0.4631794909108307,0.1610738255033557,0.12751677852348994,0.10067114093959731,4494
-0.07600805228187912,0.10347650838926176,-0.09987785006711415,0.20162467016122834,0.145703578891178,0.20426668041245466,0.62779999,1.06719995,1.04960001,-1.5848999,-0.94919997,-1.14749992,0.54419999,0.40969999,0.67259998,0.4554139810907358,0.39548826364332346,0.46286311728899227,0.1610738255033557,0.1342281879194631,0.10738255033557047,4534
-0.07971476348993281,0.10853556892617452,-0.09650805154362424,0.1987557944260128,0.14051367397650266,0.20380840066337425,0.62779999,1.06719995,1.04960001,-1.5848999,-0.94919997,-1.14749992,0.54329999,0.40969999,0.67259998,0.45289097798948114,0.3902481821849155,0.46165160530005855,0.1610738255033557,0.1342281879194631,0.12080536912751678,4594
-0.0891060383892617,0.11577382395973156,-0.0911865751677853,0.1932497643572966,0.1313561914176606,0.20248351953270038,0.62779999,1.06719995,1.04960001,-1.5848999,-0.94919997,-1.14749992,0.51709999,0.40969999,0.6534999699999999,0.4485416930840711,0.38047308673797103,0.4591279898062526,0.16778523489932887,0.12080536912751678,0.12751677852348994,4634
-0.10196644080536903,0.13626576966442952,-0.06582013261744966,0.18759609679727068,0.11273050853751918,0.20621850009980558,0.62779999,1.06719995,1.04960001,-1.5848999,-0.65099996,-1.14749992,0.49569999,0.36629997999999997,0.6419999599999999,0.4449643264889731,0.3623518573427747,0.45885813707243345,0.16778523489932887,0.18120805369127516,0.15436241610738255,4694
-0.11104160812080531,0.1466664404026846,-0.054040267315436215,0.18244214252174434,0.10888433579975353,0.2048966211979129,0.62779999,1.06719995,1.04960001,-1.5848999,-0.65099996,-1.14749992,0.48869999,0.3514,0.63409999,0.44133024058611586,0.3611030054432499,0.4558694678188444,0.18120805369127516,0.19463087248322147,0.14093959731543623,4734
-0.12374966161073817,0.15262482953020137,-0.03493422731543622,0.18351357361894619,0.10633860952424629,0.20121330871365906,0.62779999,1.06719995,1.04960001,-1.5848999,-0.65099996,-1.14749992,0.50639999,0.343,0.62439999,0.4459008324366735,0.36004575836047464,0.44992633725064973,0.18120805369127516,0.18791946308724833,0.15436241610738255,4794
-0.12723221181208047,0.15648657436241614,-0.02339328771812078,0.18447582034265447,0.1053904448476316,0.2055401185908783,0.62779999,1.06719995,1.04960001,-1.5848999,-0.65099996,-1.14749992,0.51420001,0.3407,0.63580001,0.44795519426081953,0.3603865879903352,0.4539684620115599,0.174496644295302,0.18791946308724833,0.12751677852348994,4834
-0.12247650724832207,0.15273154046979867,-0.015950335167785223,0.18274140623976878,0.10237769793729279,0.20486735523042485,0.62779999,1.06719995,1.04960001,-1.5848999,-0.65099996,-1.14749992,0.4969,0.3407,0.60150001,0.44468179754462295,0.3545484753761756,0.4529037076712769,0.18791946308724833,0.18791946308724833,0.1342281879194631,4894
-0.10517852107382543,0.1452201313422819,-0.023489932147650983,0.17218961256563578,0.0963205349186621,0.20211821849877298,0.62779999,1.06719995,1.04960001,-1.5848999,-0.65099996,-1.14749992,0.48869999,0.33489999,0.6191000099999999,0.42807958823204006,0.34265058217626254,0.45018884416550575,0.18120805369127516,0.20134228187919462,0.12751677852348994,4934
-0.0632812065771812,0.12220738026845636,-0.05214832073825502,0.15405617111382758,0.0846795733576123,0.18311134168730792,0.76289999,1.03600001,0.8994,-1.5848999,-0.65099996,-1.14749992,0.49169998000000004,0.33279999,0.6058999599999999,0.3975684623051625,0.3156172003387828,0.4310809541642124,0.18120805369127516,0.16778523489932887,0.14093959731543623,4994
-0.03349932812080533,0.10302684362416106,-0.06568858906040269,0.14874467519027357,0.0808220320947622,0.18436622102835448,1.01489997,0.88569999,0.8994,-1.5848999,-0.65099996,-1.14749992,0.49959997,0.3306,0.58919999,0.3871264395192079,0.3023847922795053,0.4343745063434328,0.18120805369127516,0.16778523489932887,0.15436241610738255,5034
0.0010013423489932845,0.07630335429530198,-0.07670335409395974,0.16368865427707086,0.07929680731078906,0.1900083711391262,1.21589994,0.62599999,0.8994,-1.5848999,-0.65099996,-1.14749992,0.5209,0.34039999,0.61979997,0.4045857844309049,0.2917516224248007,0.44259662862293636,0.18120805369127516,0.15436241610738255,0.1476510067114094,5094
0.016979194429530192,0.06679865651006711,-0.0686818776510067,0.1669060916880412,0.07880755186559113,0.1863361830574196,1.21589994,0.62599999,0.8994,-1.5848999,-0.65099996,-1.14749992,0.5397000000000001,0.36979998000000003,0.58919999,0.40889409965358636,0.28856474555485995,0.43709653782098,0.16778523489932887,0.16778523489932887,0.15436241610738255,5134
0.03222147583892617,0.05631946201342282,-0.06208993147651005,0.17019200752521813,0.07657660935327044,0.1809679154212158,1.21589994,0.62599999,0.8994,-1.5848999,-0.65099996,-1.14749992,0.56549999,0.34549999,0.58449998,0.4137997474992664,0.28239775345202695,0.42991054303421466,0.16778523489932887,0.15436241610738255,0.1610738255033557,5194
0.033133556442953016,0.054744965234899336,-0.04851811953020133,0.16998283771056938,0.0765654387907855,0.16981943584804535,1.21589994,0.62599999,0.8994,-1.5848999,-0.65099996,-1.14749992,0.56549999,0.34679999,0.58029997,0.413618991673651,0.2820681655369068,0.414937879411837,0.16778523489932887,0.15436241610738255,0.16778523489932887,5234
0.012160403020134228,0.059213421476510056,-0.032228858590604044,0.18304645613087137,0.0770263940802399,0.15130415480500753,1.21589994,0.62599999,0.8994,-1.5848999,-0.65099996,-0.92019999,0.6,0.35149999000000004,0.54579997,0.4280120693771188,0.283782704482135,0.3903112272674982,0.16778523489932887,0.15436241610738255,0.174496644295302,5294
0.001542953422818794,0.06025368986577183,-0.017642953154362432,0.1896324970229232,0.07716833015291523,0.1432480506580468,1.21589994,0.62599999,0.8994,-1.5848999,-0.65099996,-0.92019999,0.60189998,0.35149999000000004,0.53919999,0.4354708689776943,0.2842513628733481,0.3788922332986701,0.174496644295302,0.15436241610738255,0.16778523489932887,5334
-0.013971811275167789,0.06075033416107383,-0.0032543629530201244,0.20765816056048336,0.07708641486581465,0.1323820515795285,1.21589994,0.62599999,0.8994,-1.5848999,-0.65099996,-0.81720001,0.6093999800000001,0.35149999000000004,0.53169997,0.4559093901980878,0.2842129799402145,0.3638579976553471,0.15436241610738255,0.1476510067114094,0.18791946308724833,5394
-0.026216106510067116,0.0616281865100671,0.00320402630872484,0.21133347996280882,0.07734342806501066,0.12972054237786956,1.21589994,0.62599999,0.8994,-1.5848999,-0.65099996,-0.81720001,0.6045,0.36419998000000003,0.5131999700000001,0.46045712526070876,0.28485340341574,0.3601816321836201,0.16778523489932887,0.1476510067114094,0.18120805369127516,5435
-0.03642013335570471,0.060873823959731545,0.014318119798657736,0.20810509315062148,0.07714658254599625,0.12783137245163279,1.21589994,0.62599999,0.8994,-1.5848999,-0.65099996,-0.81720001,0.54689999,0.36419998000000003,0.5056999799999999,0.457636885821356,0.28434522149928354,0.3578217167895229,0.1610738255033557,0.1476510067114094,0.16778523489932887,5494
-0.032108724093959734,0.06163087093959733,0.018509394765100683,0.20930670335794424,0.07714755201187108,0.12528731066926865,1.21589994,0.62599999,0.8994,-1.5848999,-0.65099996,-0.81720001,0.60349998,0.36419998000000003,0.45729998,0.458625853524293,0.28450995811156493,0.3544430960871422,0.1610738255033557,0.14093959731543623,0.174496644295302,5534
-0.0371953011409396,0.06486040107382551,0.02756778369127518,0.21057289562571968,0.07764707011282447,0.12225120825947874,1.21589994,0.62599999,0.8994,-1.5848999,-0.65099996,-0.81720001,0.61389998,0.36419998000000003,0.43189997999999996,0.4603872131724392,0.2861012788162297,0.35072951252657325,0.16778523489932887,0.1342281879194631,0.19463087248322147,5594
-0.0420563747651007,0.06623758234899328,0.0293342265771812,0.21108775251153716,0.07789931275669462,0.12226269677744088,1.21589994,0.62599999,0.8994,-1.5848999,-0.65099996,-0.81720001,0.62339997,0.36419998000000003,0.43189997999999996,0.4613637297945297,0.2868566367929011,0.35088914720509995,0.1610738255033557,0.1342281879194631,0.19463087248322147,5634
-0.04122550228187921,0.06241207912751677,0.03282348818791948,0.21095783611139224,0.07673797746290012,0.1231451055436475,1.21589994,0.62599999,0.8994,-1.5848999,-0.65099996,-0.81720001,0.62339997,0.34679999,0.43629998999999997,0.4611478918414196,0.28395993570206274,0.3524521058533627,0.16778523489932887,0.12080536912751678,0.18791946308724833,5694
-0.03923020026845639,0.0614275154362416,0.0326422801342282,0.21018786074691057,0.0763776377624848,0.12306421491049774,1.21589994,0.62599999,0.8994,-1.5848999,-0.65099996,-0.81720001,0.61389998,0.33819999,0.43189997999999996,0.46013788081401624,0.28310947955721033,0.352320498073642,0.174496644295302,0.12080536912751678,0.18791946308724833,5734
-0.04601543483221478,0.061853689731543635,0.03756375637583893,0.21415651928682666,0.0765352146796947,0.12464973660081592,1.21589994,0.62599999,0.8994,-1.5848999,-0.65099996,-0.81720001,0.6357999700000001,0.33819999,0.44489999,0.4650526201728409,0.2834803231497749,0.3550503800784888,0.174496644295302,0.11409395973154363,0.18120805369127516,5794
-0.03916577073825505,0.06448389100671141,0.04065637382550336,0.2138815097988949,0.07629343841280917,0.12407597609077048,1.21589994,0.62599999,0.8994,-1.5848999,-0.65099996,-0.81720001,0.63119999,0.33689999000000004,0.44369999,0.4641287185645987,0.2836399312723345,0.35458273621738773,0.18120805369127516,0.12751677852348994,0.18120805369127516,5834
-0.0369489922147651,0.07049932711409397,0.044505366912751684,0.21339396898486385,0.07437519093613791,0.12227494598369301,1.21589994,0.62599999,0.8994,-1.5848999,-0.65099996,-0.81720001,0.63119999,0.28769999,0.42019998999999997,0.4634211874855861,0.28168305958945766,0.35249918250647294,0.18791946308724833,0.14093959731543623,0.18791946308724833,5894
-0.031440938590604026,0.07095234724832213,0.04363825281879195,0.2104236737855757,0.07444026624529596,0.1225391706526146,1.21589994,0.62599999,0.8994,-1.5848999,-0.65099996,-0.81720001,0.60349998,0.28769999,0.42969999,0.45979583121754586,0.2819122236181723,0.35276545715487995,0.18791946308724833,0.1476510067114094,0.18791946308724833,5934
-0.031107381610738255,0.06228858899328859,0.03879798456375838,0.21022287663768663,0.07672351636272863,0.12278825918207241,1.21589994,0.62599999,0.8994,-1.5848999,-0.65099996,-0.81720001,0.60349998,0.33229999,0.42309999,0.4595547256076939,0.28390735228504294,0.3525528936036152,0.18120805369127516,0.12751677852348994,0.18120805369127516,5994
-0.026175166979865775,0.052670468523489944,0.026216777114093974,0.21360023775893217,0.07875269539790541,0.12476883570089102,1.21589994,0.62599999,0.8994,-1.5848999,-0.65099996,-0.81720001,0.6045,0.3436,0.41379999,0.4629096857113233,0.2855291117423745,0.35419790386610295,0.18791946308724833,0.12751677852348994,0.19463087248322147,6034
-0.02394765040268456,0.037316777651006744,0.00017785140939599654,0.21808964391805694,0.08272876852255077,0.14084673672817832,1.21589994,0.62599999,0.8994,-1.5848999,-0.65099996,-1.0783,0.6045,0.39369999,0.43849999,0.46761430033507984,0.2900367397706806,0.3752955746598968,0.19463087248322147,0.11409395973154363,0.19463087248322147,6094
-0.03377852268456377,0.026828187248322182,-0.01703959798657716,0.21707024179269827,0.08646996797518389,0.1525060860758789,1.21589994,0.62599999,0.8994,-1.5848999,-0.65099996,-1.0783,0.57859999,0.4014,0.44339999,0.4671308493210978,0.29527905378847125,0.3908918443449838,0.20134228187919462,0.11409395973154363,0.18120805369127516,6133
-0.034822818053691265,0.01976040214765101,-0.03295503409395972,0.21771030147572593,0.08706235026558065,0.15953018299797347,1.21589994,0.62599999,0.8994,-1.5848999,-0.65099996,-1.0783,0.57859999,0.40769997999999996,0.50939998,0.46789200691284155,0.2957242360014099,0.40076953136448334,0.20134228187919462,0.10738255033557047,0.18120805369127516,6193
-0.03431275087248322,0.0187375834228188,-0.040945637919463075,0.21723794576993907,0.08696828701529852,0.15952792143812003,1.21589994,0.62599999,0.8994,-1.5848999,-0.65099996,-1.0783,0.59729999,0.40769997999999996,0.52419998,0.4673492384099671,0.2954985347642618,0.4015027605169756,0.20134228187919462,0.10738255033557047,0.18120805369127516,6234
-0.033026844496644295,0.023711408791946307,-0.03206644348993287,0.21477814292650083,0.08905025361080601,0.16210748844425604,1.21589994,0.62599999,0.8994,-1.5848999,-0.65099996,-1.0783,0.56819999,0.42339998,0.51089999,0.4646169555493067,0.29935344413870507,0.40390066259211455,0.18791946308724833,0.10067114093959731,0.18120805369127516,6293
-0.031732213624161086,0.0359248312080537,-0.018864430469798632,0.2142298693178532,0.09251346095169308,0.16749765023403007,1.21589994,0.65529996,0.8994,-1.5848999,-0.65099996,-1.0783,0.56319999,0.4076,0.49859999,0.46393620541982133,0.30627447567340677,0.40969930067182203,0.174496644295302,0.10067114093959731,0.16778523489932887,6333
-0.024544965436241614,0.05382013288590607,0.003589260268456411,0.21302423217067362,0.09032759451743216,0.16921983903786636,1.21589994,0.65529996,0.8994,-1.5848999,-0.65099996,-1.0783,0.54409998,0.40439999000000004,0.46619999,0.4621976714555581,0.305326384744733,0.41137904884320625,0.174496644295302,0.11409395973154363,0.18120805369127516,6393
-0.028952347852348983,0.06082147489932888,0.009934897718120825,0.21256650737442745,0.0908581292979832,0.1710020971279883,1.21589994,0.65529996,0.8994,-1.5848999,-0.65099996,-1.0783,0.54409998,0.41169998,0.48209998000000004,0.46195751516843087,0.30750183919273216,0.41364332379558344,0.18120805369127516,0.11409395973154363,0.16778523489932887,6433
-0.04524295154362415,0.06505234724832216,0.02151207872483224,0.20844597589931294,0.0922609234377791,0.1761002993781717,1.21589994,0.65529996,0.8994,-1.5848999,-0.65099996,-1.0783,0.49139999,0.43089998,0.498,0.45879505289801426,0.3106327917659297,0.4201940848099067,0.18791946308724833,0.12080536912751678,0.1610738255033557,6492
-0.04381677711409396,0.06794899147651008,0.02646711214765103,0.2074113300159919,0.09339502636300316,0.18009953189944974,1.21589994,0.65529996,0.8994,-1.5848999,-0.65099996,-1.0783,0.48809997,0.43449998,0.50040001,0.45752731063036894,0.3130688291824627,0.4252058794571003,0.18791946308724833,0.12080536912751678,0.16778523489932887,6533
-0.041964428187919456,0.07098187724832218,0.03312550107382553,0.2065533973679486,0.09446358365990158,0.18284407666341357,1.21589994,0.65529996,0.8994,-1.5848999,-0.65099996,-1.0783,0.48419998000000003,0.44029999000000003,0.5165999800000001,0.45641473530232085,0.3154393928436927,0.4288838717937591,0.174496644295302,0.1342281879194631,0.1476510067114094,6594
-0.041991945100671134,0.06997113899328862,0.03307785006711412,0.20606253454565568,0.09437364529913639,0.18245897662175647,1.21589994,0.65529996,0.8994,-1.5848999,-0.65099996,-1.0783,0.4832,0.44029999000000003,0.50689998,0.45587921426513145,0.315070794570291,0.428430998863083,0.16778523489932887,0.1342281879194631,0.14093959731543623,6634
-0.054659058791946304,0.06954899134228192,0.028169125369127544,0.19924148426589838,0.09448058775684179,0.18211126178044867,1.21589994,0.65529996,0.8994,-1.5848999,-0.65099996,-1.0783,0.46140000999999997,0.44029999000000003,0.50040001,0.44969889590026774,0.3151470291047825,0.4276736622759348,0.15436241610738255,0.12751677852348994,0.1342281879194631,6693
-0.0563382532885906,0.06674295107382551,0.028794628657718153,0.19869090011961235,0.09484971843552753,0.18183564824720244,1.21589994,0.65529996,0.8994,-1.5848999,-0.65099996,-1.0783,0.4524,0.44029999000000003,0.49590001,0.44929377794848424,0.31512591126971873,0.4273930028518699,0.1610738255033557,0.10738255033557047,0.1342281879194631,6733
-0.054111407718120785,0.06858321946308728,0.033010735906040284,0.19961074972793152,0.0942499360846285,0.18168862236990824,1.21589994,0.65529996,0.8994,-1.5848999,-0.65099996,-1.0783,0.46090001,0.44029999000000003,0.48340001,0.45004310257259605,0.31456890195400833,0.42752582501524594,0.16778523489932887,0.12080536912751678,0.12751677852348994,6793
-0.052408723154362416,0.06936241409395977,0.03510603785234901,0.19996537583656465,0.09406845408425275,0.18149607959750427,1.21589994,0.65529996,0.8994,-1.5848999,-0.65099996,-1.0783,0.46140000999999997,0.44029999000000003,0.48340001,0.45023554957292666,0.3144512658158571,0.42746755840788064,0.1610738255033557,0.11409395973154363,0.12080536912751678,6834
-0.05509060221476511,0.06191006530201344,0.02811073604026849,0.19708956272800396,0.09463107346158912,0.18068209376554295,1.21589994,0.65529996,0.8994,-1.5848999,-0.65099996,-1.0783,0.46140000999999997,0.45659998,0.48370001,0.44735281063204424,0.31378962641758695,0.4259956657599566,0.15436241610738255,0.087248322147651,0.12751677852348994,6894
-0.046755703154362414,0.053125501744966434,0.018230199395973166,0.1952053450782864,0.0947027683368826,0.18191936720584895,1.21589994,0.65529996,0.8994,-1.5848999,-0.65099996,-1.0783,0.45360001,0.45959998999999996,0.50309998,0.44428756549755627,0.312290069122502,0.42690948382047683,0.14093959731543623,0.10067114093959731,0.12751677852348994,6934
-0.019412751140939596,0.04171409261744967,0.0050664412080537085,0.17681349385649586,0.09665746490968016,0.1856328410677271,1.21589994,0.65529996,0.8994,-1.09459996,-0.65099996,-1.0783,0.44829997,0.47719997000000003,0.56579998,0.42093983983861155,0.31368380645576427,0.4308810855610186,0.14093959731543623,0.087248322147651,0.12751677852348994,6994
-0.004240939597315437,0.03544295187919463,-0.011011410738255015,0.1723605339568086,0.097013224346908,0.18251376337395633,1.21589994,0.65529996,0.8994,-1.09459996,-0.65099996,-1.0783,0.48029997999999996,0.47749999,0.56289998,0.4151849220834937,0.3134795482720029,0.4273581806171527,0.14093959731543623,0.087248322147651,0.12751677852348994,7033
0.0010973153691275171,0.02696375758389261,-0.032033557986577164,0.17455877011869905,0.09511406233493042,0.18622897273368721,1.21589994,0.65529996,0.8994,-1.09459996,-0.65099996,-1.0783,0.5016999799999999,0.46439999,0.5925999900000001,0.4178037508444824,0.30958214831926817,0.43272984825519795,0.1342281879194631,0.09395973154362416,0.14093959731543623,7094
0.01376375825503356,0.020248992751677845,-0.04575906093959731,0.18373443236414685,0.09409145589584467,0.19076845009933577,1.21589994,0.65529996,0.8994,-1.09459996,-0.65099996,-1.0783,0.50459999,0.44569999,0.62450001,0.42886346709115936,0.3074109262913441,0.43916095199529026,0.11409395973154363,0.10067114093959731,0.14093959731543623,7134
0.03839060322147651,5.704724832213825e-05,-0.06944697926174499,0.21629334899309688,0.09881086465175926,0.1946841361499156,1.57219994,0.65529996,0.8994,-1.09459996,-0.73829997,-1.0783,0.50399998,0.44279999000000003,0.6428999799999999,0.46665531970481766,0.31434196014237076,0.4466620860096555,0.10738255033557047,0.087248322147651,0.1342281879194631,7194
0.03671409315436241,-0.00034026832214765254,-0.07888791832214767,0.2154156818675713,0.0988081833426771,0.20654729973961722,1.57219994,0.65529996,0.8994,-1.09459996,-0.73829997,-1.10399997,0.50209999,0.44279999000000003,0.65789999,0.46557878656970436,0.31433787415010656,0.46127064007675483,0.10738255033557047,0.087248322147651,0.1342281879194631,7234
0.04192818684563757,0.007269127651006695,-0.08227046825503356,0.21690406297136772,0.09417590164398543,0.21101318120594342,1.57219994,0.65529996,0.8994,-1.09459996,-0.73829997,-1.10399997,0.50399998,0.42989999,0.65789999,0.4676131262310014,0.3069670045148047,0.4666707738361659,0.10067114093959731,0.08053691275167785,0.1342281879194631,7293
0.049664428187919454,0.024436241208053683,-0.08364563583892615,0.21693502233095519,0.09390357087117898,0.2131012456790348,1.57219994,0.83449996,0.8994,-1.09459996,-0.73829997,-1.10399997,0.50549998,0.43579999,0.65789999,0.46840322133626294,0.307409662755674,0.4691458601266062,0.087248322147651,0.10067114093959731,0.1342281879194631,7334
0.04946241476510067,0.035036912080536914,-0.0894630855033557,0.21708036023681346,0.09479812462567294,0.21497188369019263,1.57219994,0.83449996,0.8994,-1.09459996,-0.73829997,-1.10399997,0.50549998,0.43199998,0.66359998,0.4685369683506396,0.3098801539850725,0.47220284556318953,0.09395973154362416,0.09395973154362416,0.12751677852348994,7394
0.04989597174496644,0.0369906031543624,-0.10360066919463086,0.2172443897962433,0.09676705240990073,0.2061169117843981,1.57219994,0.83449996,0.8994,-1.09459996,-0.73829997,-1.10399997,0.50549998,0.43199998,0.66069997,0.46875793091169954,0.31326563349915093,0.46567156928673825,0.09395973154362416,0.09395973154362416,0.11409395973154363,7434
0.04081811966442951,0.03721610644295301,-0.10724832013422816,0.2173052309842821,0.09638938091115984,0.20368699879448038,1.57219994,0.83449996,0.8994,-1.09459996,-0.73829997,-1.10399997,0.50209999,0.45539999,0.65329999,0.4679437464879959,0.3126890140218122,0.46388490055841897,0.10067114093959731,0.087248322147651,0.10738255033557047,7494
0.026589932416107367,0.046971810738255015,-0.10715972946308723,0.23198826512997298,0.09830185717070791,0.2035107605675055,1.57219994,0.83449996,0.8994,-1.21939993,-0.73829997,-1.10399997,0.52919999,0.45509998,0.65329999,0.4823850014623859,0.3170302953579333,0.46367442045697077,0.10067114093959731,0.0738255033557047,0.10067114093959731,7534
-0.01296174369127518,0.054912078926174474,-0.10481543422818791,0.291325273685556,0.09697109357920036,0.20383800157299295,1.57219994,0.83449996,0.8994,-1.93279994,-0.73829997,-1.10399997,0.54219997,0.4425,0.65329999,0.5399011765916742,0.3162063092210445,0.46349139886888574,0.10738255033557047,0.087248322147651,0.09395973154362416,7594
-0.023569126241610745,0.05560201174496644,-0.1028671119463087,0.30625552826164365,0.09698560765023488,0.2051759988048056,1.57219994,0.83449996,0.8994,-1.93279994,-0.73829997,-1.10399997,0.5587,0.4425,0.65929998,0.5539052554123645,0.3163497927300132,0.4644971921604911,0.10738255033557047,0.087248322147651,0.09395973154362416,7634
-0.03341677684563759,0.05214228033557045,-0.11113221261744968,0.31275666998703466,0.09629657688418546,0.19537351073591808,1.57219994,0.83449996,0.80930001,-1.93279994,-0.73829997,-1.10399997,0.59049997,0.4425,0.6471999900000001,0.5602440101971512,0.3146671166213252,0.4557673522940932,0.12080536912751678,0.10738255033557047,0.10738255033557047,7694
-0.03945570268456377,0.05202818637583892,-0.11072348785234902,0.32185146181447327,0.09637144263776995,0.1956117586265895,1.57219994,0.83449996,0.80930001,-1.93279994,-0.73829997,-1.10399997,0.6119999899999999,0.4425,0.6471999900000001,0.5686899104862032,0.3147671755684335,0.4559292153270931,0.12080536912751678,0.12080536912751678,0.10738255033557047,7734
-0.053749662080536914,0.058965098523489926,-0.11153087093959736,0.34808060706483257,0.09949881460194078,0.1938822210321397,1.57219994,0.83449996,0.74559999,-1.93279994,-0.73829997,-1.10399997,0.6119999899999999,0.44999999,0.6471999900000001,0.5924269011773559,0.32089826650486236,0.4542261069166818,0.12080536912751678,0.10738255033557047,0.10738255033557047,7794
-0.06202751429530202,0.06158456147651007,-0.10803355583892625,0.35758830552191717,0.10175695744102131,0.1964080236058851,1.57219994,0.83449996,0.74559999,-1.93279994,-0.73829997,-1.10399997,0.62079999,0.44999999,0.65329999,0.6011952412083541,0.3248840033816306,0.45615707030921654,0.12080536912751678,0.10738255033557047,0.09395973154362416,7834
-0.08714362120805368,0.0711335544295302,-0.09702885731543631,0.39176236395485525,0.11211415383956355,0.2119673857396851,1.57219994,0.92929995,1.00520003,-1.93279994,-0.73829997,-1.10399997,0.64339998,0.44999999,0.65929998,0.6319464966847336,0.3423070791049208,0.470512470495336,0.11409395973154363,0.12080536912751678,0.087248322147651,7894
-0.10317046651006712,0.0754389233557047,-0.08601811926174503,0.3890437889331426,0.11389169812544236,0.214554854796753,1.57219994,0.92929995,1.00520003,-1.93279994,-0.73829997,-1.10399997,0.6685999899999999,0.45479998,0.6609999799999999,0.6322087741348166,0.34580735862978723,0.47111991216470656,0.14093959731543623,0.11409395973154363,0.10067114093959731,7934
-0.128142949261745,0.0927060368456376,-0.06804496536912757,0.3736232960017239,0.11365395823300636,0.21662052512574,1.57219994,0.92929995,1.00520003,-1.93279994,-0.73829997,-1.10399997,0.6554999699999999,0.46869999,0.65719998,0.6245349561451481,0.3496403402078071,0.4703728759588778,0.12751677852348994,0.11409395973154363,0.11409395973154363,7994
-0.14814227731543628,0.10466442563758392,-0.058691945369127516,0.3532599307350855,0.10972494439431733,0.21071682220731117,1.57219994,0.92929995,1.00520003,-1.93279994,-0.73829997,-1.10399997,0.62599999,0.4717,0.63579998,0.6125406640079408,0.3473896751320664,0.4627759356951523,0.10067114093959731,0.15436241610738255,0.10067114093959731,8034
-0.17055301536912756,0.12516845208053687,-0.047814764429530206,0.329884971013841,0.10514511138758806,0.2091480439010589,1.57219994,0.92929995,1.00520003,-1.93279994,-0.73829997,-1.10399997,0.6013,0.4555,0.62600001,0.5991438074997878,0.3475805702047019,0.45981985124449587,0.11409395973154363,0.15436241610738255,0.09395973154362416,8094
-0.1820174446308725,0.13233086812080536,-0.04307181154362411,0.3204978783226517,0.1060884343182197,0.21052938269661914,1.57219994,0.92929995,1.00520003,-1.93279994,-0.73829997,-1.10399997,0.5916,0.44199998,0.64300001,0.5946664850759663,0.3515677644150921,0.4608519975504812,0.11409395973154363,0.15436241610738255,0.10067114093959731,8134
-0.19461610181208053,0.144992612885906,-0.030428187583892593,0.3151697604654705,0.10829019392698779,0.2121615432170174,1.57219994,0.92929995,1.00520003,-1.93279994,-0.73829997,-1.10399997,0.58309999,0.44520000000000004,0.57309997,0.594176057705122,0.35960123987337694,0.4616139272342831,0.14093959731543623,0.1476510067114094,0.09395973154362416,8194
-0.18936442416107382,0.14615838469798653,-0.027744966040268437,0.31650210130779644,0.10876529215631443,0.2129455277325521,1.57219994,0.92929995,1.00520003,-1.93279994,-0.73829997,-1.10399997,0.58559999,0.46190000000000003,0.5776999899999999,0.5936000222756495,0.3607319857925536,0.4622935332374094,0.12751677852348994,0.1476510067114094,0.087248322147651,8234
-0.1699409350335571,0.15757314946308718,-0.020259731342281852,0.3081713550015585,0.11407344197641797,0.21369846413400584,1.57219994,0.92929995,1.00520003,-1.93279994,-0.73829997,-1.10399997,0.56899998,0.46789999000000004,0.57549998,0.5805611736945884,0.3726965782082449,0.4627190517452976,0.12751677852348994,0.12080536912751678,0.08053691275167785,8294
-0.15638187483221475,0.16080133731543617,-0.01670268429530199,0.3056952631756531,0.11490142964835942,0.21615167813423103,1.57219994,0.92929995,1.00520003,-1.93279994,-0.73829997,-1.10399997,0.55389999,0.4773,0.5835,0.5745872901062917,0.3751779574159337,0.4652210848584784,0.12751677852348994,0.11409395973154363,0.08053691275167785,8334
-0.13367382140939596,0.16978590087248321,-0.006450335704697956,0.2941099628984805,0.11792344057223489,0.22186148793642446,1.57219994,0.92929995,1.00520003,-1.93279994,-0.73829997,-1.10399997,0.52739998,0.49569998000000004,0.58859998,0.5585504931773596,0.38308053031616685,0.4710659133997362,0.14093959731543623,0.10738255033557047,0.06711409395973154,8394
-0.1255154322818792,0.16846912255033555,-0.00706442966442949,0.2963881230232007,0.11775517683067728,0.22161506089573135,1.57219994,0.92929995,1.00520003,-1.93279994,-0.73829997,-1.10399997,0.5402,0.49569998000000004,0.58859998,0.5586969185203261,0.38227872303275945,0.47081309143036265,0.1342281879194631,0.10738255033557047,0.06711409395973154,8435
-0.12348455986577181,0.1653704648993288,-0.011055704765100607,0.2965046968499113,0.11886019366143638,0.2235824853955566,1.57219994,0.92929995,1.00520003,-1.93279994,-0.73829997,-1.10399997,0.5402,0.49579998000000003,0.70089998,0.5583485769437895,0.3823710035063545,0.4729743270024385,0.12080536912751678,0.10738255033557047,0.06711409395973154,8494
-0.12834563348993286,0.16561274677852347,-0.008661073892617391,0.2939903355701622,0.11886848854777492,0.22408907966820799,1.57219994,0.92929995,1.00520003,-1.93279994,-0.73829997,-1.10399997,0.5247999999999999,0.49579998000000003,0.70089998,0.5571920110752616,0.38248669315847084,0.47345970670077236,0.12080536912751678,0.11409395973154363,0.06711409395973154,8534
-0.12676912342281874,0.16848388771812078,-0.00789530214765098,0.29336707790655714,0.12011210089517313,0.22437800723797074,1.57219994,0.92929995,1.00520003,-1.93279994,-0.73829997,-1.10399997,0.49449998,0.50139999,0.70089998,0.5562710567339871,0.385355577766542,0.4737513514851154,0.12080536912751678,0.12080536912751678,0.06711409395973154,8594
-0.12568925771812078,0.16977516275167787,-0.008447651006711411,0.29347339793684557,0.12019722126474888,0.22435549376263011,1.57219994,0.92929995,1.00520003,-1.93279994,-0.73829997,-1.10399997,0.49449998,0.50139999,0.70089998,0.5561215581530513,0.3860321581838844,0.47373711757699677,0.12080536912751678,0.11409395973154363,0.06711409395973154,8634
-0.128781875033557,0.1731093910067114,-0.010991275302013399,0.29378851392235866,0.12223587378438631,0.22508660722724907,1.57219994,0.92929995,1.00520003,-1.93279994,-0.73829997,-1.10399997,0.516,0.50299998,0.71109998,0.5571115554891293,0.3901316893551469,0.4745602336479677,0.12751677852348994,0.12080536912751678,0.08053691275167785,8694
-0.11807449302013416,0.1783617399328859,-0.007736241677852379,0.2947600886546025,0.12514725419631512,0.227762113284635,1.57219994,0.92929995,1.00520003,-1.93279994,-0.73829997,-1.10399997,0.50549999,0.5141999899999999,0.71819999,0.5556092822807805,0.3961819840277969,0.47730699001788474,0.11409395973154363,0.10738255033557047,0.08053691275167785,8734
-0.11468992926174493,0.18719596805369126,-0.0058597316778523706,0.29292752266687605,0.12905408008775704,0.2289696655837377,1.57219994,0.92929995,1.00520003,-1.93279994,-0.73829997,-1.10399997,0.49389999,0.5586,0.71819999,0.5532461500461977,0.4050881515711311,0.4785436260562605,0.1342281879194631,0.11409395973154363,0.08053691275167785,8794
-0.10648590275167778,0.1892966391275168,-0.008211409395973184,0.3027889107229593,0.1296678559802484,0.22960433363214805,1.57219994,0.92929995,1.00520003,-1.93279994,-0.73829997,-1.10399997,0.4942,0.5611,0.71819999,0.5604713714435369,0.40681823160377373,0.47924081720614775,0.12751677852348994,0.12080536912751678,0.08053691275167785,8834
-0.0887006683221476,0.1945476457718121,-0.012025503221476564,0.320094738710896,0.13055601267586728,0.23284630029931744,1.57219994,0.92929995,1.00520003,-1.93279994,-0.73829997,-1.10399997,0.53699999,0.569,0.73909998,0.5726801439474671,0.41037153793997666,0.4826913227177874,0.10738255033557047,0.12751677852348994,0.087248322147651,8894
-0.09474227885906039,0.19828657187919466,-0.00888322147651012,0.322345018546646,0.13048345213109516,0.23278525804848155,1.57219994,0.92929995,1.00520003,-1.93279994,-0.73829997,-1.10399997,0.55269997,0.569,0.73909998,0.5756050016722006,0.4120691892373151,0.48256001665314346,0.10067114093959731,0.12751677852348994,0.09395973154362416,8936
-0.0959684533557047,0.21047046422818796,-0.009114765100671118,0.32195578981660855,0.12371860752958473,0.23269149670859618,1.57219994,0.92929995,1.00520003,-1.93279994,-0.73829997,-1.10399997,0.55269997,0.5437,0.71819999,0.5754700112569676,0.40989806518452077,0.48246717572435593,0.10738255033557047,0.14093959731543623,0.09395973154362416,8994
-0.10292013087248318,0.21992751100671143,-0.006259060536912729,0.313784167242292,0.11859383982706422,0.22878745954630972,1.57219994,0.92929995,1.00520003,-1.93279994,-0.73829997,-1.10399997,0.5191999700000001,0.5081,0.71819999,0.5695407979952807,0.4086097770791485,0.4783582709487883,0.1342281879194631,0.15436241610738255,0.09395973154362416,9034
-0.10290335241610729,0.232210732147651,0.006148322080536932,0.31229611531539275,0.10750976232161315,0.2119754086389232,1.57219994,0.92929995,1.00520003,-1.93279994,-0.73829997,-1.10399997,0.51479998,0.4885,0.69619998,0.5682298964801713,0.40178549805357744,0.460448922795275,0.1342281879194631,0.1342281879194631,0.09395973154362416,9094
-0.1045671105369127,0.23342549718120803,0.016418120738255045,0.3129915755943508,0.106228939889451,0.20120233020184042,1.57219994,0.92929995,1.00520003,-1.93279994,-0.73829997,-1.10399997,0.54069999,0.4885,0.68559998,0.56914484641468,0.40089450310991437,0.4488561962259364,0.1342281879194631,0.1342281879194631,0.09395973154362416,9134
-0.09433623818791946,0.22946845046979858,0.024775838926174524,0.31217621872378765,0.1101150745422381,0.19583636179276623,1.57219994,0.92929995,1.00520003,-1.93279994,-0.73829997,-1.10399997,0.52569999,0.4885,0.62239998,0.5666352835459819,0.40344868856305444,0.4432270343596631,0.11409395973154363,0.1476510067114094,0.10067114093959731,9194
-0.09119194315436244,0.21960066557046967,0.03156375825503358,0.3114772020863225,0.12027455568724851,0.19765798207581134,1.57219994,0.92929995,1.00520003,-1.93279994,-0.76429999,-1.10399997,0.51919998,0.5081,0.62829998,0.5655025840635841,0.4104863067219683,0.44570646496432326,0.12080536912751678,0.15436241610738255,0.09395973154362416,9234
-0.09004362093959732,0.2025993235570469,0.02502751644295303,0.3126099122380194,0.12548529207565004,0.1933301304383489,1.57219994,0.92929995,1.00520003,-1.93279994,-0.76429999,-1.10399997,0.52569999,0.5422,0.62239998,0.56631949102069,0.40808305279859775,0.44040493527849034,0.14093959731543623,0.12751677852348994,0.09395973154362416,9294
-0.09432818469798662,0.19101677362416108,0.018513422617449662,0.31342287946472397,0.12652215858422963,0.18827924449968594,1.57219994,0.92929995,1.00520003,-1.93279994,-0.76429999,-1.10399997,0.53699998,0.52239998,0.60509997,0.5677329353605808,0.4037444320235434,0.4343063334982558,0.12751677852348994,0.12751677852348994,0.09395973154362416,9333
-0.09825972818791949,0.1833409348322148,0.01649463067114096,0.3137924099320206,0.1265951938083397,0.18642975851927795,1.57219994,0.92929995,1.00520003,-1.93279994,-0.76429999,-1.10399997,0.5413999700000001,0.52239998,0.60509997,0.5687243480945618,0.4002612799078749,0.43209007320263126,0.15436241610738255,0.12751677852348994,0.09395973154362416,9394
-0.09909664100671142,0.18108455906040277,0.014338254765100686,0.31454212693359024,0.12645397835261113,0.185041510166882,1.57219994,0.92929995,1.00520003,-1.93279994,-0.76429999,-1.10399997,0.56289999,0.52239998,0.59879997,0.5695281127322893,0.3990558806517098,0.4304034104379179,0.1610738255033557,0.12080536912751678,0.09395973154362416,9434
-0.10781744617449665,0.17789731080536925,0.004014765234899343,0.3218594670698329,0.12649835139058055,0.1799744203775586,1.57219994,0.92929995,1.00520003,-1.93279994,-0.76429999,-1.10399997,0.5926999900000001,0.55379998,0.5835,0.5774807951520321,0.39767550161200865,0.4242529183369867,0.1476510067114094,0.12751677852348994,0.10067114093959731,9494
-0.10890268107382552,0.17219127067114104,-0.005796643892617499,0.32200707420357755,0.12658787676597352,0.17393133482234768,1.57219994,0.92929995,1.00520003,-1.93279994,-0.76429999,-1.10399997,0.5926999900000001,0.55379998,0.55489999,0.577812139149607,0.3952691620419125,0.41709104030506977,0.14093959731543623,0.12751677852348994,0.10067114093959731,9533
-0.11285033181208053,0.16890536463087255,-0.01709328771812082,0.3230952895131791,0.126841311347476,0.17501717077832804,1.57219994,0.92929995,1.00520003,-1.93279994,-0.76429999,-1.10399997,0.60809998,0.55379998,0.59809997,0.5795088324635577,0.3941704371823996,0.4186995954898243,0.12751677852348994,0.12080536912751678,0.11409395973154363,9594
-0.110487915704698,0.16657583442953028,-0.023521475436241647,0.32402256268852053,0.12790359104005225,0.17657925130422883,1.57219994,0.92929995,1.00520003,-1.93279994,-0.76429999,-1.10399997,0.61939998,0.58529998,0.6124999799999999,0.5798535523779165,0.394526424534462,0.42087113361565487,0.12751677852348994,0.12080536912751678,0.10738255033557047,9634
-0.09820268093959729,0.1716429484563759,-0.03215234791946312,0.33234791207118874,0.1261355847302357,0.1828038181137359,1.57219994,0.92929995,1.00520003,-1.93279994,-0.76429999,-1.10399997,0.63639998,0.55369998,0.6359999700000001,0.5848005460111279,0.39445771190969736,0.4287628617201705,0.1342281879194631,0.12080536912751678,0.10738255033557047,9694
-0.09566979496644294,0.17713221013422828,-0.03788993161073829,0.3340558809127839,0.12474504101195714,0.1849304240285742,1.57219994,0.92929995,1.00520003,-1.93279994,-0.76429999,-1.10399997,0.65129998,0.53739998,0.6450999900000001,0.5858400725297863,0.39512132425242946,0.43170136778337925,0.1342281879194631,0.12751677852348994,0.10067114093959731,9734
-0.1033865732885906,0.18106308255033565,-0.05235905859060404,0.3319596195571467,0.12416122373565243,0.18984873098896898,1.57219994,0.92929995,1.00520003,-1.93279994,-0.76429999,-1.10399997,0.63639998,0.52539998,0.66949999,0.5853617711240664,0.39616292557265137,0.43885100205589517,0.14093959731543623,0.1342281879194631,0.087248322147651,9794
-0.1108838885234899,0.17866710932885915,-0.06297449476510067,0.330545105579723,0.12547799449988178,0.19591771784089268,1.57219994,0.92929995,1.00520003,-1.93279994,-0.76429999,-1.10399997,0.61939998,0.54109998,0.68739998,0.5855256973983403,0.3967366008522686,0.4470833309706506,0.12751677852348994,0.1342281879194631,0.087248322147651,9834
-0.10911945906040271,0.1705181163087249,-0.07600066899328861,0.33189643146760034,0.14021237364088684,0.20808695451906958,1.57219994,0.92929995,1.00520003,-1.93279994,-1.24809992,-1.10399997,0.63639998,0.52539998,0.7046999899999999,0.5863475827640423,0.41144720394038725,0.4624533016494713,0.1342281879194631,0.1342281879194631,0.09395973154362416,9894
-0.10392281496644301,0.1659221432214766,-0.08509529953020131,0.33721691908432344,0.14726356886052364,0.22164255048077838,1.57219994,0.92929995,1.00520003,-1.93279994,-1.24809992,-1.36309993,0.65129998,0.52539998,0.74179998,0.5899295471112402,0.4180833965511328,0.47841797675559083,0.1476510067114094,0.1342281879194631,0.08053691275167785,9934
-0.10965972758389259,0.15838925744966448,-0.09340939342281877,0.33258924236762266,0.15744241270236964,0.2317337093756969,1.57219994,0.92929995,1.00520003,-1.93279994,-1.24809992,-1.36309993,0.63639998,0.52539998,0.76699999,0.5870387535941699,0.42723479443723417,0.4903662143289602,0.1342281879194631,0.1342281879194631,0.08053691275167785,9994
-0.11197516362416102,0.15316106953020137,-0.09862818530201341,0.33071854540401374,0.1631756871874255,0.23885307062464942,1.57219994,0.92929995,1.00520003,-1.93279994,-1.24809992,-1.36309993,0.60939999,0.52539998,0.76699999,0.5858813725257629,0.43201157439015525,0.49857856909479953,0.1342281879194631,0.1342281879194631,0.09395973154362416,10034
-0.11301543214765096,0.14087516422818797,-0.10230805080536912,0.3291026012306683,0.17551451513228541,0.2438245120771983,1.57219994,0.92929995,1.00520003,-1.93279994,-1.24809992,-1.36309993,0.60939999,0.58529998,0.76699999,0.5847008543983739,0.44199584503545314,0.5042731891909308,0.1342281879194631,0.1342281879194631,0.09395973154362416,10094
-0.1266825462416107,0.1461731505369127,-0.10796778221476508,0.3063822634132194,0.17220185401307983,0.25381253318355823,1.57219994,0.92929995,1.00520003,-1.93279994,-1.24809992,-1.36309993,0.6064999799999999,0.52539998,0.76699999,0.567829843294166,0.4399641393920267,0.5152373969151824,0.1342281879194631,0.1342281879194631,0.09395973154362416,10134
-0.14516442489932885,0.15378187523489922,-0.10461006476510064,0.2752893089328691,0.16389178326094295,0.2505122615824459,1.11599994,0.92929995,1.00520003,-1.93279994,-1.24809992,-1.36309993,0.58609998,0.52539998,0.76639998,0.5443914209364638,0.43305963609150294,0.5113272212904416,0.1476510067114094,0.1342281879194631,0.09395973154362416,10194
-0.14484898865771806,0.15184227798657707,-0.09595234697986574,0.2755104118154005,0.16476940658270636,0.2397736047876197,1.11599994,0.92929995,1.00520003,-1.93279994,-1.24809992,-1.36309993,0.58779998,0.54109998,0.68739998,0.5445104602581702,0.4333883754403887,0.4989794160870408,0.1476510067114094,0.1342281879194631,0.08053691275167785,10234
-0.14714697516778522,0.15925637154362407,-0.0843255019463087,0.27316268027050195,0.16401754144130973,0.22960884484955707,1.11599994,0.92929995,1.00520003,-1.93279994,-1.24809992,-1.36309993,0.58779998,0.52539998,0.66949999,0.5429686110370754,0.43517827762717043,0.48653842101940314,0.1476510067114094,0.1342281879194631,0.08053691275167785,10293
-0.14757986107382548,0.1529221436912752,-0.07659261597315432,0.2727550773914176,0.16028738350808666,0.22443112865480527,1.11599994,0.92929995,1.00520003,-1.93279994,-1.24809992,-1.36309993,0.58749999,0.49399998,0.6650999799999999,0.5427106897657233,0.4285703740801757,0.4798932771735987,0.1476510067114094,0.14093959731543623,0.10738255033557047,10334
-0.14319194167785232,0.14826509677852354,-0.07320872342281877,0.2767348928820573,0.15830640990400702,0.22261525864195594,1.11599994,0.92929995,1.00520003,-1.93279994,-1.24809992,-1.36309993,0.58779998,0.47459998000000003,0.6450999900000001,0.5451961344722933,0.42460446161898946,0.4774670416135073,0.1476510067114094,0.1476510067114094,0.10738255033557047,10394
-0.1370751630872483,0.1475375801342283,-0.0751040253020134,0.2814196865368597,0.15765404917394854,0.2235834621906429,1.11599994,0.92929995,1.00520003,-1.93279994,-1.24809992,-1.36309993,0.59979999,0.48579998999999996,0.65309998,0.5479135760977781,0.42358161754945445,0.47877351305936755,0.14093959731543623,0.1476510067114094,0.10738255033557047,10434
-0.12991543187919458,0.13766174154362423,-0.07968590442953019,0.279633017019173,0.15507854205211627,0.22686989469118102,1.11599994,0.92929995,1.00520003,-1.93279994,-1.24809992,-1.36309993,0.5844,0.47339999,0.66809997,0.5445282696605668,0.41716818806920053,0.48292829494235806,0.1342281879194631,0.15436241610738255,0.09395973154362416,10493
-0.12009664080536905,0.1326919430201343,-0.08576174302013423,0.2607619211175887,0.15634532286393088,0.23012766985230987,1.11599994,0.92929995,1.00520003,-1.93279994,-1.24809992,-1.36309993,0.5844,0.48869999000000003,0.6856999699999999,0.5245809034365649,0.4170761016965483,0.48732201511747997,0.1342281879194631,0.14093959731543623,0.087248322147651,10533
-0.10218120510067116,0.13764496281879202,-0.09176778315436239,0.22106027657064467,0.15822775751637208,0.22929783965390077,1.11599994,0.92929995,1.00520003,-1.68949997,-1.24809992,-1.36309993,0.5844,0.50149999,0.6856999699999999,0.4811457941689504,0.4209202932928735,0.48756452463132177,0.1342281879194631,0.14093959731543623,0.087248322147651,10593
-0.09088590348993299,0.1459973116107383,-0.09373758187919465,0.21899313365398662,0.15814909760379284,0.22764445858560262,1.11599994,0.92929995,1.00520003,-1.68949997,-1.24809992,-1.36309993,0.57899998,0.50539999,0.67139998,0.4767110037613648,0.4236322846542222,0.48624190773951337,0.14093959731543623,0.1342281879194631,0.09395973154362416,10633
-0.06843221261744972,0.14633422429530205,-0.09913758161073821,0.2240012492280254,0.15851998706214757,0.22672892386084437,1.11599994,0.92929995,1.00520003,-1.68949997,-1.24809992,-1.36309993,0.56289999,0.50819998,0.67139998,0.47820938609749714,0.42418591709562364,0.4863714464773505,0.16778523489932887,0.12751677852348994,0.11409395973154363,10694
-0.047939595838926145,0.1409603991275168,-0.10622617201342278,0.19661935517651868,0.15774988845586513,0.22531456489847582,1.11599994,0.92929995,1.00520003,-1.66530001,-1.24809992,-1.36309993,0.52049999,0.50539999,0.66789997,0.44600174890432687,0.4214495492678263,0.486413984707575,0.18120805369127516,0.12751677852348994,0.11409395973154363,10734
-0.03264295181208045,0.13215704382550333,-0.11859060093959728,0.18152830224355812,0.15611070175296862,0.21857833621666456,1.11599994,0.92929995,1.00520003,-1.66530001,-1.24809992,-1.36309993,0.49940001,0.49429998999999997,0.65279997,0.42731003328562733,0.41662475440816604,0.4823298320111245,0.18791946308724833,0.1342281879194631,0.12080536912751678,10794
-0.016477851409395946,0.12879194322147655,-0.12387717805369122,0.1560550086772388,0.1532241597482966,0.2113310113774275,1.11599994,0.92929995,1.00520003,-1.39489996,-1.24809992,-1.36309993,0.48099999000000004,0.49429998999999997,0.65279997,0.3953814971193126,0.4120819389236328,0.4761056254865863,0.18791946308724833,0.1342281879194631,0.12080536912751678,10834
8.725033557028775e-06,0.1214583867114095,-0.12637180953020122,0.1351445594107196,0.14574063074857604,0.2070347060068816,1.11599994,0.81619996,0.83949995,-0.8556,-1.24809992,-1.36309993,0.46839999,0.48149999,0.65279997,0.36762012932760607,0.4006154895296915,0.4722335653580959,0.18791946308724833,0.1476510067114094,0.12080536912751678,10894
0.009563758322147637,0.12331207798657728,-0.12087449389261734,0.1323352492637087,0.14719985972491437,0.21615204985561318,1.11599994,0.81619996,0.9982,-0.8556,-1.24809992,-1.36309993,0.46039999,0.48309998,0.65279997,0.36390481549019543,0.40299594080124695,0.4803776567758014,0.19463087248322147,0.1342281879194631,0.12080536912751678,10934
0.03352751590604028,0.12096912483221481,-0.11985771523489923,0.13912556274197574,0.1461552887211537,0.21621817919246886,1.11599994,0.81619996,0.9982,-0.8556,-1.24809992,-1.36309993,0.45869999,0.48149999,0.65279997,0.3744992083633897,0.40098481004126046,0.4801916816166217,0.19463087248322147,0.1476510067114094,0.12080536912751678,10992
0.040139596375838936,0.11910066859060404,-0.11599798369127506,0.1387213739789862,0.14518713022672092,0.2188105700733442,1.11599994,0.81619996,0.9982,-0.8556,-1.24809992,-1.36309993,0.44639999,0.47589998,0.65599998,0.37460987864203676,0.39921435280491846,0.4819399363964202,0.2080536912751678,0.1610738255033557,0.12080536912751678,11032
0.0553825489932886,0.1090577156375839,-0.11850603731543612,0.1440752662963216,0.1417696666807174,0.2175968254256987,1.11599994,0.81619996,0.9982,-0.8556,-1.24809992,-1.36309993,0.44739998999999997,0.44829999,0.65309997,0.3835915705921021,0.39199904594374413,0.481290459396305,0.2214765100671141,0.15436241610738255,0.12080536912751678,11093
0.06158389120805371,0.10531274932885902,-0.12252818483221464,0.1448002959232184,0.14137276618286435,0.21533732030886385,1.11599994,0.81619996,0.9982,-0.8556,-1.24809992,-1.36309993,0.46929999999999994,0.44829999,0.65159998,0.38547745923665083,0.39046580049226765,0.4799484101308611,0.22818791946308725,0.14093959731543623,0.12080536912751678,11133
0.060465770201342285,0.089883890738255,-0.1357832184563757,0.14500413162205256,0.13887974017780735,0.21111253012770897,1.11599994,0.81619996,0.9982,-0.8556,-1.24809992,-1.36309993,0.47239999,0.48179996999999997,0.62679999,0.3855648337025748,0.38335212793468865,0.4791133608469721,0.2214765100671141,0.14093959731543623,0.12751677852348994,11193
0.049223488657718126,0.07759731395973153,-0.1459952985234898,0.1511972895558133,0.13637286037700022,0.21204416206619175,1.11599994,0.76349998,0.9982,-0.8556,-1.24809992,-1.36309993,0.48359999,0.51679999,0.62519998,0.39194418147416077,0.3773515648712289,0.4830722402054942,0.20134228187919462,0.12751677852348994,0.12751677852348994,11234
0.02919328805369128,0.057183220536912764,-0.16077986214765086,0.16621963430732573,0.1397737392954968,0.21066437384066855,1.11599994,0.76349998,0.9982,-0.87579995,-1.24809992,-1.36309993,0.4995,0.49189998,0.63249999,0.40874427503600785,0.3782111315210989,0.48632760348646287,0.18120805369127516,0.14093959731543623,0.15436241610738255,11294
0.023128187382550354,0.04619261671140938,-0.17706308342281865,0.16852889153787437,0.13834094831575572,0.20297809862905924,1.11599994,0.76349998,0.9982,-0.87579995,-1.24809992,-1.36309993,0.5220999900000001,0.49489998999999996,0.66929998,0.4111736915094115,0.3747995546347445,0.48407585577082374,0.18120805369127516,0.14093959731543623,0.15436241610738255,11334
0.017006039798657738,0.03488859006711406,-0.18526375429530187,0.16650261710917214,0.1355376746287935,0.19894652633493373,1.11599994,0.76349998,0.9982,-0.87579995,-1.24809992,-1.36309993,0.5098999900000001,0.47759998000000004,0.6664999899999999,0.4084015456616265,0.36980385117743786,0.48297948713224226,0.19463087248322147,0.14093959731543623,0.1476510067114094,11394
0.01989060362416108,0.031675838389261725,-0.18666845228187903,0.16708443111466134,0.13521541947377388,0.19775158018631217,1.11599994,0.76349998,0.9982,-0.87579995,-1.24809992,-1.36309993,0.52099998,0.47759998000000004,0.64659998,0.4092432861113238,0.36907828195578835,0.48228279179712025,0.18791946308724833,0.12080536912751678,0.14093959731543623,11434
0.027737583288590627,0.03269597261744965,-0.17921341885906025,0.17071655325157714,0.1347261452773106,0.19879845836471308,1.11599994,0.76349998,0.9982,-0.87579995,-1.24809992,-1.36309993,0.54719998,0.47759998000000004,0.6664999899999999,0.41410859297806013,0.3685039645685126,0.4805371035246561,0.16778523489932887,0.1342281879194631,0.1476510067114094,11494
0.032940938926174515,0.03241073778523489,-0.17807650617449652,0.17014302445921253,0.1347414454562706,0.19970500630826865,1.11599994,0.76349998,0.9982,-0.87579995,-1.24809992,-1.36309993,0.52459999,0.47759998000000004,0.66679998,0.4137972086862725,0.3684995269739893,0.4810574272990535,0.16778523489932887,0.14093959731543623,0.1476510067114094,11534
0.039758388456375846,0.025893959328859028,-0.17862885523489916,0.168852813686426,0.13159602509689303,0.19945046730922808,1.11599994,0.76349998,0.9982,-0.87579995,-1.24809992,-1.36309993,0.50489998,0.46469998,0.66679998,0.41283597607170097,0.3636846466743099,0.4809976457652975,0.174496644295302,0.12080536912751678,0.1476510067114094,11594
0.04036577100671142,0.02050335550335568,-0.17886442577181194,0.16894649068739628,0.13230635903406965,0.19958667694825988,1.11599994,0.76349998,0.9982,-0.87579995,-1.24809992,-1.36309993,0.50489998,0.46899998,0.66679998,0.41300833666690384,0.3643168217650217,0.4812267238578297,0.18791946308724833,0.12751677852348994,0.14093959731543623,11634
0.027914764563758385,0.010508724765100681,-0.1863161032885904,0.17738385563552464,0.12523045694111362,0.1950863133375703,1.11599994,0.6936,0.9982,-0.87579995,-1.24809992,-1.36309993,0.54719998,0.44119999,0.6664999899999999,0.42209369779253364,0.35403515395692303,0.47937459640892005,0.16778523489932887,0.1476510067114094,0.1342281879194631,11693
0.024334227919463096,0.006845637718120822,-0.18929731120805351,0.17840866044928202,0.12266457068459488,0.19144254581120024,1.11599994,0.6936,0.9982,-0.87579995,-1.24809992,-1.36309993,0.54959998,0.43699997999999995,0.6664999899999999,0.4230848793064086,0.35030191755164947,0.4767347457882621,0.18120805369127516,0.1476510067114094,0.1342281879194631,11732
0.022437583624161084,-0.005124160805369147,-0.19263221033557032,0.17692884040356538,0.1150607863007389,0.1894014906318234,1.11599994,0.66369998,0.9982,-0.87579995,-1.24809992,-1.36309993,0.52449999,0.42799999,0.64659998,0.42122711874053953,0.3392448132613056,0.47592925849393924,0.18120805369127516,0.16778523489932887,0.12751677852348994,11793
0.0031214769127516705,-0.004476509798657735,-0.18443086825503335,0.16440583073342693,0.1152812336478079,0.1893312241657416,0.9465,0.66369998,0.9982,-0.87579995,-1.24809992,-1.36309993,0.52489999,0.42799999,0.61699998,0.4054819038521248,0.33956041110203844,0.47259493155454724,0.18120805369127516,0.174496644295302,0.12751677852348994,11833
-0.002330872147651007,-0.013019462617449663,-0.1832469756375837,0.15683444803814564,0.11122260070103228,0.18873284364651127,0.92479998,0.66369998,0.9982,-0.87579995,-1.24809992,-1.36309993,0.5239999900000001,0.41299999,0.61549999,0.3960301516338298,0.33375456117913854,0.4715000506116966,0.18791946308724833,0.16778523489932887,0.1342281879194631,11894
-0.0027040267114094023,-0.017405368657718124,-0.17545368711409376,0.15638794443322201,0.11029302702829177,0.19391606089086189,0.92479998,0.66369998,0.9982,-0.87579995,-1.24809992,-1.36309993,0.5239999900000001,0.40319998999999995,0.62849998,0.3954684010052864,0.33255972980263687,0.4740253761274729,0.18791946308724833,0.174496644295302,0.12751677852348994,11933
-0.005647650805369132,-0.019008724362416084,-0.15494362060402664,0.1568374512540182,0.10977449992304004,0.20838651733880012,0.92479998,0.66369998,1.02339995,-0.87579995,-1.24809992,-1.36309993,0.5239999900000001,0.38739999,0.62259999,0.3960673518653586,0.33186718958783246,0.48207265313921793,0.18120805369127516,0.18791946308724833,0.11409395973154363,11993
-0.010084563422818795,-0.018780536375838895,-0.13300469557046962,0.1550753823803164,0.10991045471426823,0.23010159393564314,0.92479998,0.66369998,1.31009996,-0.87579995,-1.24809992,-1.36309993,0.51229998,0.38739999,0.60929998,0.39392522234523786,0.33205897557637615,0.49778694536863505,0.18791946308724833,0.18791946308724833,0.10067114093959731,12033
-0.00010805362416107724,-0.02017919395973152,-0.11028523302013403,0.15534359505032033,0.11078442637717598,0.24858000407515804,0.92479998,0.66369998,1.31009996,-0.87579995,-1.24809992,-1.36309993,0.51690001,0.38970000000000005,0.63309998,0.3941365331023073,0.3334540841645825,0.5106298431324431,0.19463087248322147,0.18791946308724833,0.09395973154362416,12094
0.013259731543624162,-0.019120804899328856,-0.10059664228187899,0.1614106327160489,0.10998210373578726,0.2554394239663503,0.92479998,0.66369998,1.31009996,-0.87579995,-1.24809992,-1.36309993,0.51229999,0.38970000000000005,0.65679998,0.401978175025284,0.33218625636197746,0.5153242750004491,0.18791946308724833,0.18791946308724833,0.087248322147651,12133
0.027192616912751683,-0.02138926161073825,-0.09192348825503337,0.1735548256591412,0.11145200280339856,0.2609344010511345,0.92479998,0.66369998,1.31009996,-0.87579995,-1.24809992,-1.36309993,0.54959998,0.38970000000000005,0.66759999,0.4174856453504777,0.3345287780081875,0.5190224742187063,0.15436241610738255,0.18791946308724833,0.08053691275167785,12193
0.03591409302013422,-0.020196644295302022,-0.08967181040268439,0.17889928413162864,0.10986512287402792,0.26294362780274294,0.92479998,0.66369998,1.31009996,-0.87579995,-1.24809992,-1.36309993,0.56729999,0.38970000000000005,0.69239997,0.424486874012716,0.3320738281087791,0.5205618708507548,0.15436241610738255,0.18791946308724833,0.08053691275167785,12233
0.046740938187919474,-0.02080738221476511,-0.09425704510067097,0.17782974129772955,0.11119041642214744,0.2641986418106085,0.92479998,0.66369998,1.31009996,-0.87579995,-1.24809992,-1.36309993,0.57329999,0.38739999,0.7234,0.4242811056368363,0.33410082845868355,0.5225734707787206,0.15436241610738255,0.18791946308724833,0.087248322147651,12293
0.04183087147651009,-0.009596644496644309,-0.10904563489932864,0.1869094919495963,0.12008726970594881,0.26634820646242285,0.92479998,1.04059994,1.31009996,-1.21949995,-1.24809992,-1.36309993,0.5696999899999999,0.39889999,0.73669999,0.43434929924898086,0.34666895634242156,0.5274837978109095,0.1610738255033557,0.18120805369127516,0.087248322147651,12333
0.006527516174496656,0.008965771476510058,-0.1347697951006709,0.252919707424149,0.1373187481472943,0.27244618334810733,0.92479998,1.11510003,1.31009996,-1.8714,-1.24809992,-1.36309993,0.59829998,0.42369999,0.7457,0.5029535921847633,0.37067389064440903,0.5390817016182095,0.1610738255033557,0.1610738255033557,0.087248322147651,12393
-0.012804027046979879,0.009573154026845623,-0.15048657302013402,0.3057319612798637,0.13810265749525374,0.28067268095138104,0.92479998,1.11510003,1.31009996,-2.10759997,-1.24809992,-1.36309993,0.59829998,0.42369999,0.77819997,0.5530785698148893,0.3717449431710879,0.5507439419646167,0.1610738255033557,0.1610738255033557,0.087248322147651,12432
-0.05073422758389261,0.00036912751677850965,-0.173185230134228,0.41357908906534535,0.14189877033879605,0.3027553230723079,0.92479998,1.11510003,1.31009996,-2.49449992,-1.24809992,-1.37580001,0.6055999999999999,0.4303,0.79119998,0.6450992566372089,0.37669471272360555,0.5768435203839541,0.1476510067114094,0.174496644295302,0.10067114093959731,12492
-0.07929261731543624,-0.005039597315436251,-0.1936556991275166,0.4788309677936305,0.14459210707672393,0.3271348084812721,0.92479998,1.11510003,1.31009996,-2.49449992,-1.24809992,-1.59089994,0.62369999,0.44279999999999997,0.80189997,0.6965043337656721,0.3802860825981221,0.6038520831179099,0.12080536912751678,0.16778523489932887,0.09395973154362416,12532
-0.09938724771812078,-0.0027328859731543783,-0.21399865261744944,0.5083992734218092,0.14518195558848626,0.35729816313916496,0.92479998,1.11510003,1.31009996,-2.49449992,-1.24809992,-1.62290001,0.6241,0.44499999,0.84059995,0.7199146466288849,0.3810373003450298,0.6348965163404574,0.11409395973154363,0.16778523489932887,0.08053691275167785,12593
-0.11186174382550333,0.009478523154362397,-0.21198791409395953,0.5062748089326938,0.15505224422125546,0.3568895474324414,0.92479998,1.11510003,1.31009996,-2.49449992,-1.24809992,-1.62290001,0.6256000100000001,0.44999999999999996,0.81939995,0.7202692959333865,0.39388080255636126,0.6338993793610697,0.11409395973154363,0.1476510067114094,0.087248322147651,12633
-0.11894496550335572,0.031508724026845625,-0.18519328402684543,0.5025712232707081,0.18596570862245537,0.376028738918574,0.92479998,1.31809998,1.31009996,-2.49449992,-1.24809992,-1.62290001,0.6079000000000001,0.47549999,0.8210999800000001,0.7188317801052639,0.43238698906448997,0.6405663832634537,0.12080536912751678,0.1476510067114094,0.10067114093959731,12694
-0.10785167765100674,0.04294899228187918,-0.16419127107382528,0.5182789240289107,0.20065613841577004,0.39346441534620896,1.09299994,1.31809998,1.31009996,-2.49449992,-1.24809992,-1.62290001,0.6256000100000001,0.49489998999999996,0.85350001,0.7279497979950593,0.45000083817010716,0.6484004849188867,0.11409395973154363,0.1610738255033557,0.10067114093959731,12734
-0.07527785315436239,0.08370066785234898,-0.1461999966442951,0.5609684007379608,0.2836368660462391,0.39478469605318184,1.73659992,2.31729984,1.31009996,-2.49449992,-1.24809992,-1.62290001,0.65789997,0.52809998,0.85329997,0.7527517226240606,0.5391128526061759,0.6451039722959189,0.11409395973154363,0.16778523489932887,0.0738255033557047,12793
-0.05087181342281879,0.09526174127516779,-0.1338892585906038,0.6046845965742691,0.2954327339054787,0.38619833450945495,1.98249996,2.31729984,1.31009996,-2.49449992,-1.24809992,-1.62290001,0.66379997,0.54010001,0.83069998,0.7792769327878218,0.5518220122976752,0.635708005357331,0.1342281879194631,0.18791946308724833,0.0738255033557047,12833
-0.041059732751677874,0.09440536530201343,-0.12514764791946292,0.6177878846827373,0.2965601246977913,0.37907649354730044,1.98249996,2.31729984,1.31009996,-2.49449992,-1.19669998,-1.62290001,0.67599997,0.54010001,0.7982000100000001,0.7870665704604514,0.5526956646252962,0.6282821239913438,0.1342281879194631,0.18791946308724833,0.08053691275167785,12894
-0.006575840604026865,0.11156912322147651,-0.1184053665771812,0.7459291782343511,0.3002228109390413,0.3674632574149722,3.43219995,2.31729984,1.31009996,-2.49449992,-1.19669998,-1.62290001,0.6763999700000001,0.54449998,0.7982000100000001,0.8636969491169926,0.5591694557068101,0.617643172267976,0.1476510067114094,0.16778523489932887,0.08053691275167785,12933
0.026381876979865767,0.11901677442953022,-0.11047650751677851,0.821345774503812,0.29346054520582726,0.3589544041068691,3.43219995,2.31729984,1.31009996,-2.49449992,-1.19669998,-1.62290001,0.7246999700000001,0.54439998,0.7822999900000001,0.906665196164931,0.5546400073934776,0.609228580107642,0.12080536912751678,0.174496644295302,0.08053691275167785,12993
0.026023487651006726,0.1210134187919463,-0.10349194429530206,0.8211000836411769,0.2901622822167689,0.35154252101428735,3.43219995,2.31729984,1.31009996,-2.49449992,-1.19669998,-1.62290001,0.7246999700000001,0.54439998,0.7263,0.9065193354533034,0.552092863334135,0.6018746576724336,0.12080536912751678,0.1610738255033557,0.08053691275167785,13033
0.03202482986577181,0.1142744923489933,-0.09281073657718124,0.8278702183438678,0.2986259614161255,0.3381496376486459,3.43219995,2.31729984,1.31009996,-2.49449992,-1.19669998,-1.62290001,0.79089996,0.54449998,0.70309999,0.9104371521811924,0.5582872208977612,0.5888662585618611,0.12080536912751678,0.16778523489932887,0.08053691275167785,13094
0.04556442697986577,0.094781875704698,-0.08202617261744974,0.8439006083301718,0.3301079550988531,0.3242836667384039,3.43219995,2.31729984,1.31009996,-2.49449992,-1.57129991,-1.62290001,0.7958999499999999,0.55919999,0.6949000000000001,0.9197699306544955,0.5823156867721783,0.5753363883265784,0.1342281879194631,0.18791946308724833,0.08053691275167785,13133
0.05392013140939597,0.06967180979865772,-0.07016241469798659,0.8504220285755054,0.37701999539693754,0.32167667001011063,3.43219995,2.31729984,1.31009996,-2.49449992,-1.68859994,-1.62290001,0.8150999800000001,0.59889999,0.68419999,0.9237583066726449,0.6179596722097307,0.5714887876821055,0.1342281879194631,0.18791946308724833,0.087248322147651,13194
0.051972480402684554,0.0634724812080537,-0.06314429402684563,0.8504327123063502,0.3784123409301129,0.3217442096084423,3.43219995,2.31729984,1.31009996,-2.49449992,-1.68859994,-1.62290001,0.8150999800000001,0.61499998,0.6865999700000001,0.9236524514261616,0.6184182215950783,0.5707288423381027,0.14093959731543623,0.16778523489932887,0.087248322147651,13233
0.038487917181208045,0.04929932711409394,-0.0509932876510067,0.8526277945997246,0.37953989617258155,0.3271265833452402,3.43219995,2.31729984,1.31009996,-2.49449992,-1.68859994,-1.62290001,0.87369999,0.6199999700000001,0.71419999,0.9241802391139253,0.6180374744515772,0.574218511309674,0.1342281879194631,0.15436241610738255,0.087248322147651,13293
0.034294628724832195,0.04214429369127514,-0.0431181198657718,0.8545606376588546,0.38325378378593544,0.3301556124259662,3.43219995,2.31729984,1.31009996,-2.49449992,-1.68859994,-1.62290001,0.87639999,0.6214999800000001,0.7180999800000001,0.925060408415704,0.6205077963061156,0.576207241091888,0.12751677852348994,0.15436241610738255,0.10067114093959731,13333
0.026751675637583856,0.036156374362416144,-0.020933557114093938,0.8495908284824755,0.3820868109536769,0.3407204836024038,3.43219995,2.31729984,1.31009996,-2.49449992,-1.68859994,-1.62290001,0.85719996,0.6105,0.7147999700000001,0.9221206432088448,0.6191882543788375,0.5840879192517618,0.12080536912751678,0.1610738255033557,0.12751677852348994,13393
0.039624158791946286,0.051050334295302015,-0.004725503624161058,0.8690620875876961,0.4074083461745534,0.35464750104297516,3.43219995,2.31729984,1.31009996,-2.49449992,-1.68859994,-1.62290001,0.87639999,0.6214999800000001,0.75909999,0.9330767179324888,0.6403237328150624,0.595541628626813,0.1342281879194631,0.15436241610738255,0.14093959731543623,13434
0.07803019812080535,0.07861140711409398,0.014527515838926182,0.914409615637779,0.44524726591186525,0.34975475235392633,3.43219995,2.31729984,1.31009996,-2.49449992,-1.68859994,-1.62290001,0.9640999800000001,0.6446000000000001,0.7582999699999999,0.9594260406391685,0.6718831886870835,0.5915790742330024,0.11409395973154363,0.15436241610738255,0.12751677852348994,13494
0.09260402302013421,0.09190201107382552,0.013589261006711411,0.9085811268742324,0.4670964465239834,0.35106263752570815,3.43219995,2.31729984,1.31009996,-2.49449992,-1.68859994,-1.62290001,0.93159998,0.65259999,0.7582999699999999,0.9576829495995769,0.6895958426233417,0.5926612063737734,0.10067114093959731,0.174496644295302,0.1342281879194631,13534
0.11048925771812082,0.17242281697986578,-0.01644026825503355,0.9027365320566848,0.8594736546528765,0.3991615016943743,3.43219995,5.20510006,1.31009996,-2.49449992,-1.68859994,-1.95379996,0.93180001,0.65259999,0.79219997,0.956527264706964,0.942975759215553,0.6320061582885657,0.12751677852348994,0.1476510067114094,0.14093959731543623,13594
0.08725234530201342,0.1922402658389262,-0.028267113557046968,0.9142107536429638,0.9006476083459788,0.4048807257268045,3.43219995,5.20510006,1.31009996,-2.49449992,-1.68859994,-1.95379996,0.9416999500000001,0.65259999,0.80099997,0.9601165165768504,0.9682995033334467,0.636929945469399,0.10067114093959731,0.1476510067114094,0.12080536912751678,13634
0.08136375456375837,0.20686778201342285,-0.030530200872483232,0.9134182984369669,0.912605073250298,0.40650823786534407,3.43219995,5.20510006,1.31009996,-2.49449992,-1.68859994,-1.95379996,0.9416999500000001,0.6879,0.81989997,0.9591863004618439,0.9774453194350313,0.6383105286854183,0.12080536912751678,0.14093959731543623,0.12080536912751678,13694
0.07642214389261744,0.2099288559060403,-0.03344832147651007,0.9179772819969376,0.9131290508973242,0.4097024985622033,3.43219995,5.20510006,1.31009996,-2.49449992,-1.68859994,-1.95379996,0.9640999800000001,0.73629999,0.82849997,0.9611543195939356,0.9783655632938759,0.6409534216866302,0.12080536912751678,0.14093959731543623,0.10738255033557047,13734
0.09447046510067111,0.2322879154362416,-0.052910066241610744,0.9292638535148715,0.9368478618289843,0.4198602520489534,3.43219995,5.20510006,1.31009996,-2.49449992,-1.68859994,-1.95379996,0.96669999,0.79459998,0.8671,0.9686013226767807,0.9953921526145859,0.6501228554347591,0.12080536912751678,0.1342281879194631,0.06040268456375839,13794
0.08489999557046977,0.2253919423489933,-0.07718858946308724,0.9384588490530478,0.9380191404058004,0.44768467472292794,3.43219995,5.20510006,1.31009996,-2.49449992,-1.68859994,-1.95379996,1.02039996,0.79459998,0.88859999,0.9724540391714735,0.9943946239203287,0.6735300684202812,0.12080536912751678,0.14093959731543623,0.06040268456375839,13834
0.07286442516778521,0.22146308342281879,-0.12302415885906039,0.9535434919769563,0.9366389899043357,0.4690872971062161,3.43219995,5.20510006,1.31009996,-2.49449992,-1.68859994,-1.95379996,1.0557999599999999,0.7378999900000001,0.88719996,0.9792102513924104,0.9928166433050353,0.6958607912285295,0.14093959731543623,0.15436241610738255,0.0738255033557047,13894
0.05519999617449663,0.21003086885906036,-0.15037382261744964,0.9605280460593564,0.9402827330611148,0.4820612770605306,3.43219995,5.20510006,1.31009996,-2.49449992,-1.68859994,-1.95379996,1.0564,0.69079998,0.8753999800000001,0.9816186049770151,0.9921671728770342,0.7104038031916177,0.14093959731543623,0.1476510067114094,0.0738255033557047,13934
0.01998791684563753,0.20019798315436238,-0.1755536875838926,0.977661700441823,0.9435462738716252,0.49430909288057034,3.43219995,5.20510006,1.31009996,-2.49449992,-1.68859994,-1.95379996,1.08869994,0.65989998,0.9103999700000001,0.9889697757068475,0.991778960419457,0.7246572914867228,0.12751677852348994,0.15436241610738255,0.0738255033557047,13994
0.006699997516778483,0.20219194261744963,-0.18696979469798655,0.9875022686043636,0.9440899444683277,0.49247377696526473,3.43219995,5.20510006,1.31009996,-2.49449992,-1.68859994,-1.95379996,1.14329994,0.69919997,0.9116,0.9937540734865383,0.9924573170306853,0.7262447804250793,0.14093959731543623,0.1610738255033557,0.0738255033557047,14034
-0.04020537046979866,0.2075771774496644,-0.1826080497315436,1.0399631423349174,0.9441062500778172,0.4971854626305315,3.43219995,5.20510006,1.31009996,-2.49449992,-1.68859994,-1.95379996,1.1856999400000001,0.8014999899999999,0.912,1.0205780784190552,0.9935766375452808,0.7283757014462311,0.12751677852348994,0.15436241610738255,0.08053691275167785,14094
-0.051863759395973194,0.2012275132885906,-0.1756295263758389,1.050687830373747,0.9506439697998257,0.5028563657609456,3.43219995,5.20510006,1.31009996,-2.49449992,-1.68859994,-1.95379996,1.23349994,0.8087999800000001,0.94589999,1.0263418923109544,0.9955583769443834,0.7305491744543601,0.12080536912751678,0.174496644295302,0.0738255033557047,14133
-0.0465040279194631,0.19797852006711406,-0.15224496268456372,1.0478023872609317,0.9541445322845865,0.5168835297186396,3.43219995,5.20510006,1.31009996,-2.49449992,-1.68859994,-1.95379996,1.23349994,0.86129999,0.9957,1.024678003996214,0.9966644504007109,0.734889147002093,0.1342281879194631,0.174496644295302,0.0738255033557047,14193
-0.022491277046979917,0.19453690959731545,-0.13747919120805369,1.0594181582602864,0.9587966981246095,0.520266035891129,3.43219995,5.20510006,1.31009996,-2.49449992,-1.68859994,-1.95379996,1.18799997,0.8723000000000001,1.06329999,1.0295261122494614,0.9983192411850443,0.7342796224234673,0.14093959731543623,0.174496644295302,0.0738255033557047,14232
-0.004287250939597335,0.1927496613422818,-0.11734966154362415,1.0536897695939593,0.9611213592330277,0.5278133698680809,3.43219995,5.20510006,1.31009996,-2.49449992,-1.68859994,-1.95379996,1.09959996,0.87779999,1.06449998,1.0265028738949435,0.9991365227938529,0.735924121722127,0.1476510067114094,0.174496644295302,0.06040268456375839,14293
-0.0058355730201342364,0.1845120775838926,-0.10081543369127516,1.0540786618654467,0.9731158248508183,0.5358733711288488,3.43219995,5.20510006,1.31009996,-2.49449992,-1.68859994,-1.95379996,1.09959996,0.9012,1.09969998,1.0266999151543357,1.003573879505212,0.7389432473466476,0.1476510067114094,0.174496644295302,0.053691275167785234,14334
-0.027498659530201364,0.17712281604026844,-0.08678925959731544,1.0752057758801503,0.9809936511576577,0.5500515807823224,3.43219995,5.20510006,1.31009996,-2.49449992,-1.68859994,-1.95379996,1.24439997,0.90629998,1.13229999,1.0372858584575944,1.0061640736578166,0.7467154453764651,0.14093959731543623,0.174496644295302,0.053691275167785234,14393
-0.038173156174496674,0.1764342254362416,-0.07490670932885907,1.0751497044814233,0.9812968256036677,0.5647727929909722,3.43219995,5.20510006,1.31009996,-2.49449992,-1.68859994,-1.95379996,1.24439997,0.90629998,1.1613,1.0375966915587895,1.0061937494881161,0.7552375838724198,0.14093959731543623,0.174496644295302,0.053691275167785234,14433
-0.049311410939597365,0.17042214496644295,-0.06570536691275168,1.0724316730901142,0.9839987107601788,0.5754207791644588,3.43219995,5.20510006,1.31009996,-2.49449992,-1.68859994,-1.95379996,1.24439997,0.90629998,1.18290001,1.03675613735293,1.0065000835842697,0.7614052629221826,0.15436241610738255,0.174496644295302,0.053691275167785234,14493
-0.054428189395973214,0.16624093704697984,-0.06855771583892617,1.0730626613594931,0.9861654894409924,0.5741757192806409,3.43219995,5.20510006,1.31009996,-2.49449992,-1.68859994,-1.95379996,1.24439997,0.90629998,1.18290001,1.0373162917646754,1.0068771218928598,0.7608389314971283,0.15436241610738255,0.174496644295302,0.053691275167785234,14533
-0.06047516932885913,0.15959194395973156,-0.06548791724832215,1.0731272135608343,0.9902658138216387,0.5753489958362765,3.43219995,5.20510006,1.31009996,-2.49449992,-1.68859994,-1.95379996,1.24439997,0.90669999,1.18290001,1.0376822537107344,1.0078369919776136,0.7613393876201332,0.1610738255033557,0.174496644295302,0.04697986577181208,14594
-0.053532216577181276,0.1598006687919463,-0.05565301805369128,1.0709412276089114,0.989888692224574,0.577369092342751,3.43219995,5.20510006,1.31009996,-2.49449992,-1.68859994,-1.95379996,1.1970999299999998,0.90669999,1.18290001,1.0362465564818917,1.007682959055539,0.7618834233406288,0.16778523489932887,0.174496644295302,0.040268456375838924,14634
-0.04404161275167788,0.1545604004026846,-0.051808722751677846,1.064929853834044,0.9911053987738322,0.579829135812183,3.43219995,5.20510006,1.31009996,-2.49449992,-1.68859994,-1.95379996,1.14329994,0.90669999,1.18290001,1.0328937590516332,1.007469263127402,0.7632255758066177,0.16778523489932887,0.16778523489932887,0.053691275167785234,14693
-0.050465773892617485,0.15192885691275168,-0.049538924295301996,1.0641728202939849,0.991929638111521,0.5806316350899203,3.43219995,5.20510006,1.31009996,-2.49449992,-1.68859994,-1.95379996,1.14329994,0.90669999,1.18290001,1.032821191992382,1.0074780472418923,0.7636005108106304,0.1610738255033557,0.1610738255033557,0.040268456375838924,14734
-0.04870067315436243,0.15048321932885908,-0.04690402503355702,1.0629220915041255,0.9924350036230809,0.5814611808435446,3.43219995,5.20510006,1.31009996,-2.49449992,-1.68859994,-1.95379996,1.14329994,0.90669999,1.18290001,1.0321307315790054,1.007511887236403,0.7639772041153409,0.1610738255033557,0.15436241610738255,0.053691275167785234,14792
-0.04989194812080539,0.1477557025503356,-0.04839194449664427,1.0629558515650068,0.9928813315281261,0.5811487385184114,3.43219995,5.20510006,1.31009996,-2.49449992,-1.68859994,-1.95379996,1.14329994,0.90669999,1.18290001,1.0322039808353272,1.0073296774960367,0.7638655109445497,0.1476510067114094,0.1476510067114094,0.040268456375838924,14832
-0.048755706510067116,0.1525590581208054,-0.049196642550335554,1.0625608236316444,0.9916719748498037,0.5798856513703794,3.43219995,5.20510006,1.31009996,-2.49449992,-1.68859994,-1.95379996,1.14329994,0.90669999,1.18290001,1.0319583046562204,1.0074454035155012,0.7630897463657894,0.1476510067114094,0.1610738255033557,0.040268456375838924,14893
-0.04627181382550331,0.15323019912751681,-0.05269865590604021,1.0620568675958884,0.9916304018146578,0.5780448282743682,3.43219995,5.20510006,1.31009996,-2.49449992,-1.68859994,-1.95379996,1.14329994,0.90669999,1.18290001,1.031599703543284,1.0075266228439408,0.7621167736040665,0.15436241610738255,0.15436241610738255,0.040268456375838924,14933
-0.04610067288590605,0.1526791923489934,-0.07273154127516784,1.061836467920796,0.9919311594464117,0.553520234832934,3.43219995,5.20510006,1.1135,-2.49449992,-1.68859994,-1.95379996,1.14329994,0.90669999,1.14669997,1.0314852107332078,1.0075922266585589,0.7475360271780855,0.15436241610738255,0.1610738255033557,0.040268456375838924,14993
-0.047770471543624154,0.15175033328859067,-0.08427180899328866,1.0615676457682186,0.9917357943675541,0.5402258208640598,3.43219995,5.20510006,1.1135,-2.49449992,-1.68859994,-1.95379996,1.14329994,0.90669999,1.12919998,1.0314308816977118,1.0073549315016792,0.7398158951084123,0.1610738255033557,0.15436241610738255,0.040268456375838924,15033
-0.057546310469798675,0.16060872234899337,-0.09791409073825506,1.0565514397555027,0.9879374347056797,0.5254939325792236,3.43219995,5.20510006,1.1135,-2.49449992,-1.68859994,-1.95379996,1.13419998,0.90669999,1.09969998,1.0294964874171202,1.0068428856580633,0.7314923798265591,0.16778523489932887,0.16778523489932887,0.040268456375838924,15093
-0.06865436389261748,0.17025100429530202,-0.10288925872483223,1.046767688759817,0.982150330964657,0.5205603729417396,3.43219995,5.20510006,1.1135,-2.49449992,-1.68859994,-1.95379996,1.11889994,0.9012,1.06449998,1.0254175298098411,1.0055524528477946,0.7287980327242147,0.18791946308724833,0.16778523489932887,0.040268456375838924,15133
-0.08704228268456378,0.18173691033557046,-0.11179798315436239,1.0319466312827803,0.9741722590180847,0.5133477466266042,3.43219995,5.20510006,1.1135,-2.49449992,-1.68859994,-1.95379996,0.9879999799999999,0.88679999,1.05499998,1.0195700026274406,1.003593824012685,0.7251527671215132,0.19463087248322147,0.174496644295302,0.040268456375838924,15193
-0.09389798704697991,0.1911402657718121,-0.11671811731543626,1.026336851102459,0.9666086600903996,0.5105203762072538,3.43219995,5.20510006,1.1135,-2.49449992,-1.68859994,-1.95379996,0.8743999599999999,0.8723000000000001,1.02879998,1.0174250257753314,1.0015703975705947,0.7239775515283011,0.21476510067114093,0.174496644295302,0.040268456375838924,15233
-0.09181275228187923,0.19365503073825507,-0.10849932570469799,1.0268226743860647,0.9632904232420346,0.5070468823628214,3.43219995,5.20510006,1.1135,-2.49449992,-1.68859994,-1.95379996,0.8743999599999999,0.73429996,1.02719995,1.0174734669108765,1.0003962685717442,0.7202909037612482,0.2080536912751678,0.18120805369127516,0.03355704697986577,15293
-0.07354765228187925,0.18221342000000004,-0.09634966174496647,1.0016364389603216,0.9527013135652195,0.4993611413967588,3.43219995,5.20510006,1.1135,-2.49449992,-1.68859994,-1.95379996,0.77449998,0.67489997,0.98039999,1.0035166645933178,0.9929265048296959,0.7131931005801504,0.20134228187919462,0.18791946308724833,0.03355704697986577,15333
-0.03481342456375838,0.1703483197986578,-0.07635838738255041,0.9302997984101041,0.9460691897853736,0.48832601872810866,3.43219995,5.20510006,1.1135,-2.49449992,-1.68859994,-1.95379996,0.7318999799999999,0.63389996,0.83699998,0.965148575577854,0.9874653107039245,0.7029627458491472,0.19463087248322147,0.19463087248322147,0.03355704697986577,15393
-0.004886579731543568,0.1726550311409397,-0.060870468657718176,0.8644281306585274,0.9451474263364061,0.47564260703713535,3.43219995,5.20510006,1.1135,-2.49449992,-1.68859994,-1.95379996,0.7285999599999999,0.63389996,0.80349996,0.9297591135987864,0.9873992030150143,0.6923494933859241,0.174496644295302,0.20134228187919462,0.04697986577181208,15434
0.04262415832214762,0.18545033288590607,-0.032555033154362395,0.7463089836815705,0.9349646621071518,0.44118587748234567,3.43219995,5.20510006,1.1135,-2.20650005,-1.68859994,-1.95379996,0.66339996,0.57849997,0.74999997,0.8649426585353752,0.9845590322954967,0.6650155694914426,0.12080536912751678,0.20134228187919462,0.06040268456375839,15494
0.06858993046979864,0.18870335308724834,-0.010239597248322116,0.6924627300954106,0.9330655745107043,0.40752443508234004,3.43219995,5.20510006,1.1135,-2.14429998,-1.68859994,-1.95379996,0.6368999799999999,0.56329998,0.72549999,0.8349654535711419,0.9842126446947705,0.6384585220937599,0.12751677852348994,0.19463087248322147,0.087248322147651,15534
0.08794966114093956,0.18190268228187928,0.013680536577181227,0.6702013183706045,0.9314449443658808,0.38065665542010185,3.43219995,5.20510006,1.1135,-2.14429998,-1.68859994,-1.95379996,0.62029996,0.54550001,0.66479999,0.8233689703076078,0.9821066796368011,0.6171254430836096,0.12080536912751678,0.19463087248322147,0.06040268456375839,15593
0.09300603671140933,0.16733221302013426,0.013465771342281895,0.6677333112016934,0.9194953841500543,0.3793269881467619,3.43219995,5.20510006,1.1135,-2.14429998,-1.68859994,-1.95379996,0.60049999,0.51989999,0.63150001,0.8224253364691881,0.9733937813979856,0.6160424621278996,0.11409395973154363,0.19463087248322147,0.053691275167785234,15633
0.0813590575167785,0.14482617268456374,-0.0049865773154362065,0.6623536217350556,0.896247651225529,0.35962983427287915,3.43219995,5.20510006,1.1135,-2.14429998,-1.68859994,-1.95379996,0.52480001,0.5038999900000001,0.58739999,0.8179076463605625,0.9577172189743626,0.5997121811554288,0.12751677852348994,0.2214765100671141,0.06711409395973154,15693
0.06545100436241608,0.12725436107382548,-0.014901341677852346,0.6509491808857637,0.875886238057169,0.35019706487430774,3.43219995,5.20510006,1.1135,-2.14429998,-1.68859994,-1.95379996,0.4655,0.49219999999999997,0.54760001,0.8094646470710213,0.9444998202591028,0.5919620890378943,0.14093959731543623,0.2080536912751678,0.08053691275167785,15733
0.028133555771812067,0.08793959838926167,-0.014626173825503354,0.596476908054816,0.7986410486190021,0.35001058321619305,3.43219995,5.20510006,1.1135,-2.14429998,-1.68859994,-1.95379996,0.4313,0.48619999999999997,0.54760001,0.7728314208255135,0.8979835307976791,0.5917976919327811,0.16778523489932887,0.20134228187919462,0.06711409395973154,15793
0.010906710335570441,0.09526644402684555,-0.012744294630872467,0.5771858939757774,0.7907507617297023,0.3500814140843484,3.43219995,5.20510006,1.1135,-2.14429998,-1.68859994,-1.95379996,0.42390001,0.48280000999999995,0.54760001,0.7598057977576385,0.8943301723006009,0.5918140173483448,0.16778523489932887,0.2080536912751678,0.06040268456375839,15833
-0.019887248993288552,0.10407785328859052,-0.0013711405369127314,0.5158849670245664,0.7723050819344641,0.34294157861851404,3.43219995,5.20510006,1.1135,-2.14429998,-1.68859994,-1.95379996,0.37370000000000003,0.45639999,0.40419999,0.7185265963741968,0.8849504401262395,0.5856137452663541,0.22818791946308725,0.18120805369127516,0.053691275167785234,15893
-0.06096442946308722,0.09562349100671133,0.008245638053691296,0.38082499414229437,0.7677160002393407,0.33757152902540993,2.0546999,5.20510006,1.1135,-2.14429998,-1.68859994,-1.95379996,0.3632,0.43349998999999995,0.3401,0.6201142280274291,0.8813965352051548,0.5810675688526443,0.24161073825503357,0.20134228187919462,0.06040268456375839,15933
-0.08446241557046981,0.10705570516778513,0.017443624563758392,0.3539287536583106,0.758606514828774,0.3344274765765622,2.0546999,5.20510006,1.1135,-2.14429998,-1.68859994,-1.95379996,0.34650001,0.40779999,0.29960000000000003,0.6008848918905428,0.8775348647419917,0.5785600717423244,0.26174496644295303,0.18791946308724833,0.0738255033557047,15993
-0.09311006637583898,0.1136140942281878,0.022208725100671158,0.35314367063768864,0.753628375349152,0.33188246214387324,2.0546999,5.20510006,1.1135,-2.14429998,-1.68859994,-1.95379996,0.33930000000000005,0.37969999,0.29960000000000003,0.6015090648512306,0.8755207237732547,0.576520328882226,0.26174496644295303,0.20134228187919462,0.10738255033557047,16033
-0.11657785087248325,0.13360000013422815,0.03221812087248323,0.3320228226061684,0.7285149257817592,0.32820519373523166,2.0546999,5.20510006,1.1135,-2.14429998,-1.68859994,-1.95379996,0.324,0.35059999,0.2895,0.5878887802299134,0.8639235416503158,0.5737971776227081,0.2348993288590604,0.18791946308724833,0.11409395973154363,16092
