time,pulse
0.037,128643
0.052,128727
0.063,128749
0.072,128727
0.087,128929
0.097,128801
0.107,128847
0.127,128855
0.135,128819
0.145,129027
0.163,128983
0.172,128983
0.181,129075
0.19,129185
0.214,129101
0.224,129279
0.231,129195
0.262,129273
0.272,129295
0.28,129309
0.312,129339
0.321,129463
0.33,129441
0.338,129389
0.358,129555
0.367,129401
0.376,129367
0.405,129287
0.414,129229
0.422,129097
0.464,128979
0.474,129101
0.48,129023
0.487,129017
0.504,128891
0.512,128841
0.52,128727
0.557,128745
0.566,128691
0.574,128807
0.6,128661
0.608,128705
0.615,128785
0.622,128657
0.66,128735
0.669,128647
0.677,128705
0.702,128763
0.712,128731
0.721,128771
0.776,128829
0.784,128823
0.791,128869
0.8,128851
0.808,128855
0.815,128859
0.822,128961
0.858,128917
0.867,128907
0.874,129045
0.894,129063
0.904,129129
0.913,129079
0.922,129207
0.951,129273
0.959,129243
0.965,129375
0.99,129379
0.997,129331
1.002,129383
1.045,129533
1.051,129437
1.057,129415
1.062,129419
1.091,129331
1.099,129273
1.105,129173
1.143,129265
1.15,129163
1.158,129155
1.187,129045
1.194,128961
1.199,128907
1.205,129013
1.241,128913
1.247,128833
1.252,129107
1.284,129123
1.29,129063
1.295,129133
1.341,129151
1.349,129167
1.356,129221
1.363,129159
1.38,129251
1.387,129313
1.393,129167
1.435,129189
1.44,129251
1.445,129203
1.479,129207
1.485,129247
1.49,129327
1.495,129239
1.533,129383
1.539,129335
1.543,129279
1.574,129393
1.579,129305
1.583,129499
1.627,129503
1.632,129517
1.638,129481
1.643,129755
1.674,129693
1.681,129649
1.686,129675
1.724,129693
1.729,129745
1.733,129887
1.769,129803
1.774,129709
1.777,129913
1.781,129561
1.82,129577
1.825,129503
1.828,129591
1.874,129401
1.879,129419
1.883,129269
1.916,129389
1.921,129309
1.925,129251
1.929,129251
1.966,129085
1.97,129111
1.975,129085
2.014,129133
2.018,129067
2.022,129085
2.063,129115
2.069,129123
2.072,129101
2.076,129133
2.115,129075
2.119,129013
2.122,129067
2.163,129141
2.167,129225
2.17,129243
2.213,129221
2.218,129225
2.222,129273
2.226,129339
2.258,129411
2.262,129433
2.267,129433
2.307,129529
2.312,129555
2.315,129529
2.358,129755
2.364,129723
2.368,129687
2.37,129693
2.402,129715
2.407,129825
2.413,129891
2.452,129789
2.456,129777
2.46,129573
2.503,129657
2.507,129499
2.51,129529
2.514,129427
2.557,129383
2.561,129411
2.563,129261
2.6,129163
2.604,129167
2.607,129225
2.655,129009
2.66,129133
2.663,129079
2.667,129111
2.695,129261
2.699,129097
2.701,129129
2.75,129005
2.754,128979
2.756,129013
2.794,128961
2.798,128987
2.8,129079
2.803,129039
2.844,129013
2.848,129089
2.85,129067
2.889,129079
2.892,129067
2.895,129097
2.94,129141
2.944,129045
2.945,129177
2.948,129251
2.986,129195
2.989,129151
2.991,129199
3.037,129255
3.041,129195
3.043,129173
3.084,129163
3.088,129217
3.09,129133
3.092,128917
3.139,128815
3.143,128723
3.146,128511
3.185,128533
3.188,128365
3.19,128269
3.234,128353
3.237,128163
3.24,128013
3.242,127991
3.278,127995
3.281,127871
3.284,127877
3.332,127855
3.336,127815
3.339,127973
3.375,127811
3.38,127845
3.383,127775
3.386,127661
3.433,127775
3.436,127749
3.438,127731
3.477,127709
3.48,127819
3.483,127771
3.529,127717
3.532,127775
3.534,127805
3.538,127717
3.574,127767
3.578,127673
3.58,127841
3.621,127893
3.624,127841
3.626,128009
3.674,127933
3.677,128101
3.679,128207
3.68,128061
3.724,128053
3.728,128177
3.73,128137
3.765,128061
3.769,128137
3.771,128005
3.818,127947
3.821,127933
3.824,127837
3.826,127775
3.867,127811
3.869,127723
3.872,127585
3.913,127555
3.917,127489
3.919,127357
3.963,127391
3.966,127379
3.969,127347
3.97,127379
4.013,127335
4.017,127277
4.02,127329
4.059,127387
4.062,127361
4.064,127201
4.113,127295
4.117,127471
4.12,127533
4.122,127387
4.154,127365
4.158,127365
4.159,127497
4.21,127479
4.214,127523
4.216,127501
4.256,127537
4.258,127691
4.261,127617
4.264,127589
4.306,127677
4.308,127705
4.31,127695
4.352,127783
4.355,127735
4.357,127723
4.402,127867
4.405,127789
4.408,127705
4.409,127567
4.453,127479
4.456,127401
4.459,127273
4.5,127241
4.504,127109
4.506,127157
4.549,127007
4.554,126897
4.556,126937
4.558,126853
4.595,126863
4.598,126783
4.6,126769
4.651,126819
4.655,126721
4.657,126815
4.693,126607
4.697,126703
4.699,126769
4.701,126783
4.748,126809
4.752,126735
4.754,126875
4.794,126875
4.797,126941
4.799,126893
4.844,126955
4.847,126881
4.849,127035
4.852,127105
4.886,127097
4.89,127109
4.893,127017
4.941,127145
4.945,127237
4.947,127145
4.985,127233
4.988,127347
4.99,127497
4.992,127461
5.04,127739
5.043,127585
5.044,127749
5.081,127661
5.083,127567
5.085,127603
5.132,127621
5.135,127655
5.137,127603
5.138,127855
5.178,127625
5.182,127739
5.185,127563
5.234,127643
5.237,127633
5.238,127625
5.28,127537
5.283,127669
5.285,127815
5.287,127611
5.357,127655
5.361,127665
5.363,127595
5.379,127485
5.383,127475
5.386,127501
5.427,127453
5.43,127551
5.432,127401
5.433,127339
5.474,127369
5.477,127307
5.479,127263
5.521,127307
5.525,127335
5.526,127369
5.57,127281
5.574,127285
5.576,127113
5.577,127263
5.625,127153
5.628,127313
5.63,127197
5.669,127321
5.673,127255
5.675,127263
5.713,127223
5.717,127263
5.719,127097
5.72,126977
5.769,127061
5.772,126889
5.774,127057
5.819,126947
5.823,126787
5.826,126703
5.863,126659
5.867,126633
5.869,126599
5.87,126615
5.909,126519
5.913,126603
5.915,126717
5.962,126585
5.966,126431
5.968,126497
6.009,126581
6.013,126589
6.016,126691
6.018,126531
6.054,126615
6.057,126677
6.058,126575
6.104,126523
6.106,126567
6.107,126483
6.155,126527
6.159,126549
6.161,126431
6.164,126515
6.203,126673
6.207,126479
6.209,126413
6.252,126383
6.255,126391
6.258,126329
6.298,126483
6.301,126409
6.304,126465
6.305,126553
6.351,126373
6.355,126431
6.356,126365
6.396,126377
6.399,126405
6.401,126443
6.449,126241
6.453,126289
6.455,126285
6.457,126139
6.494,126055
6.497,125985
6.499,125945
6.551,125951
6.554,125845
6.556,125769
6.593,125739
6.597,125845
6.598,125729
6.6,125751
6.647,125805
6.65,125787
6.653,125729
6.688,125703
6.691,125801
6.694,125721
6.744,125677
6.747,125751
6.749,125677
6.75,125699
6.789,125641
6.792,125667
6.795,125713
6.842,125685
6.845,125721
6.847,125813
6.884,125645
6.888,125641
6.89,125641
6.891,125739
6.939,125729
6.943,125757
6.945,125883
6.982,125791
6.985,125757
6.986,125857
7.035,125923
7.038,126065
7.039,125937
7.041,125867
7.085,126087
7.088,126157
7.089,126171
7.133,126077
7.137,126157
7.14,126121
7.179,126025
7.182,125963
7.185,126025
7.186,126003
7.232,125853
7.236,125845
7.237,125809
7.273,125857
7.276,125773
7.277,125875
7.335,125721
7.338,125831
7.339,125761
7.341,125751
7.372,125963
7.375,126055
7.377,125875
7.423,125929
7.427,126051
7.429,126029
7.467,126087
7.469,126099
7.47,126153
7.472,126337
7.521,126277
7.524,126281
7.525,126409
7.568,126501
7.571,126487
7.574,126603
7.622,126651
7.625,126655
7.628,126823
7.63,126717
7.665,126823
7.668,126915
7.669,126885
7.715,127039
7.719,127113
7.72,127229
7.763,127237
7.766,127413
7.768,127321
7.769,127369
7.812,127457
7.815,127449
7.817,127439
7.858,127263
7.86,127395
7.862,127409
7.905,127467
7.908,127365
7.91,127281
7.911,127285
7.957,127233
7.96,127241
7.962,127123
8.006,127167
8.009,127277
8.011,127291
8.054,127141
8.056,127157
8.058,127167
8.059,127269
8.103,127141
8.107,127295
8.109,127219
8.153,127263
8.156,127343
8.158,127351
8.204,127339
8.207,127347
8.208,127417
8.21,127445
8.249,127409
8.252,127427
8.254,127529
8.303,127485
8.306,127519
8.308,127633
8.349,127727
8.353,127761
8.356,127775
8.357,127811
8.397,127885
8.401,128013
8.403,128021
8.445,127863
8.449,128049
8.45,128079
8.491,128115
8.495,128057
8.497,128153
8.498,128079
8.546,128269
8.549,128163
8.551,128207
8.59,128035
8.593,128027
8.595,127995
8.644,127915
8.647,127885
8.649,127793
8.651,127745
8.689,127669
8.691,127661
8.694,127501
8.745,127479
8.747,127427
8.749,127383
8.783,127493
8.786,127479
8.788,127395
8.789,127339
8.839,127307
8.843,127241
8.845,127197
8.882,127201
8.886,127241
8.888,127291
8.937,127167
8.94,127317
8.943,127237
8.945,127211
8.979,127273
8.983,127223
8.984,127255
9.035,127185
9.038,127251
9.04,127245
9.078,127263
9.081,127255
9.083,127223
9.084,127291
9.134,127259
9.137,127365
9.139,127439
9.175,127409
9.179,127453
9.18,127423
9.228,127365
9.232,127493
9.234,127533
9.236,127461
9.273,127595
9.276,127629
9.278,127629
9.326,127595
9.329,127603
9.331,127713
9.369,127595
9.371,127633
9.373,127519
9.374,127479
9.424,127511
9.427,127383
9.428,127313
9.463,127127
9.466,127131
9.468,127299
9.519,127075
9.522,127101
9.524,127035
9.526,127029
9.564,127113
9.568,127193
9.57,126999
9.613,127079
9.615,127141
9.616,127113
9.662,127153
9.664,127131
9.665,127157
9.666,127211
9.713,127325
9.716,127281
9.717,127145
9.76,127379
9.764,127361
9.765,127457
9.81,127395
9.813,127449
9.815,127607
9.816,127545
9.853,127617
9.856,127639
9.858,127643
9.924,127801
9.927,127753
9.928,127929
9.95,127915
9.953,127849
9.956,128119
9.958,128149
10.005,128149
10.007,128259
10.008,128145
10.053,128339
10.057,128503
10.058,128453
10.103,128529
10.107,128701
10.109,128559
10.111,128595
10.148,128485
10.151,128493
10.153,128453
10.2,128419
10.203,128459
10.205,128445
10.246,128427
10.249,128427
10.251,128357
10.253,128237
10.298,128181
10.301,128295
10.304,128277
10.343,128247
10.347,128259
10.348,128343
10.395,128415
10.398,128463
10.4,128467
10.403,128453
10.441,128427
10.444,128445
10.446,128585
10.49,128445
10.492,128701
10.493,128639
10.543,128591
10.546,128639
10.547,128785
10.548,128815
10.587,128841
10.59,128749
10.593,128829
10.637,128929
10.641,129045
10.643,129045
10.683,128991
10.686,129057
10.688,129075
10.689,129133
10.741,129075
10.744,129313
10.746,129229
10.783,129353
10.787,129327
10.788,129309
10.833,129283
10.837,129279
10.838,129195
10.84,129115
10.881,129085
10.884,129045
10.885,129009
10.934,129001
10.938,128877
10.939,128973
10.978,128793
10.981,128767
10.984,128801
10.986,128899
11.026,128793
11.029,128757
11.031,128823
11.077,128819
11.08,128753
11.082,128807
11.128,128841
11.131,128771
11.134,128983
11.136,128785
11.174,128935
11.177,128991
11.178,128811
11.224,128913
11.227,128951
11.229,128907
11.271,128881
11.274,129053
11.276,128969
11.278,128983
11.321,128943
11.324,129027
11.326,128991
11.366,129017
11.368,129027
11.369,129247
11.416,129189
11.419,129181
11.42,129185
11.422,129279
11.464,129221
11.467,129203
11.468,129301
11.518,129295
11.521,129199
11.523,129323
11.562,129137
11.565,129101
11.567,128957
11.568,128869
11.611,128753
11.614,128701
11.616,128559
11.66,128493
11.663,128529
11.665,128291
11.71,128299
11.713,128259
11.715,128221
11.716,128251
11.754,128171
11.757,128159
11.759,128247
11.803,128185
11.805,127999
11.807,128105
11.858,128075
11.862,127977
11.864,128021
11.865,128131
11.906,128079
11.909,128057
11.911,128211
11.953,128101
11.956,128115
11.958,128087
12.0,128065
12.003,128031
12.005,128167
12.007,128203
12.051,128159
12.054,128185
12.055,128269
12.1,128167
12.103,128361
12.105,128163
12.145,128269
12.148,128357
12.15,128343
12.151,128503
12.194,128437
12.197,128519
12.198,128463
12.243,128415
12.246,128507
12.247,128453
12.291,128393
12.293,128437
12.295,128247
12.296,128155
12.342,128243
12.345,128141
12.347,128043
12.387,127731
12.39,127767
12.392,127709
12.437,127639
12.44,127559
12.442,127427
12.443,127493
12.489,127423
12.492,127439
12.494,127329
12.54,127211
12.543,127335
12.545,127335
12.583,127329
12.586,127369
12.588,127263
12.589,127307
12.639,127237
12.642,127321
12.645,127351
12.682,127193
12.685,127329
12.686,127555
12.737,127343
12.74,127339
12.743,127313
12.744,127435
12.779,127373
12.783,127383
12.785,127497
12.831,127567
12.834,127779
12.835,127519
12.874,127661
12.877,127753
12.879,127801
12.881,127841
12.93,127735
12.933,128013
12.934,127955
12.971,128083
12.974,128083
12.976,127983
13.028,128159
13.03,128093
13.033,128083
13.034,128087
13.071,127973
13.074,127987
13.078,127977
13.126,127797
13.129,127617
13.13,127607
13.165,127445
13.167,127361
13.168,127277
13.169,127207
13.223,127223
13.226,127255
13.228,127185
13.266,127083
13.269,127127
13.27,127171
13.323,127105
13.326,127229
13.328,127087
13.329,127219
13.361,127317
13.364,127127
13.366,127163
13.42,127277
13.423,127241
13.425,127215
13.461,127303
13.464,127233
13.466,127251
13.467,127241
13.512,127325
13.515,127357
13.517,127387
13.56,127489
13.563,127537
13.564,127633
13.61,127533
13.613,127713
13.615,127651
13.616,127687
13.658,127811
13.661,127827
13.663,128027
13.706,128109
13.709,128153
13.711,128199
13.754,128233
13.757,128255
13.759,128207
13.76,128027
13.8,128131
13.804,127881
13.806,127911
13.851,127793
13.854,127683
13.856,127757
13.903,127585
13.906,127633
13.908,127581
13.909,127523
13.949,127357
13.952,127383
13.954,127405
13.994,127435
13.997,127585
13.999,127479
14.047,127559
14.05,127797
14.051,127939
14.052,127921
14.094,128127
14.098,128233
14.1,128419
14.141,128763
14.144,128657
14.145,128873
14.193,128837
14.196,129093
14.197,129111
14.198,129295
14.238,129467
14.241,129555
14.242,129605
14.289,129777
14.291,129873
14.294,129993
14.338,130037
14.341,130209
14.344,130253
14.346,130379
14.388,130345
14.392,130565
14.394,130385
14.436,130525
14.439,130477
14.441,130535
14.488,130469
14.49,130521
14.492,130441
14.494,130385
14.538,130521
14.541,130327
14.544,130111
14.582,130085
14.585,129829
14.587,129639
14.637,129573
14.64,129367
14.642,129211
14.644,129119
14.677,128957
14.681,128819
14.683,128727
14.735,128683
14.739,128503
14.74,128481
14.776,128449
14.78,128445
14.782,128577
14.784,128441
14.829,128353
14.832,128287
14.835,128277
14.872,128243
14.875,128251
14.877,128123
14.924,128145
14.927,128159
14.928,127999
14.929,127911
14.968,127871
14.971,127939
14.972,127955
15.023,127801
15.026,127837
15.028,127863
15.068,127983
15.071,127947
15.073,127969
15.075,127961
15.123,128083
15.126,128005
15.128,128123
15.166,128155
15.169,128339
15.17,128243
15.222,128287
15.225,128273
15.227,128331
15.229,128347
15.263,128321
15.267,128365
15.268,128471
15.318,128547
15.321,128507
15.323,128541
15.363,128471
15.366,128353
15.368,128189
15.369,128043
15.414,127915
15.416,127833
15.418,127805
15.457,127559
15.46,127417
15.462,127351
15.512,127373
15.515,127343
15.517,127211
15.518,127105
15.554,127153
15.557,127237
15.558,127079
15.606,127029
15.609,127007
15.611,127083
15.653,126977
15.657,127097
15.658,126867
15.66,127039
15.702,127119
15.705,127025
15.707,126995
15.745,126929
15.748,127039
15.749,126933
15.797,126977
15.799,127091
15.801,127069
15.802,127131
15.846,127075
15.849,127025
15.85,127153
15.897,127131
15.9,127255
15.903,127201
15.949,127313
15.952,127431
15.954,127515
15.956,127519
15.996,127431
15.999,127391
16.001,127537
16.044,127651
16.047,127611
16.048,127789
16.091,127709
16.094,127811
16.096,127717
16.097,127533
16.143,127559
16.146,127519
16.148,127369
16.193,127343
16.196,127127
16.198,126959
16.236,126937
16.239,126881
16.241,126703
16.243,126681
16.286,126571
16.289,126537
16.291,126471
16.334,126479
16.337,126443
16.339,126523
16.389,126405
16.393,126405
16.395,126337
16.396,126387
16.433,126259
16.436,126211
16.438,126167
16.483,126201
16.486,126167
16.487,126073
16.533,126113
16.536,126117
16.538,126189
16.54,126171
16.576,126145
16.579,126087
16.581,126333
16.634,126299
16.637,126439
16.639,126285
16.673,126405
16.676,126377
16.677,126405
16.679,126523
16.723,126461
16.726,126611
16.728,126571
16.772,126625
16.775,126673
16.776,126819
16.825,126747
16.828,126871
16.83,126849
16.833,126769
16.87,126801
16.874,126681
16.875,126483
16.923,126383
16.926,126259
16.927,126109
16.966,126121
16.969,125929
16.97,125685
16.972,125747
17.021,125487
17.024,125447
17.027,125315
17.065,125161
17.068,125315
17.07,125117
17.114,125175
17.117,125069
17.119,125187
17.121,125135
17.163,125081
17.166,124985
17.167,124909
17.215,125059
17.218,125015
17.22,124937
17.259,124887
17.261,125007
17.264,124989
17.265,125011
17.311,124967
17.315,125025
17.316,125183
17.356,125047
17.36,125161
17.362,125267
17.411,125249
17.414,125297
17.415,125297
17.417,125377
17.453,125351
17.456,125377
17.458,125363
17.503,125497
17.507,125607
17.509,125545
17.553,125663
17.555,125601
17.557,125563
17.559,125667
17.605,125645
17.608,125729
17.609,125809
17.647,126017
17.65,125995
17.651,125831
17.693,125739
17.696,125677
17.697,125545
17.698,125429
17.748,125231
17.752,125055
17.754,125091
17.794,124835
17.797,124685
17.8,124553
17.847,124557
17.851,124461
17.853,124403
17.854,124279
17.892,124245
17.895,124399
17.897,124279
17.947,124201
17.95,124231
17.953,124213
17.99,124205
17.993,124249
17.995,124191
17.997,124169
18.036,124311
18.039,124231
18.04,124231
18.084,124327
18.087,124195
18.089,124223
18.134,124301
18.137,124351
18.138,124421
18.14,124527
18.18,124377
18.183,124407
18.186,124605
18.233,124557
18.235,124627
18.236,124659
18.281,124743
18.284,124795
18.285,124909
18.287,124931
18.33,124927
18.334,124919
18.335,125157
18.381,124959
18.384,125157
18.385,125223
18.429,125395
18.432,125501
18.435,125385
18.436,125451
18.473,125541
18.476,125575
18.478,125549
18.532,125479
18.535,125395
18.537,125483
18.571,125147
18.575,125091
18.577,124905
18.579,124805
18.626,124655
18.628,124509
18.63,124553
18.669,124385
18.672,124483
18.674,124319
18.725,124223
18.728,124289
18.73,124293
18.732,124417
18.769,124305
18.772,124373
18.774,124363
18.822,124461
18.825,124327
18.826,124377
18.863,124433
18.866,124443
18.867,124597
18.869,124429
18.919,124499
18.923,124601
18.925,124571
18.962,124593
18.965,124667
18.967,124671
19.038,124681
19.041,124883
19.043,124879
19.045,124871
19.063,124915
19.066,125073
19.068,125077
19.112,125153
19.114,125121
19.116,125421
19.158,125249
19.161,125395
19.164,125509
19.165,125623
19.211,125575
19.214,125659
19.216,125633
19.255,125673
19.258,125699
19.259,125633
19.307,125567
19.31,125479
19.313,125447
19.314,125187
19.354,125191
19.357,124945
19.359,124893
19.404,124677
19.408,124671
19.409,124571
19.449,124597
19.451,124597
19.453,124385
19.455,124315
19.5,124377
19.503,124399
19.504,124327
19.546,124363
19.549,124367
19.55,124417
19.6,124381
19.604,124465
19.605,124395
19.607,124451
19.645,124411
19.648,124297
19.65,124377
19.693,124491
19.697,124499
19.699,124495
19.742,124451
19.746,124499
19.747,124597
19.748,124597
19.792,124623
19.795,124663
19.797,124715
19.84,124879
19.844,124765
19.845,124865
19.888,124875
19.891,124905
19.893,125011
19.895,125051
19.931,125103
19.935,125201
19.936,125363
19.989,125213
19.993,125403
19.995,125421
20.033,125523
20.037,125435
20.039,125483
20.041,125593
20.083,125461
20.087,125519
20.089,125319
20.134,125157
20.137,125025
20.139,124821
20.182,124773
20.185,124531
20.187,124399
20.189,124327
20.229,124385
20.232,124217
20.234,123979
20.273,123967
20.276,124007
20.278,124001
20.328,123935
20.331,124077
20.333,123989
20.335,124029
20.378,123953
20.382,124007
20.385,124041
20.423,124077
20.425,123945
20.426,123941
20.473,124001
20.476,124033
20.478,124041
20.479,123989
20.519,123997
20.522,124037
20.524,124045
20.572,124161
20.576,124201
20.577,124213
20.622,124345
20.626,124345
20.628,124433
20.629,124373
20.666,124455
20.669,124583
20.67,124605
20.722,124659
20.725,124835
20.727,124931
20.763,124787
20.766,124927
20.768,124923
20.769,125055
20.817,125073
20.82,125169
20.823,125157
20.863,125289
20.866,125337
20.868,125285
20.914,125223
20.917,125087
20.919,125077
20.92,124953
20.96,124721
20.963,124615
20.965,124377
21.018,124439
21.022,124195
21.025,124107
21.056,123945
21.059,123941
21.061,123781
21.063,123733
21.112,123675
21.115,123601
21.116,123769
21.153,123703
21.156,123597
21.157,123565
21.207,123741
21.211,123657
21.213,123737
21.215,123635
21.246,123671
21.249,123653
21.251,123711
21.304,123703
21.306,123711
21.307,123711
21.345,123715
21.348,123883
21.35,123839
21.352,123847
21.404,123941
21.407,124081
21.409,124117
21.444,124173
21.448,124129
21.45,124179
21.501,124289
21.505,124245
21.506,124323
21.508,124425
21.543,124359
21.546,124443
21.548,124543
21.595,124641
21.598,124699
21.6,124703
21.636,124721
21.639,124931
21.641,124765
21.643,124865
21.693,125003
21.697,124959
21.698,124927
21.741,124857
21.744,124769
21.746,124703
21.79,124539
21.793,124465
21.795,124245
21.796,124107
21.833,124033
21.836,123835
21.837,123703
21.885,123671
21.888,123667
21.89,123685
21.933,123531
21.936,123535
21.938,123623
21.939,123535
21.984,123495
21.987,123539
21.989,123575
22.027,123591
22.03,123807
22.033,123557
22.082,123553
22.086,123619
22.087,123685
22.089,123747
22.128,123773
22.131,123773
22.133,123755
22.18,123957
22.182,123851
22.184,123923
22.222,124007
22.224,124055
22.225,124161
22.226,124103
22.276,124173
22.279,124253
22.281,124461
22.322,124407
22.325,124417
22.326,124557
22.373,124593
22.376,124707
22.378,124699
22.38,124711
22.418,124773
22.421,124927
22.423,124843
22.469,124887
22.473,124931
22.475,124835
22.517,124681
22.52,124711
22.523,124557
22.524,124351
22.566,124289
22.569,124089
22.571,123927
22.618,123763
22.622,123725
22.625,123609
22.662,123459
22.666,123407
22.667,123499
22.669,123419
22.72,123353
22.724,123359
22.725,123275
22.759,123319
22.763,123203
22.765,123177
22.814,123125
22.817,123315
22.819,123055
22.821,123155
22.86,123059
22.863,123089
22.865,123165
22.913,123089
22.916,123023
22.917,123059
22.955,123159
22.959,123165
22.96,123099
22.962,123137
23.007,123133
23.01,123137
23.012,123217
23.053,123243
23.057,123239
23.058,123381
23.102,123177
23.105,123443
23.106,123419
23.107,123459
23.149,123447
23.152,123375
23.154,123535
23.199,123459
23.202,123693
23.204,123649
23.247,123619
23.25,123663
23.252,123667
23.253,123605
23.303,123481
23.306,123331
23.308,123337
23.343,123227
23.347,122983
23.349,122789
23.399,122627
23.402,122583
23.404,122397
23.405,122393
23.444,122151
23.448,122137
23.45,122151
23.495,121969
23.499,122093
23.5,122049
23.537,121943
23.541,122063
23.543,122041
23.544,121987
23.618,122107
23.622,121939
23.624,122097
23.638,122031
23.641,122045
23.644,122053
23.687,122057
23.691,122075
23.693,122115
23.696,122181
23.736,122129
23.739,122075
23.741,122221
23.78,122313
23.784,122323
23.785,122335
23.833,122419
23.836,122463
23.838,122429
23.839,122565
23.882,122635
23.885,122605
23.887,122661
23.93,122777
23.934,122749
23.935,122865
23.974,122887
23.977,123063
23.979,123063
23.981,123033
24.023,123159
24.025,123155
24.026,123287
24.073,123319
24.075,123353
24.076,123309
24.123,123315
24.126,123129
24.128,123089
24.129,123041
24.169,122895
24.173,122745
24.176,122627
24.222,122529
24.225,122605
24.226,122551
24.272,122539
24.275,122495
24.276,122407
24.278,122547
24.319,122539
24.322,122521
24.325,122511
24.37,122719
24.374,122679
24.375,122749
24.416,122803
24.419,122895
24.421,122935
24.423,122961
24.468,123033
24.471,123077
24.474,123253
24.512,123261
24.515,123513
24.517,123477
24.559,123495
24.563,123675
24.565,123781
24.566,123813
24.614,123913
24.618,124205
24.619,124253
24.657,124311
24.66,124465
24.662,124549
24.716,124627
24.719,124667
24.721,124729
24.723,124751
24.76,124901
24.763,124849
24.765,124993
24.811,124959
24.815,124993
24.816,125081
24.855,124945
24.857,124805
24.859,124777
24.86,124729
24.91,124589
24.914,124473
24.916,124389
24.948,124271
24.952,124235
24.954,124169
25.004,124173
25.007,124015
25.008,124089
25.009,124059
25.051,124033
25.054,124103
25.056,124121
25.101,124111
25.105,124201
25.107,124235
25.146,124239
25.149,124305
25.151,124345
25.152,124311
25.201,124337
25.204,124517
25.206,124491
25.243,124571
25.246,124499
25.247,124601
25.297,124627
25.3,124671
25.301,124729
25.303,124827
25.341,124919
25.345,125003
25.346,125015
25.393,125205
25.397,125161
25.398,125311
25.439,125571
25.443,125713
25.444,125923
25.446,126189
25.491,126383
25.494,126713
25.496,126889
25.533,127229
25.536,127383
25.538,127427
25.587,127753
25.589,127863
25.59,128131
25.592,128303
25.633,128265
25.635,128397
25.636,128631
25.685,128453
25.687,128375
25.688,128415
25.73,128339
25.732,128247
25.733,128145
25.734,127999
25.777,127877
25.78,127929
25.781,127629
25.828,127607
25.831,127519
25.833,127409
25.879,127431
25.883,127373
25.886,127241
25.89,127259
25.922,127303
25.924,127021
25.926,126999
25.973,126929
25.976,126815
25.978,126765
26.024,126709
26.028,126625
26.029,126651
26.03,126665
26.072,126527
26.075,126553
26.077,126585
26.121,126519
26.125,126475
26.126,126501
26.165,126387
26.168,126333
26.169,126457
26.171,126487
26.219,126427
26.222,126479
26.224,126443
26.267,126575
26.27,126427
26.272,126589
26.315,126643
26.318,126647
26.32,126629
26.322,126659
26.362,126725
26.366,126757
26.367,126709
26.412,126509
26.415,126427
26.416,126387
26.463,126051
26.466,126039
26.468,125853
26.469,125747
26.51,125553
26.513,125509
26.515,125297
26.558,125267
26.561,125161
26.563,125103
26.608,124989
26.611,125029
26.613,124971
26.614,124887
26.655,124909
26.659,124949
26.66,124835
26.71,124953
26.713,124905
26.715,124817
26.753,124901
26.756,124909
26.757,124887
26.759,124795
26.807,124941
26.809,124725
26.811,124733
26.85,124527
26.852,124645
26.853,124399
26.904,124517
26.907,124561
26.909,124477
26.911,124443
26.945,124469
26.947,124615
26.949,124517
27.008,124549
27.011,124627
27.013,124655
27.046,124721
27.049,124645
27.05,124733
27.053,124733
27.1,124805
27.104,124795
27.105,124765
27.142,124871
27.145,124883
27.146,124959
27.195,124971
27.198,124879
27.199,124671
27.201,124649
27.24,124557
27.243,124509
27.245,124249
27.292,124267
27.296,124283
27.298,124129
27.333,123927
27.336,124191
27.337,123975
27.338,123785
27.391,124001
27.394,123873
27.396,123857
27.434,123807
27.437,123891
27.439,123927
27.488,123941
27.49,123997
27.493,124103
27.494,124099
27.529,124045
27.532,124151
27.535,124135
27.584,124355
27.587,124377
27.589,124433
27.629,124363
27.632,124531
27.634,124593
27.636,124567
27.679,124795
27.682,124791
27.685,124923
27.722,125025
27.725,125143
27.726,125109
27.778,125109
27.781,125263
27.784,125143
27.785,125351
27.823,125391
27.826,125435
27.827,125501
27.872,125571
27.875,125593
27.877,125597
27.917,125567
27.92,125579
27.922,125461
27.923,125385
27.974,125289
27.977,125227
27.978,124993
28.021,124901
28.025,124791
28.026,124641
28.066,124619
28.068,124583
28.07,124553
28.071,124403
28.113,124589
28.116,124433
28.118,124407
28.183,124337
28.186,124385
28.188,124279
28.211,124333
28.216,124223
28.217,124327
28.218,124439
28.263,124239
28.266,124223
28.268,124297
28.307,124289
28.31,124275
28.312,124311
28.362,124337
28.365,124323
28.367,124589
28.368,124327
28.41,124451
28.413,124483
28.415,124517
28.459,124513
28.462,124583
28.464,124633
28.502,124641
28.505,124777
28.506,124623
28.508,124699
28.556,124791
28.559,124849
28.56,124941
28.598,124893
28.601,125021
28.603,124997
28.651,125157
28.654,125245
28.656,125147
28.657,125227
28.701,125263
28.705,125249
28.706,125147
28.748,125029
28.751,125021
28.753,124993
28.801,124915
28.804,124821
28.806,124645
28.807,124499
28.844,124513
28.847,124443
28.849,124395
28.896,124283
28.899,124355
28.901,124245
28.943,124271
28.946,124275
28.947,124301
28.949,124191
28.996,124297
28.999,124301
29.0,124389
29.041,124297
29.045,124249
29.046,124293
29.093,124249
29.097,124359
29.098,124377
29.099,124395
29.137,124455
29.14,124553
29.142,124345
29.193,124491
29.195,124575
29.197,124549
29.232,124605
29.236,124733
29.237,124743
29.239,124799
29.283,124997
29.287,124887
29.288,125073
29.332,125029
29.335,125131
29.337,125205
29.383,125263
29.386,125281
29.388,125329
29.389,125527
29.431,125513
29.435,125589
29.437,125651
29.478,125739
29.481,125827
29.483,125835
29.528,125941
29.532,126003
29.534,125853
29.536,125707
29.582,125721
29.585,125571
29.587,125447
29.622,125557
29.624,125369
29.626,125289
29.671,125271
29.674,125179
29.675,125065
29.676,125077
29.72,125043
29.724,125047
29.725,125103
29.774,125087
29.777,125131
29.778,125183
29.819,125121
29.821,125169
29.824,125241
29.825,125209
29.866,125363
29.869,125347
29.871,125311
29.914,125475
29.917,125475
29.919,125447
29.963,125465
29.967,125607
29.968,125601
29.97,125615
30.013,125729
