in0,in1,in2,in3,in4,in5,in6,in7,in8,in9,in‚ ,in‚¢,in‚¤,inA,inB,inC,in10,in11,in12,in13,in14,in15,in16,in17,in18,in19,inƒA,inƒC,inƒE,inD,inE,inF,Number,Date
3.84,4.83,4.99,4.99,4.49,4.99,4.99,4.99,4.99,4.99,4.99,2.32,4.55,3.50,3.56,3.28,4.40,4.99,4.84,4.99,4.40,3.63,4.01,4.25,4.99,4.99,4.99,2.41,4.99,3.79,3.21,3.23,1,2019-11-26
3.83,4.81,4.99,4.99,4.46,4.99,4.99,4.99,4.99,4.99,4.99,2.32,4.56,3.49,3.55,3.28,4.39,4.99,4.84,4.99,4.41,3.64,4.02,4.26,4.99,4.99,4.99,2.41,4.99,3.79,3.21,3.23
3.84,4.82,4.99,4.99,4.46,4.99,4.99,4.99,4.99,4.99,4.99,2.31,4.56,3.49,3.54,3.28,4.40,4.99,4.84,4.99,4.40,3.64,4.01,4.27,4.99,4.99,4.99,2.41,4.99,3.80,3.21,3.23
3.83,4.82,4.99,4.99,4.45,4.99,4.99,4.99,4.99,4.99,4.99,2.30,4.56,3.49,3.54,3.28,4.40,4.99,4.84,4.99,4.40,3.65,4.02,4.27,4.99,4.99,4.99,2.40,4.99,3.81,3.21,3.22
3.84,4.83,4.99,4.99,4.45,4.99,4.99,4.99,4.99,4.99,4.99,2.32,4.57,3.49,3.53,3.28,4.40,4.99,4.85,4.99,4.41,3.65,4.01,4.28,4.99,4.99,4.99,2.40,4.99,3.80,3.21,3.23
3.83,4.81,4.99,4.99,4.46,4.99,4.99,4.99,4.99,4.99,4.99,2.31,4.56,3.49,3.53,3.28,4.40,4.99,4.85,4.99,4.42,3.66,4.02,4.27,4.99,4.99,4.99,2.42,4.99,3.80,3.20,3.22
3.84,4.81,4.99,4.99,4.48,4.99,4.99,4.99,4.99,4.99,4.99,2.32,4.55,3.49,3.52,3.28,4.39,4.99,4.85,4.99,4.42,3.65,4.01,4.28,4.99,4.99,4.99,2.42,4.99,3.80,3.20,3.22
3.83,4.81,4.99,4.99,4.47,4.99,4.99,4.99,4.99,4.99,4.99,2.30,4.57,3.49,3.53,3.28,4.44,4.99,4.84,4.99,4.43,3.65,4.02,4.28,4.99,4.99,4.99,2.43,4.99,3.81,3.20,3.23
3.83,4.80,4.99,4.99,4.47,4.99,4.99,4.99,4.99,4.99,4.99,2.29,4.56,3.49,3.52,3.27,4.44,4.99,4.84,4.99,4.42,3.65,4.02,4.28,4.99,4.99,4.99,2.43,4.99,3.80,3.20,3.23
3.83,4.81,4.99,4.99,4.48,4.99,4.99,4.99,4.99,4.99,4.99,2.29,4.55,3.48,3.52,3.27,4.43,4.99,4.84,4.99,4.41,3.65,4.02,4.28,4.99,4.99,4.99,2.44,4.99,3.81,3.21,3.23
3.82,4.80,4.99,4.99,4.48,4.99,4.99,4.99,4.99,4.99,4.99,2.29,4.56,3.48,3.52,3.27,4.44,4.99,4.85,4.99,4.41,3.65,4.02,4.29,4.99,4.99,4.99,2.44,4.99,3.81,3.20,3.22
3.82,4.80,4.99,4.99,4.49,4.99,4.99,4.99,4.99,4.99,4.99,2.31,4.56,3.48,3.52,3.28,4.44,4.99,4.85,4.99,4.41,3.65,4.02,4.29,4.99,4.99,4.99,2.45,4.99,3.83,3.20,3.22
3.83,4.80,4.99,4.99,4.46,4.99,4.99,4.99,4.99,4.99,4.99,2.31,4.56,3.48,3.52,3.28,4.45,4.99,4.85,4.99,4.42,3.65,4.02,4.27,4.99,4.99,4.99,2.44,4.99,3.82,3.20,3.21
3.81,4.80,4.99,4.99,4.46,4.99,4.99,4.99,4.99,4.99,4.99,2.30,4.57,3.48,3.51,3.28,4.45,4.99,4.85,4.99,4.42,3.66,4.02,4.27,4.99,4.99,4.99,2.43,4.99,3.81,3.20,3.22
3.80,4.79,4.99,4.99,4.46,4.99,4.99,4.99,4.99,4.99,4.99,2.29,4.56,3.48,3.51,3.28,4.45,4.99,4.85,4.99,4.42,3.66,4.03,4.28,4.99,4.99,4.99,2.42,4.99,3.81,3.20,3.22
3.81,4.79,4.99,4.99,4.45,4.99,4.99,4.99,4.99,4.99,4.99,2.29,4.56,3.48,3.50,3.28,4.44,4.99,4.85,4.99,4.42,3.66,4.02,4.27,4.99,4.99,4.99,2.43,4.99,3.82,3.20,3.21
3.80,4.79,4.99,4.99,4.45,4.99,4.99,4.99,4.99,4.99,4.99,2.28,4.56,3.48,3.50,3.27,4.44,4.99,4.85,4.99,4.42,3.66,4.02,4.27,4.99,4.99,4.99,2.43,4.99,3.82,3.20,3.22
3.81,4.79,4.99,4.99,4.46,4.99,4.99,4.99,4.99,4.99,4.99,2.29,4.56,3.48,3.50,3.27,4.44,4.99,4.85,4.99,4.42,3.66,4.02,4.26,4.99,4.99,4.99,2.43,4.99,3.82,3.20,3.21
3.80,4.79,4.99,4.99,4.46,4.99,4.99,4.99,4.99,4.99,4.99,2.28,4.56,3.48,3.50,3.27,4.43,4.99,4.85,4.99,4.42,3.66,4.02,4.27,4.99,4.99,4.99,2.43,4.99,3.82,3.20,3.22
3.80,4.79,4.99,4.99,4.46,4.99,4.99,4.99,4.99,4.99,4.99,2.27,4.55,3.48,3.50,3.27,4.44,4.99,4.85,4.99,4.43,3.66,4.02,4.27,4.99,4.99,4.99,2.44,4.99,3.82,3.20,3.22
3.81,4.79,4.99,4.99,4.46,4.99,4.99,4.99,4.99,4.99,4.99,2.28,4.56,3.48,3.49,3.27,4.43,4.99,4.85,4.99,4.42,3.66,4.02,4.26,4.99,4.99,4.99,2.43,4.99,3.82,3.20,3.21
3.79,4.79,4.99,4.99,4.46,4.99,4.99,4.99,4.99,4.99,4.99,2.28,4.55,3.48,3.50,3.26,4.43,4.99,4.84,4.99,4.43,3.66,4.02,4.27,4.99,4.99,4.99,2.44,4.99,3.82,3.20,3.21
3.81,4.79,4.99,4.99,4.47,4.99,4.99,4.99,4.99,4.99,4.99,2.28,4.54,3.48,3.50,3.27,4.43,4.99,4.84,4.99,4.42,3.66,4.02,4.26,4.99,4.99,4.99,2.44,4.99,3.82,3.19,3.22
3.80,4.79,4.99,4.99,4.46,4.99,4.99,4.99,4.99,4.99,4.99,2.27,4.56,3.48,3.50,3.27,4.43,4.99,4.84,4.99,4.43,3.66,4.02,4.26,4.99,4.99,4.99,2.44,4.99,3.81,3.20,3.22
3.79,4.79,4.99,4.99,4.47,4.99,4.99,4.99,4.99,4.99,4.99,2.27,4.55,3.47,3.49,3.26,4.43,4.99,4.84,4.99,4.43,3.66,4.02,4.27,4.99,4.99,4.99,2.45,4.99,3.83,3.19,3.22
3.80,4.79,4.99,4.99,4.46,4.99,4.99,4.99,4.99,4.99,4.99,2.27,4.54,3.47,3.49,3.27,4.43,4.99,4.85,4.99,4.43,3.66,4.02,4.27,4.99,4.99,4.99,2.44,4.99,3.81,3.20,3.22
3.79,4.79,4.99,4.99,4.46,4.99,4.99,4.99,4.99,4.99,4.99,2.27,4.56,3.47,3.49,3.27,4.42,4.99,4.85,4.99,4.43,3.66,4.02,4.26,4.99,4.99,4.99,2.45,4.99,3.82,3.19,3.22
3.80,4.79,4.99,4.99,4.46,4.99,4.99,4.99,4.99,4.99,4.99,2.27,4.57,3.47,3.50,3.27,4.43,4.99,4.85,4.99,4.43,3.65,4.02,4.26,4.99,4.99,4.99,2.46,4.99,3.82,3.20,3.22
3.80,4.79,4.99,4.99,4.47,4.99,4.99,4.99,4.99,4.99,4.99,2.28,4.55,3.47,3.50,3.27,4.43,4.99,4.84,4.99,4.43,3.65,4.02,4.26,4.99,4.99,4.99,2.47,4.99,3.81,3.20,3.23
3.81,4.79,4.99,4.99,4.46,4.99,4.99,4.99,4.99,4.99,4.99,2.28,4.55,3.47,3.49,3.27,4.43,4.99,4.83,4.99,4.42,3.65,4.02,4.26,4.99,4.99,4.99,2.46,4.99,3.82,3.20,3.22
3.81,4.79,4.99,4.99,4.45,4.99,4.99,4.99,4.99,4.99,4.99,2.28,4.54,3.47,3.49,3.26,4.42,4.99,4.83,4.99,4.43,3.65,4.02,4.26,4.99,4.99,4.99,2.47,4.99,3.82,3.19,3.21
3.82,4.79,4.99,4.99,4.46,4.99,4.99,4.99,4.99,4.99,4.99,2.27,4.54,3.47,3.49,3.26,4.43,4.99,4.83,4.99,4.42,3.66,4.02,4.25,4.99,4.99,4.99,2.46,4.99,3.82,3.19,3.21
3.81,4.79,4.99,4.99,4.46,4.99,4.99,4.99,4.99,4.99,4.99,2.27,4.54,3.46,3.49,3.27,4.42,4.99,4.82,4.99,4.43,3.66,4.02,4.25,4.99,4.99,4.99,2.46,4.99,3.82,3.20,3.21
3.80,4.78,4.99,4.99,4.47,4.99,4.99,4.99,4.99,4.99,4.99,2.27,4.54,3.46,3.49,3.26,4.42,4.99,4.82,4.99,4.43,3.65,4.01,4.25,4.99,4.99,4.99,2.46,4.99,3.83,3.20,3.21
3.80,4.78,4.99,4.99,4.48,4.99,4.99,4.99,4.99,4.99,4.99,2.28,4.55,3.46,3.49,3.26,4.43,4.99,4.82,4.99,4.43,3.65,4.01,4.25,4.99,4.99,4.99,2.47,4.99,3.83,3.19,3.21
3.80,4.78,4.99,4.99,4.49,4.99,4.99,4.99,4.99,4.99,4.99,2.27,4.54,3.46,3.49,3.27,4.43,4.99,4.83,4.99,4.43,3.65,4.02,4.25,4.99,4.99,4.99,2.46,4.99,3.83,3.20,3.22
3.80,4.78,4.99,4.99,4.47,4.99,4.99,4.99,4.99,4.99,4.99,2.27,4.54,3.47,3.49,3.28,4.43,4.99,4.83,4.99,4.43,3.65,4.02,4.27,4.99,4.99,4.99,2.47,4.99,3.83,3.19,3.22
3.80,4.78,4.99,4.99,4.47,4.99,4.99,4.99,4.99,4.99,4.99,2.27,4.56,3.46,3.49,3.28,4.42,4.99,4.83,4.99,4.43,3.66,4.03,4.27,4.99,4.99,4.99,2.46,4.99,3.86,3.19,3.22
3.79,4.78,4.99,4.99,4.48,4.99,4.99,4.99,4.99,4.99,4.99,2.30,4.54,3.46,3.49,3.28,4.43,4.99,4.83,4.99,4.43,3.66,4.03,4.27,4.99,4.99,4.99,2.45,4.99,3.88,3.20,3.23
3.80,4.78,4.99,4.99,4.47,4.99,4.99,4.99,4.99,4.99,4.99,2.30,4.54,3.46,3.49,3.28,4.43,4.99,4.83,4.99,4.43,3.66,4.03,4.27,4.99,4.99,4.99,2.45,4.99,3.87,3.20,3.24
3.80,4.78,4.99,4.99,4.50,4.99,4.99,4.99,4.99,4.99,4.99,2.31,4.55,3.46,3.48,3.28,4.44,4.99,4.82,4.99,4.44,3.67,4.04,4.27,4.99,4.99,4.99,2.44,4.99,3.88,3.20,3.25
3.81,4.78,4.99,4.99,4.49,4.99,4.99,4.99,4.99,4.99,4.99,2.31,4.54,3.46,3.49,3.28,4.43,4.99,4.82,4.99,4.43,3.67,4.03,4.26,4.99,4.99,4.99,2.44,4.99,3.87,3.20,3.26
3.80,4.78,4.99,4.99,4.51,4.99,4.99,4.99,4.99,4.99,4.99,2.30,4.54,3.46,3.49,3.28,4.43,4.99,4.83,4.99,4.43,3.66,4.03,4.27,4.99,4.99,4.99,2.46,4.99,3.87,3.20,3.25
3.81,4.78,4.99,4.99,4.51,4.99,4.99,4.99,4.99,4.99,4.99,2.30,4.53,3.46,3.48,3.28,4.43,4.99,4.83,4.99,4.43,3.66,4.03,4.27,4.99,4.99,4.99,2.46,4.99,3.87,3.20,3.25
3.82,4.78,4.99,4.99,4.51,4.99,4.99,4.99,4.99,4.99,4.99,2.29,4.55,3.46,3.48,3.28,4.42,4.99,4.83,4.99,4.43,3.66,4.03,4.26,4.99,4.99,4.99,2.47,4.99,3.86,3.20,3.25
3.82,4.78,4.99,4.99,4.50,4.99,4.99,4.99,4.99,4.99,4.99,2.29,4.54,3.46,3.48,3.27,4.42,4.99,4.83,4.99,4.43,3.66,4.03,4.26,4.99,4.99,4.99,2.47,4.99,3.87,3.21,3.26
3.82,4.77,4.99,4.99,4.49,4.99,4.99,4.99,4.99,4.99,4.99,2.29,4.53,3.45,3.48,3.28,4.43,4.99,4.82,4.99,4.43,3.65,4.03,4.26,4.99,4.99,4.99,2.45,4.99,3.87,3.20,3.26
3.81,4.78,4.99,4.99,4.48,4.99,4.99,4.99,4.99,4.99,4.99,2.29,4.52,3.46,3.48,3.27,4.43,4.99,4.83,4.99,4.43,3.66,4.03,4.26,4.99,4.99,4.99,2.45,4.99,3.87,3.20,3.26
3.81,4.79,4.99,4.99,4.48,4.99,4.99,4.99,4.99,4.99,4.99,2.29,4.53,3.45,3.48,3.27,4.43,4.99,4.84,4.99,4.44,3.65,4.02,4.26,4.99,4.99,4.99,2.46,4.99,3.86,3.19,3.25
3.82,4.78,4.99,4.99,4.47,4.99,4.99,4.99,4.99,4.99,4.99,2.29,4.52,3.45,3.48,3.28,4.43,4.99,4.83,4.99,4.44,3.65,4.03,4.27,4.99,4.99,4.99,2.47,4.99,3.88,3.19,3.25
3.80,4.79,4.99,4.99,4.48,4.99,4.99,4.99,4.99,4.99,4.99,2.30,4.52,3.45,3.48,3.27,4.43,4.99,4.83,4.99,4.43,3.66,4.03,4.27,4.99,4.99,4.99,2.47,4.99,3.89,3.19,3.25
3.79,4.78,4.99,4.99,4.48,4.90,4.99,4.99,4.99,4.99,4.99,2.29,4.52,3.45,3.47,3.27,4.43,4.99,4.83,4.99,4.43,3.68,4.03,4.26,4.99,4.99,4.99,2.47,4.99,3.89,3.19,3.25
3.79,4.78,4.99,4.99,4.49,4.99,4.99,4.99,4.99,4.99,4.99,2.30,4.53,3.45,3.47,3.27,4.44,4.99,4.83,4.99,4.43,3.68,4.03,4.26,4.99,4.99,4.99,2.46,4.99,3.91,3.19,3.26
3.79,4.78,4.99,4.99,4.49,4.90,4.99,4.99,4.99,4.99,4.99,2.30,4.54,3.45,3.47,3.27,4.44,4.99,4.82,4.99,4.43,3.70,4.03,4.26,4.99,4.99,4.99,2.47,4.99,3.90,3.20,3.25
3.78,4.78,4.99,4.99,4.48,4.99,4.99,4.99,4.99,4.99,4.99,2.31,4.53,3.45,3.47,3.27,4.44,4.99,4.83,4.99,4.43,3.70,4.03,4.26,4.99,4.99,4.99,2.47,4.99,3.89,3.20,3.25
3.87,4.60,4.99,4.87,4.36,4.83,4.99,4.99,4.99,4.99,4.99,3.20,4.46,3.60,3.66,3.59,4.53,4.99,4.99,4.99,4.29,3.65,4.09,4.30,4.99,4.99,4.99,2.50,4.99,3.96,3.30,3.32,2,2019-11-26
3.86,4.60,4.99,4.87,4.36,4.84,4.99,4.99,4.99,4.99,4.99,3.19,4.45,3.59,3.65,3.59,4.53,4.99,4.99,4.99,4.29,3.65,4.09,4.31,4.99,4.99,4.99,2.50,4.99,3.97,3.29,3.32
3.87,4.60,4.99,4.86,4.36,4.84,4.99,4.99,4.99,4.99,4.99,3.21,4.45,3.60,3.68,3.62,4.54,4.99,4.99,4.99,4.29,3.64,4.09,4.30,4.99,4.99,4.99,2.50,4.99,3.96,3.29,3.31
3.86,4.60,4.99,4.85,4.36,4.83,4.99,4.99,4.99,4.99,4.99,3.21,4.41,3.60,3.68,3.61,4.53,4.99,4.99,4.99,4.28,3.64,4.10,4.31,4.99,4.99,4.99,2.49,4.99,3.95,3.29,3.31
3.86,4.61,4.99,4.87,4.36,4.84,4.99,4.99,4.99,4.99,4.99,3.18,4.41,3.59,3.67,3.61,4.53,4.99,4.99,4.99,4.28,3.64,4.09,4.31,4.99,4.99,4.99,2.50,4.99,3.94,3.29,3.31
3.86,4.60,4.99,4.87,4.36,4.81,4.99,4.99,4.99,4.99,4.99,3.18,4.40,3.58,3.66,3.60,4.53,4.99,4.99,4.99,4.29,3.64,4.09,4.31,4.99,4.99,4.99,2.49,4.99,3.93,3.29,3.31
3.86,4.59,4.99,4.86,4.36,4.81,4.99,4.99,4.99,4.99,4.99,3.17,4.38,3.58,3.66,3.60,4.54,4.99,4.99,4.99,4.28,3.64,4.09,4.30,4.99,4.99,4.99,2.49,4.99,3.94,3.28,3.31
3.88,4.60,4.99,4.85,4.35,4.81,4.99,4.99,4.99,4.99,4.99,3.19,4.40,3.58,3.67,3.62,4.53,4.99,4.99,4.99,4.29,3.64,4.09,4.31,4.99,4.99,4.99,2.48,4.99,3.95,3.29,3.31
3.87,4.59,4.99,4.85,4.35,4.80,4.99,4.99,4.99,4.99,4.99,3.18,4.37,3.58,3.64,3.60,4.53,4.99,4.99,4.99,4.28,3.63,4.08,4.31,4.99,4.99,4.99,2.49,4.99,3.95,3.29,3.31
3.88,4.59,4.99,4.87,4.35,4.81,4.99,4.99,4.99,4.99,4.99,3.18,4.38,3.58,3.63,3.60,4.53,4.99,4.99,4.99,4.28,3.64,4.09,4.31,4.99,4.99,4.99,2.49,4.99,3.94,3.29,3.31
3.88,4.59,4.99,4.86,4.35,4.84,4.99,4.99,4.99,4.99,4.99,3.16,4.38,3.57,3.63,3.60,4.53,4.99,4.99,4.99,4.29,3.64,4.09,4.31,4.99,4.99,4.99,2.48,4.99,3.95,3.29,3.30
3.89,4.59,4.99,4.86,4.35,4.83,4.99,4.99,4.99,4.99,4.99,3.15,4.36,3.57,3.63,3.60,4.54,4.99,4.99,4.99,4.30,3.64,4.09,4.31,4.99,4.99,4.99,2.49,4.99,3.94,3.29,3.30
3.88,4.59,4.99,4.86,4.35,4.83,4.99,4.99,4.99,4.99,4.99,3.15,4.36,3.57,3.62,3.60,4.52,4.99,4.99,4.99,4.29,3.64,4.08,4.30,4.99,4.99,4.99,2.49,4.99,3.94,3.28,3.30
3.87,4.60,4.99,4.87,4.36,4.82,4.99,4.99,4.99,4.99,4.99,3.14,4.37,3.57,3.62,3.61,4.52,4.99,4.99,4.99,4.28,3.64,4.08,4.30,4.99,4.99,4.99,2.49,4.99,3.92,3.27,3.29
3.88,4.61,4.99,4.86,4.36,4.82,4.99,4.99,4.99,4.99,4.99,3.14,4.35,3.57,3.63,3.62,4.52,4.99,4.99,4.99,4.28,3.63,4.08,4.30,4.99,4.99,4.99,2.49,4.99,3.92,3.26,3.30
3.87,4.60,4.99,4.85,4.37,4.81,4.99,4.99,4.99,4.99,4.99,3.14,4.35,3.57,3.64,3.61,4.53,4.99,4.99,4.99,4.28,3.64,4.07,4.30,4.99,4.99,4.99,2.49,4.99,3.93,3.27,3.30
3.86,4.60,4.99,4.85,4.37,4.82,4.99,4.99,4.99,4.99,4.99,3.15,4.36,3.57,3.65,3.62,4.54,4.99,4.99,4.99,4.28,3.63,4.07,4.32,4.99,4.99,4.99,2.49,4.99,3.92,3.27,3.30
3.86,4.60,4.99,4.87,4.36,4.82,4.99,4.99,4.99,4.99,4.99,3.14,4.36,3.57,3.64,3.62,4.54,4.99,4.99,4.99,4.29,3.64,4.07,4.31,4.99,4.99,4.99,2.49,4.99,3.94,3.28,3.30
3.87,4.60,4.99,4.84,4.36,4.82,4.99,4.99,4.99,4.99,4.99,3.12,4.36,3.58,3.63,3.63,4.54,4.99,4.99,4.99,4.28,3.64,4.08,4.31,4.99,4.99,4.99,2.49,4.99,3.92,3.28,3.30
3.85,4.58,4.99,4.87,4.36,4.82,4.99,4.99,4.99,4.99,4.99,3.13,4.34,3.57,3.63,3.61,4.56,4.99,4.99,4.99,4.28,3.64,4.07,4.30,4.99,4.99,4.99,2.48,4.99,3.91,3.27,3.30
3.84,4.59,4.99,4.87,4.36,4.82,4.99,4.99,4.99,4.99,4.99,3.12,4.32,3.57,3.62,3.61,4.55,4.99,4.99,4.99,4.29,3.63,4.07,4.30,4.99,4.99,4.99,2.50,4.99,3.91,3.27,3.30
3.84,4.59,4.99,4.87,4.35,4.81,4.99,4.99,4.99,4.99,4.99,3.13,4.33,3.57,3.63,3.63,4.55,4.99,4.99,4.99,4.27,3.63,4.08,4.30,4.99,4.99,4.99,2.50,4.99,3.92,3.27,3.30
3.85,4.58,4.99,4.86,4.34,4.79,4.99,4.99,4.99,4.99,4.99,3.14,4.33,3.57,3.63,3.62,4.55,4.99,4.99,4.99,4.28,3.63,4.08,4.31,4.99,4.99,4.99,2.49,4.99,3.93,3.26,3.30
3.84,4.58,4.99,4.88,4.34,4.79,4.99,4.99,4.99,4.99,4.99,3.16,4.34,3.57,3.65,3.63,4.56,4.99,4.99,4.99,4.27,3.65,4.07,4.31,4.99,4.99,4.99,2.49,4.99,3.97,3.28,3.30
3.83,4.57,4.99,4.84,4.34,4.79,4.99,4.99,4.99,4.99,4.99,3.16,4.32,3.56,3.64,3.63,4.56,4.99,4.99,4.99,4.28,3.65,4.07,4.31,4.99,4.99,4.99,2.48,4.99,3.98,3.28,3.30
3.84,4.58,4.99,4.86,4.35,4.79,4.99,4.99,4.99,4.99,4.99,3.15,4.31,3.56,3.65,3.62,4.62,4.99,4.99,4.99,4.28,3.65,4.07,4.31,4.99,4.99,4.99,2.48,4.99,3.97,3.30,3.30
3.84,4.58,4.99,4.85,4.34,4.78,4.99,4.99,4.99,4.99,4.99,3.13,4.33,3.56,3.64,3.60,4.62,4.99,4.99,4.99,4.29,3.65,4.07,4.30,4.99,4.99,4.99,2.47,4.99,3.97,3.31,3.30
3.84,4.58,4.99,4.84,4.35,4.79,4.99,4.99,4.99,4.99,4.99,3.13,4.33,3.56,3.64,3.60,4.61,4.99,4.99,4.99,4.29,3.65,4.06,4.32,4.99,4.99,4.99,2.47,4.99,3.96,3.31,3.31
3.84,4.58,4.99,4.85,4.35,4.81,4.99,4.99,4.99,4.99,4.99,3.10,4.32,3.57,3.65,3.60,4.62,4.99,4.99,4.99,4.30,3.64,4.06,4.31,4.99,4.99,4.99,2.48,4.99,3.95,3.31,3.30
3.85,4.58,4.99,4.85,4.34,4.73,4.99,4.99,4.99,4.99,4.99,3.09,4.32,3.57,3.64,3.60,4.62,4.99,4.99,4.99,4.30,3.65,4.07,4.30,4.99,4.99,4.99,2.48,4.99,3.97,3.31,3.30
3.83,4.58,4.99,4.84,4.33,4.76,4.99,4.99,4.99,4.99,4.99,3.13,4.33,3.58,3.67,3.62,4.62,4.99,4.99,4.99,4.30,3.64,4.07,4.30,4.99,4.99,4.99,2.48,4.99,3.96,3.33,3.30
3.82,4.57,4.99,4.84,4.33,4.73,4.99,4.99,4.99,4.99,4.99,3.14,4.32,3.57,3.64,3.60,4.61,4.99,4.99,4.99,4.30,3.64,4.07,4.31,4.99,4.99,4.99,2.48,4.99,3.95,3.30,3.29
3.82,4.58,4.99,4.87,4.33,4.73,4.99,4.99,4.99,4.99,4.99,3.16,4.33,3.58,3.64,3.61,4.61,4.99,4.99,4.99,4.31,3.64,4.07,4.31,4.99,4.99,4.99,2.49,4.99,3.96,3.28,3.30
3.82,4.58,4.99,4.84,4.33,4.73,4.99,4.99,4.99,4.99,4.99,3.15,4.32,3.57,3.64,3.59,4.62,4.99,4.99,4.99,4.31,3.64,4.07,4.30,4.99,4.99,4.99,2.47,4.99,3.93,3.27,3.29
3.82,4.58,4.99,4.84,4.35,4.72,4.99,4.99,4.99,4.99,4.99,3.13,4.32,3.57,3.63,3.59,4.62,4.99,4.99,4.99,4.31,3.64,4.07,4.30,4.99,4.99,4.99,2.48,4.99,3.93,3.27,3.29
3.82,4.58,4.99,4.84,4.35,4.73,4.99,4.99,4.99,4.99,4.99,3.12,4.31,3.56,3.64,3.59,4.62,4.99,4.99,4.99,4.30,3.64,4.07,4.29,4.99,4.99,4.99,2.47,4.99,3.93,3.26,3.29
3.82,4.58,4.99,4.84,4.35,4.73,4.99,4.99,4.99,4.99,4.99,3.12,4.31,3.56,3.63,3.60,4.62,4.99,4.99,4.99,4.31,3.63,4.07,4.29,4.99,4.99,4.99,2.47,4.99,3.93,3.26,3.29
3.83,4.58,4.99,4.84,4.35,4.73,4.99,4.99,4.99,4.99,4.99,3.14,4.32,3.56,3.63,3.58,4.62,4.99,4.99,4.99,4.31,3.64,4.07,4.29,4.99,4.99,4.99,2.47,4.99,3.95,3.26,3.28
3.82,4.59,4.99,4.84,4.36,4.72,4.99,4.99,4.99,4.99,4.99,3.14,4.32,3.56,3.63,3.59,4.62,4.99,4.99,4.99,4.31,3.64,4.07,4.29,4.99,4.99,4.99,2.47,4.99,3.93,3.27,3.28
3.82,4.59,4.99,4.83,4.33,4.75,4.99,4.99,4.99,4.99,4.99,3.15,4.34,3.56,3.64,3.59,4.59,4.99,4.99,4.99,4.31,3.64,4.06,4.28,4.99,4.99,4.99,2.46,4.99,3.94,3.27,3.29
3.82,4.58,4.99,4.83,4.34,4.72,4.99,4.99,4.99,4.99,4.99,3.14,4.33,3.56,3.63,3.59,4.58,4.99,4.99,4.99,4.31,3.64,4.07,4.28,4.99,4.99,4.99,2.47,4.99,3.94,3.27,3.29
3.83,4.58,4.99,4.82,4.34,4.71,4.99,4.99,4.99,4.99,4.99,3.14,4.32,3.56,3.64,3.57,4.58,4.99,4.99,4.99,4.31,3.64,4.07,4.27,4.99,4.99,4.99,2.46,4.99,3.95,3.27,3.28
3.82,4.58,4.99,4.82,4.33,4.70,4.99,4.99,4.99,4.99,4.99,3.13,4.31,3.56,3.63,3.57,4.58,4.99,4.99,4.99,4.30,3.64,4.07,4.27,4.99,4.99,4.99,2.47,4.99,3.94,3.27,3.28
3.81,4.58,4.99,4.82,4.35,4.73,4.99,4.99,4.99,4.99,4.99,3.12,4.30,3.56,3.63,3.58,4.58,4.99,4.99,4.99,4.31,3.64,4.07,4.27,4.99,4.99,4.99,2.46,4.99,3.96,3.27,3.28
3.81,4.59,4.99,4.82,4.35,4.70,4.99,4.99,4.99,4.99,4.99,3.12,4.31,3.55,3.63,3.56,4.58,4.99,4.99,4.99,4.30,3.64,4.07,4.27,4.99,4.99,4.99,2.46,4.99,3.94,3.26,3.28
3.83,4.60,4.99,4.82,4.35,4.71,4.99,4.99,4.99,4.99,4.99,3.11,4.30,3.55,3.62,3.57,4.58,4.99,4.99,4.99,4.30,3.63,4.08,4.27,4.99,4.99,4.99,2.47,4.99,3.93,3.26,3.27
3.82,4.59,4.99,4.82,4.35,4.70,4.99,4.99,4.99,4.99,4.99,3.10,4.30,3.55,3.61,3.55,4.58,4.99,4.99,4.99,4.30,3.63,4.08,4.26,4.99,4.99,4.99,2.46,4.99,3.92,3.26,3.27
3.82,4.59,4.99,4.82,4.35,4.70,4.99,4.99,4.99,4.99,4.99,3.10,4.30,3.55,3.61,3.54,4.58,4.99,4.99,4.99,4.30,3.64,4.08,4.27,4.99,4.99,4.99,2.47,4.99,3.94,3.27,3.27
3.82,4.59,4.99,4.82,4.36,4.70,4.99,4.99,4.99,4.99,4.99,3.10,4.32,3.54,3.61,3.54,4.58,4.99,4.99,4.99,4.30,3.63,4.07,4.26,4.99,4.99,4.99,2.46,4.99,3.94,3.27,3.27
3.82,4.59,4.99,4.82,4.34,4.69,4.99,4.99,4.99,4.99,4.99,3.10,4.32,3.54,3.61,3.55,4.58,4.99,4.99,4.99,4.31,3.64,4.08,4.26,4.99,4.99,4.99,2.46,4.99,3.95,3.28,3.28
3.83,4.59,4.99,4.82,4.33,4.70,4.99,4.99,4.99,4.99,4.99,3.09,4.31,3.54,3.61,3.55,4.58,4.99,4.99,4.99,4.31,3.64,4.07,4.26,4.99,4.99,4.99,2.46,4.99,3.95,3.29,3.27
3.81,4.60,4.99,4.83,4.32,4.69,4.99,4.99,4.99,4.99,4.99,3.14,4.34,3.54,3.61,3.54,4.58,4.99,4.99,4.99,4.32,3.64,4.08,4.27,4.99,4.99,4.99,2.46,4.99,3.96,3.28,3.28
3.81,4.59,4.99,4.84,4.33,4.69,4.99,4.99,4.99,4.99,4.99,3.13,4.33,3.54,3.62,3.56,4.58,4.99,4.99,4.99,4.30,3.64,4.07,4.27,4.99,4.99,4.99,2.47,4.99,3.94,3.26,3.28
3.81,4.59,4.99,4.84,4.34,4.70,4.99,4.99,4.99,4.99,4.99,3.11,4.33,3.54,3.62,3.55,4.57,4.99,4.99,4.99,4.30,3.64,4.07,4.27,4.99,4.99,4.99,2.46,4.99,3.93,3.25,3.28
3.80,4.59,4.99,4.84,4.34,4.71,4.99,4.99,4.99,4.99,4.99,3.11,4.32,3.54,3.61,3.55,4.57,4.99,4.99,4.99,4.31,3.64,4.07,4.26,4.99,4.99,4.99,2.47,4.99,3.94,3.25,3.28
3.78,4.53,4.99,4.99,4.21,4.44,4.99,4.99,4.99,4.99,4.99,2.56,4.72,3.33,3.40,3.12,4.32,4.89,4.78,4.99,4.44,3.80,4.03,4.31,4.99,4.99,4.99,2.38,4.99,4.17,3.38,3.16,3,2019-11-26
3.78,4.52,4.99,4.99,4.21,4.44,4.99,4.99,4.99,4.99,4.99,2.57,4.72,3.33,3.40,3.12,4.32,4.90,4.78,4.99,4.43,3.81,4.03,4.31,4.99,4.99,4.99,2.38,4.99,4.16,3.38,3.16
3.79,4.52,4.99,4.99,4.21,4.45,4.99,4.99,4.99,4.99,4.99,2.57,4.72,3.33,3.39,3.12,4.33,4.89,4.78,4.99,4.43,3.81,4.03,4.31,4.99,4.99,4.99,2.38,4.99,4.17,3.39,3.16
3.80,4.53,4.99,4.99,4.21,4.45,4.99,4.99,4.99,4.99,4.99,2.58,4.72,3.33,3.40,3.12,4.32,4.89,4.78,4.99,4.43,3.81,4.03,4.31,4.99,4.99,4.99,2.38,4.99,4.15,3.39,3.16
3.80,4.52,4.99,4.99,4.20,4.45,4.99,4.99,4.99,4.99,4.99,2.56,4.73,3.33,3.39,3.12,4.32,4.89,4.78,4.99,4.43,3.81,4.03,4.31,4.99,4.99,4.99,2.38,4.99,4.16,3.39,3.16
3.79,4.53,4.99,4.99,4.20,4.44,4.99,4.99,4.99,4.99,4.99,2.57,4.73,3.33,3.39,3.12,4.32,4.89,4.78,4.99,4.43,3.81,4.03,4.31,4.99,4.99,4.99,2.38,4.99,4.15,3.39,3.16
3.79,4.52,4.99,4.99,4.20,4.44,4.99,4.99,4.99,4.99,4.99,2.56,4.74,3.33,3.39,3.12,4.32,4.89,4.78,4.99,4.43,3.80,4.02,4.31,4.99,4.99,4.99,2.39,4.99,4.14,3.39,3.17
3.78,4.52,4.99,4.99,4.20,4.43,4.99,4.99,4.99,4.99,4.99,2.54,4.74,3.33,3.39,3.12,4.31,4.89,4.78,4.99,4.42,3.81,4.01,4.31,4.99,4.99,4.99,2.39,4.99,4.15,3.40,3.17
3.78,4.51,4.99,4.99,4.20,4.43,4.99,4.99,4.99,4.99,4.99,2.55,4.74,3.33,3.38,3.12,4.31,4.89,4.78,4.99,4.43,3.82,4.01,4.31,4.99,4.99,4.99,2.38,4.99,4.17,3.41,3.18
3.78,4.52,4.99,4.99,4.21,4.43,4.99,4.99,4.99,4.99,4.99,2.55,4.75,3.33,3.38,3.12,4.31,4.90,4.78,4.99,4.43,3.81,4.03,4.31,4.99,4.99,4.99,2.38,4.99,4.17,3.40,3.17
3.78,4.52,4.99,4.99,4.23,4.44,4.99,4.99,4.99,4.99,4.99,2.57,4.74,3.33,3.39,3.12,4.31,4.88,4.78,4.99,4.43,3.82,4.03,4.32,4.99,4.99,4.99,2.39,4.99,4.19,3.40,3.17
3.78,4.51,4.99,4.99,4.23,4.44,4.99,4.99,4.99,4.99,4.99,2.56,4.74,3.33,3.38,3.11,4.31,4.88,4.77,4.99,4.43,3.81,4.02,4.30,4.99,4.99,4.99,2.40,4.99,4.19,3.39,3.17
3.76,4.52,4.99,4.99,4.24,4.44,4.99,4.99,4.99,4.99,4.99,2.57,4.74,3.33,3.38,3.11,4.31,4.89,4.78,4.99,4.43,3.81,4.02,4.31,4.99,4.99,4.99,2.39,4.99,4.18,3.38,3.16
3.76,4.51,4.99,4.99,4.24,4.45,4.99,4.99,4.99,4.99,4.99,2.57,4.74,3.32,3.37,3.11,4.31,4.87,4.77,4.99,4.43,3.81,4.03,4.31,4.99,4.99,4.99,2.39,4.99,4.19,3.39,3.16
3.77,4.51,4.99,4.99,4.24,4.45,4.99,4.99,4.99,4.99,4.99,2.56,4.74,3.32,3.37,3.11,4.31,4.86,4.78,4.99,4.43,3.81,4.03,4.30,4.99,4.99,4.99,2.40,4.99,4.18,3.38,3.16
3.76,4.51,4.99,4.99,4.24,4.45,4.99,4.99,4.99,4.99,4.99,2.56,4.74,3.32,3.36,3.12,4.31,4.85,4.78,4.99,4.44,3.81,4.03,4.31,4.99,4.99,4.99,2.39,4.99,4.19,3.39,3.16
3.77,4.52,4.99,4.99,4.25,4.46,4.99,4.99,4.99,4.99,4.99,2.57,4.76,3.32,3.37,3.12,4.31,4.86,4.78,4.99,4.44,3.81,4.03,4.30,4.99,4.99,4.99,2.39,4.99,4.19,3.39,3.16
3.76,4.51,4.99,4.99,4.21,4.47,4.99,4.99,4.99,4.99,4.99,2.55,4.74,3.32,3.37,3.12,4.31,4.86,4.78,4.99,4.44,3.81,4.03,4.30,4.99,4.99,4.99,2.38,4.99,4.18,3.40,3.16
3.76,4.51,4.99,4.99,4.20,4.43,4.99,4.99,4.99,4.99,4.99,2.56,4.75,3.32,3.37,3.12,4.31,4.86,4.77,4.99,4.44,3.82,4.02,4.31,4.99,4.99,4.99,2.39,4.99,4.20,3.40,3.16
3.76,4.50,4.99,4.99,4.20,4.46,4.99,4.99,4.99,4.99,4.99,2.56,4.75,3.31,3.37,3.11,4.31,4.87,4.77,4.99,4.45,3.84,4.04,4.30,4.99,4.99,4.99,2.38,4.99,4.21,3.43,3.16
3.77,4.51,4.99,4.99,4.19,4.43,4.99,4.99,4.99,4.99,4.99,2.59,4.76,3.32,3.38,3.11,4.31,4.85,4.77,4.99,4.44,3.83,4.02,4.30,4.99,4.99,4.99,2.38,4.99,4.21,3.42,3.16
3.75,4.50,4.99,4.99,4.19,4.46,4.99,4.99,4.99,4.99,4.99,2.57,4.76,3.32,3.37,3.12,4.31,4.85,4.77,4.99,4.44,3.83,4.02,4.30,4.99,4.99,4.99,2.38,4.99,4.19,3.40,3.16
3.74,4.50,4.99,4.99,4.18,4.47,4.99,4.99,4.99,4.99,4.99,2.58,4.76,3.32,3.37,3.12,4.31,4.86,4.77,4.99,4.44,3.81,4.02,4.29,4.99,4.99,4.99,2.39,4.99,4.20,3.39,3.15
3.72,4.50,4.99,4.99,4.19,4.46,4.99,4.99,4.99,4.99,4.99,2.55,4.75,3.32,3.38,3.11,4.32,4.85,4.76,4.99,4.44,3.81,4.02,4.30,4.99,4.99,4.99,2.40,4.99,4.18,3.39,3.16
3.73,4.50,4.99,4.99,4.20,4.45,4.99,4.99,4.99,4.99,4.99,2.56,4.75,3.32,3.37,3.11,4.32,4.85,4.76,4.99,4.43,3.80,4.02,4.30,4.99,4.99,4.99,2.40,4.99,4.17,3.39,3.15
3.74,4.50,4.99,4.99,4.20,4.45,4.99,4.99,4.99,4.99,4.99,2.55,4.75,3.32,3.37,3.12,4.32,4.85,4.77,4.99,4.43,3.80,4.01,4.31,4.99,4.99,4.99,2.39,4.99,4.18,3.40,3.16
3.75,4.51,4.99,4.99,4.20,4.43,4.99,4.99,4.99,4.99,4.99,2.54,4.74,3.32,3.37,3.11,4.32,4.85,4.77,4.99,4.42,3.80,4.01,4.30,4.99,4.99,4.99,2.40,4.99,4.17,3.40,3.15
3.75,4.50,4.99,4.99,4.19,4.43,4.99,4.99,4.99,4.99,4.99,2.52,4.75,3.32,3.37,3.11,4.32,4.86,4.77,4.99,4.42,3.80,4.01,4.31,4.99,4.99,4.99,2.40,4.99,4.17,3.41,3.16
3.75,4.50,4.99,4.99,4.20,4.42,4.99,4.99,4.99,4.99,4.99,2.52,4.75,3.32,3.36,3.11,4.32,4.86,4.77,4.99,4.43,3.80,4.00,4.30,4.99,4.99,4.99,2.40,4.99,4.18,3.41,3.15
3.75,4.50,4.99,4.99,4.18,4.43,4.99,4.99,4.99,4.99,4.99,2.52,4.75,3.32,3.36,3.11,4.31,4.84,4.77,4.99,4.43,3.81,4.01,4.31,4.99,4.99,4.99,2.40,4.99,4.19,3.42,3.16
3.76,4.51,4.99,4.99,4.19,4.45,4.99,4.99,4.99,4.99,4.99,2.52,4.75,3.31,3.37,3.11,4.32,4.85,4.77,4.99,4.43,3.81,4.00,4.30,4.99,4.99,4.99,2.40,4.99,4.19,3.41,3.16
3.75,4.50,4.99,4.99,4.17,4.43,4.99,4.99,4.99,4.99,4.99,2.53,4.75,3.31,3.36,3.11,4.31,4.85,4.77,4.99,4.42,3.81,4.01,4.30,4.99,4.99,4.99,2.40,4.99,4.19,3.41,3.15
3.75,4.49,4.99,4.99,4.19,4.43,4.99,4.99,4.99,4.99,4.99,2.51,4.75,3.31,3.36,3.11,4.31,4.84,4.77,4.99,4.42,3.80,4.00,4.29,4.99,4.99,4.99,2.40,4.99,4.19,3.40,3.15
3.75,4.50,4.99,4.99,4.21,4.43,4.99,4.99,4.99,4.99,4.99,2.50,4.75,3.31,3.36,3.11,4.31,4.84,4.77,4.99,4.42,3.80,4.00,4.29,4.99,4.99,4.99,2.40,4.99,4.19,3.39,3.15
3.75,4.50,4.99,4.99,4.21,4.43,4.99,4.99,4.99,4.99,4.99,2.49,4.74,3.31,3.36,3.11,4.31,4.84,4.77,4.99,4.43,3.80,3.99,4.30,4.99,4.99,4.99,2.39,4.99,4.19,3.40,3.15
3.75,4.50,4.99,4.99,4.21,4.45,4.99,4.99,4.99,4.99,4.99,2.49,4.73,3.30,3.36,3.11,4.31,4.85,4.77,4.99,4.42,3.80,4.00,4.30,4.99,4.99,4.99,2.40,4.99,4.17,3.39,3.14
3.75,4.50,4.99,4.99,4.21,4.43,4.99,4.99,4.99,4.99,4.99,2.50,4.73,3.30,3.36,3.11,4.31,4.84,4.77,4.99,4.42,3.80,3.99,4.30,4.99,4.99,4.99,2.39,4.99,4.18,3.39,3.15
3.75,4.50,4.99,4.99,4.20,4.43,4.99,4.99,4.99,4.99,4.99,2.50,4.74,3.30,3.36,3.11,4.31,4.84,4.77,4.99,4.42,3.80,4.00,4.29,4.99,4.99,4.99,2.39,4.99,4.18,3.39,3.15
3.75,4.50,4.99,4.99,4.18,4.44,4.99,4.99,4.99,4.99,4.99,2.54,4.76,3.30,3.36,3.10,4.31,4.84,4.77,4.99,4.43,3.81,4.00,4.29,4.99,4.99,4.99,2.39,4.99,4.17,3.40,3.15
3.74,4.51,4.99,4.99,4.21,4.44,4.99,4.99,4.99,4.99,4.99,2.52,4.76,3.30,3.36,3.11,4.32,4.84,4.77,4.99,4.43,3.81,3.99,4.29,4.99,4.99,4.99,2.39,4.99,4.18,3.39,3.15
3.75,4.51,4.99,4.99,4.22,4.44,4.99,4.99,4.99,4.99,4.99,2.51,4.75,3.29,3.36,3.11,4.32,4.84,4.77,4.99,4.42,3.80,3.98,4.31,4.99,4.99,4.99,2.39,4.99,4.17,3.39,3.15
3.75,4.51,4.99,4.99,4.22,4.42,4.99,4.99,4.99,4.99,4.99,2.52,4.76,3.30,3.35,3.11,4.32,4.84,4.77,4.99,4.42,3.79,3.99,4.30,4.99,4.99,4.99,2.38,4.99,4.16,3.38,3.15
3.75,4.51,4.99,4.99,4.23,4.42,4.99,4.99,4.99,4.99,4.99,2.51,4.75,3.30,3.35,3.11,4.32,4.83,4.77,4.99,4.42,3.79,3.98,4.30,4.99,4.99,4.99,2.38,4.99,4.16,3.39,3.14
3.75,4.51,4.99,4.99,4.24,4.44,4.99,4.99,4.99,4.99,4.99,2.49,4.75,3.30,3.35,3.11,4.33,4.84,4.76,4.99,4.42,3.78,3.98,4.30,4.99,4.99,4.99,2.38,4.99,4.17,3.39,3.14
3.75,4.51,4.99,4.99,4.23,4.43,4.99,4.99,4.99,4.99,4.99,2.49,4.74,3.30,3.35,3.11,4.33,4.84,4.77,4.99,4.42,3.79,3.98,4.29,4.99,4.99,4.99,2.38,4.99,4.16,3.39,3.15
3.75,4.51,4.99,4.99,4.22,4.43,4.99,4.99,4.99,4.99,4.99,2.49,4.78,3.30,3.35,3.11,4.33,4.84,4.77,4.99,4.42,3.79,3.99,4.31,4.99,4.99,4.99,2.39,4.99,4.17,3.39,3.15
3.76,4.51,4.99,4.99,4.23,4.41,4.99,4.99,4.99,4.99,4.99,2.49,4.77,3.30,3.35,3.11,4.33,4.83,4.77,4.99,4.42,3.78,3.98,4.30,4.99,4.99,4.99,2.39,4.99,4.17,3.38,3.14
3.76,4.50,4.99,4.99,4.22,4.41,4.99,4.99,4.99,4.99,4.99,2.49,4.77,3.29,3.35,3.11,4.33,4.84,4.77,4.99,4.43,3.78,3.99,4.30,4.99,4.99,4.99,2.39,4.99,4.17,3.39,3.14
3.76,4.51,4.99,4.99,4.23,4.41,4.99,4.99,4.99,4.99,4.99,2.50,4.78,3.29,3.35,3.11,4.32,4.84,4.77,4.99,4.42,3.79,3.98,4.30,4.99,4.99,4.99,2.39,4.99,4.17,3.40,3.14
3.75,4.51,4.99,4.99,4.23,4.42,4.99,4.99,4.99,4.99,4.99,2.49,4.78,3.29,3.35,3.10,4.32,4.85,4.77,4.99,4.42,3.78,3.98,4.29,4.99,4.99,4.99,2.39,4.99,4.17,3.39,3.14
3.75,4.51,4.99,4.99,4.23,4.43,4.99,4.99,4.99,4.99,4.99,2.50,4.77,3.30,3.35,3.09,4.32,4.84,4.77,4.99,4.42,3.78,3.98,4.29,4.99,4.99,4.99,2.39,4.99,4.17,3.38,3.15
3.75,4.51,4.99,4.99,4.24,4.43,4.99,4.99,4.99,4.99,4.99,2.49,4.77,3.29,3.34,3.10,4.32,4.84,4.76,4.99,4.42,3.79,3.98,4.29,4.99,4.99,4.99,2.39,4.99,4.17,3.39,3.15
3.75,4.51,4.99,4.99,4.23,4.43,4.99,4.99,4.99,4.99,4.99,2.49,4.77,3.29,3.35,3.09,4.34,4.84,4.77,4.99,4.42,3.78,3.98,4.28,4.99,4.99,4.99,2.39,4.99,4.17,3.39,3.15
3.75,4.51,4.99,4.99,4.23,4.42,4.99,4.99,4.99,4.99,4.99,2.49,4.77,3.29,3.35,3.09,4.34,4.84,4.77,4.99,4.42,3.78,3.98,4.29,4.99,4.99,4.99,2.39,4.99,4.17,3.39,3.15
3.76,4.51,4.99,4.99,4.22,4.44,4.99,4.99,4.99,4.99,4.99,2.50,4.76,3.29,3.35,3.09,4.33,4.84,4.77,4.99,4.42,3.79,3.98,4.29,4.99,4.99,4.99,2.39,4.99,4.17,3.38,3.14
3.93,4.68,4.99,4.78,4.41,4.51,4.99,4.99,4.99,4.99,4.99,3.15,4.66,3.54,3.80,3.69,4.49,4.99,4.84,4.99,4.31,3.79,4.14,4.36,4.99,4.99,4.99,2.46,4.99,4.16,3.46,3.33,4,2019-11-26
3.92,4.67,4.99,4.77,4.42,4.52,4.99,4.99,4.99,4.99,4.99,3.13,4.65,3.54,3.79,3.69,4.49,4.99,4.84,4.99,4.30,3.79,4.14,4.36,4.99,4.99,4.99,2.47,4.99,4.16,3.45,3.33
3.93,4.68,4.99,4.76,4.42,4.52,4.99,4.99,4.99,4.99,4.99,3.12,4.65,3.54,3.79,3.70,4.49,4.99,4.85,4.99,4.31,3.78,4.15,4.36,4.99,4.99,4.99,2.47,4.99,4.16,3.47,3.32
3.92,4.67,4.99,4.79,4.42,4.52,4.99,4.99,4.99,4.99,4.99,3.10,4.64,3.54,3.79,3.70,4.49,4.99,4.85,4.99,4.31,3.77,4.15,4.36,4.99,4.99,4.99,2.47,4.99,4.15,3.46,3.31
3.93,4.67,4.99,4.79,4.41,4.51,4.99,4.99,4.99,4.99,4.99,3.09,4.65,3.54,3.79,3.70,4.48,4.99,4.84,4.99,4.31,3.77,4.15,4.36,4.99,4.99,4.99,2.47,4.99,4.16,3.47,3.31
3.94,4.68,4.99,4.79,4.41,4.51,4.99,4.99,4.99,4.99,4.99,3.08,4.64,3.53,3.78,3.70,4.47,4.99,4.85,4.99,4.30,3.77,4.16,4.35,4.99,4.99,4.99,2.46,4.99,4.17,3.46,3.31
3.93,4.67,4.99,4.79,4.41,4.51,4.99,4.99,4.99,4.99,4.99,3.07,4.64,3.54,3.78,3.69,4.47,4.99,4.84,4.99,4.31,3.77,4.14,4.34,4.99,4.99,4.99,2.47,4.99,4.16,3.45,3.31
3.92,4.67,4.99,4.78,4.41,4.51,4.99,4.99,4.99,4.99,4.99,3.07,4.64,3.53,3.79,3.70,4.48,4.99,4.84,4.99,4.30,3.77,4.15,4.34,4.99,4.99,4.99,2.46,4.99,4.17,3.45,3.31
3.92,4.67,4.99,4.78,4.41,4.51,4.99,4.99,4.99,4.99,4.99,3.06,4.64,3.53,3.78,3.69,4.48,4.99,4.84,4.99,4.30,3.78,4.15,4.33,4.99,4.99,4.99,2.45,4.99,4.17,3.46,3.31
3.93,4.68,4.99,4.79,4.41,4.51,4.99,4.99,4.99,4.99,4.99,3.06,4.64,3.53,3.78,3.69,4.49,4.99,4.84,4.99,4.29,3.77,4.13,4.33,4.99,4.99,4.99,2.46,4.99,4.17,3.45,3.31
3.93,4.68,4.99,4.78,4.41,4.49,4.99,4.99,4.99,4.99,4.99,3.05,4.64,3.54,3.78,3.70,4.50,4.99,4.84,4.99,4.30,3.77,4.13,4.33,4.99,4.99,4.99,2.45,4.99,4.17,3.45,3.31
3.91,4.68,4.99,4.78,4.38,4.48,4.99,4.99,4.99,4.99,4.99,3.05,4.66,3.54,3.78,3.70,4.50,4.99,4.84,4.99,4.31,3.77,4.13,4.33,4.99,4.99,4.99,2.45,4.99,4.17,3.45,3.32
3.92,4.68,4.99,4.79,4.38,4.49,4.99,4.99,4.99,4.99,4.99,3.06,4.66,3.54,3.79,3.69,4.49,4.99,4.84,4.99,4.30,3.77,4.13,4.32,4.99,4.99,4.99,2.45,4.99,4.17,3.45,3.30
3.91,4.67,4.99,4.79,4.38,4.48,4.99,4.99,4.99,4.99,4.99,3.05,4.66,3.54,3.79,3.68,4.48,4.99,4.84,4.99,4.31,3.78,4.12,4.31,4.99,4.99,4.99,2.46,4.99,4.18,3.45,3.31
3.90,4.68,4.99,4.79,4.38,4.48,4.99,4.99,4.99,4.99,4.99,3.05,4.67,3.54,3.80,3.69,4.48,4.99,4.85,4.99,4.32,3.75,4.13,4.32,4.99,4.99,4.99,2.45,4.99,4.18,3.44,3.31
3.89,4.66,4.99,4.79,4.38,4.48,4.99,4.99,4.99,4.99,4.99,3.04,4.68,3.53,3.79,3.67,4.49,4.99,4.85,4.99,4.32,3.76,4.13,4.32,4.99,4.99,4.99,2.45,4.99,4.18,3.43,3.31
3.89,4.66,4.99,4.79,4.38,4.48,4.99,4.99,4.99,4.99,4.99,3.05,4.68,3.54,3.79,3.68,4.48,4.99,4.85,4.99,4.32,3.75,4.14,4.32,4.99,4.99,4.99,2.46,4.99,4.17,3.44,3.31
3.91,4.66,4.99,4.79,4.39,4.47,4.99,4.99,4.99,4.99,4.99,3.05,4.68,3.52,3.79,3.68,4.46,4.99,4.85,4.99,4.31,3.74,4.14,4.32,4.99,4.99,4.99,2.45,4.99,4.17,3.45,3.31
3.90,4.66,4.99,4.79,4.39,4.47,4.99,4.99,4.99,4.99,4.99,3.04,4.69,3.52,3.78,3.69,4.47,4.99,4.85,4.99,4.30,3.74,4.14,4.33,4.99,4.99,4.99,2.46,4.99,4.18,3.45,3.32
3.91,4.67,4.99,4.80,4.40,4.46,4.99,4.99,4.99,4.99,4.99,3.04,4.69,3.52,3.79,3.70,4.44,4.99,4.84,4.99,4.30,3.74,4.13,4.34,4.99,4.99,4.99,2.45,4.99,4.18,3.44,3.30
3.89,4.66,4.99,4.80,4.39,4.46,4.99,4.99,4.99,4.99,4.99,3.05,4.69,3.52,3.78,3.69,4.47,4.99,4.84,4.99,4.30,3.74,4.14,4.34,4.99,4.99,4.99,2.46,4.99,4.18,3.43,3.31
3.90,4.67,4.99,4.76,4.40,4.46,4.99,4.99,4.99,4.99,4.99,3.06,4.69,3.52,3.78,3.70,4.49,4.99,4.84,4.99,4.29,3.74,4.14,4.35,4.99,4.99,4.99,2.45,4.99,4.17,3.42,3.30
3.90,4.67,4.99,4.77,4.38,4.46,4.99,4.99,4.99,4.99,4.99,3.06,4.69,3.52,3.78,3.69,4.48,4.99,4.84,4.99,4.29,3.74,4.13,4.34,4.99,4.99,4.99,2.46,4.99,4.17,3.42,3.30
3.90,4.66,4.99,4.75,4.38,4.46,4.99,4.99,4.99,4.99,4.99,3.06,4.69,3.52,3.78,3.71,4.47,4.99,4.84,4.99,4.29,3.74,4.14,4.33,4.99,4.99,4.99,2.45,4.99,4.18,3.42,3.30
3.90,4.66,4.99,4.75,4.38,4.46,4.99,4.99,4.99,4.99,4.99,3.05,4.69,3.52,3.78,3.71,4.47,4.99,4.84,4.99,4.30,3.74,4.13,4.33,4.99,4.99,4.99,2.45,4.99,4.18,3.41,3.30
3.90,4.66,4.99,4.75,4.37,4.46,4.99,4.99,4.99,4.99,4.99,3.06,4.69,3.52,3.78,3.70,4.47,4.99,4.84,4.99,4.29,3.74,4.14,4.33,4.99,4.99,4.99,2.45,4.99,4.18,3.42,3.30
3.89,4.67,4.99,4.76,4.37,4.46,4.99,4.99,4.99,4.99,4.99,3.07,4.70,3.52,3.78,3.68,4.46,4.99,4.84,4.99,4.29,3.74,4.14,4.34,4.99,4.99,4.99,2.45,4.99,4.18,3.41,3.30
3.89,4.67,4.99,4.77,4.36,4.46,4.99,4.99,4.99,4.99,4.99,3.06,4.70,3.52,3.78,3.69,4.46,4.99,4.84,4.99,4.29,3.74,4.14,4.34,4.99,4.99,4.99,2.45,4.99,4.18,3.40,3.29
3.89,4.67,4.99,4.76,4.38,4.46,4.99,4.99,4.99,4.99,4.99,3.05,4.70,3.51,3.78,3.69,4.45,4.99,4.84,4.99,4.30,3.75,4.14,4.34,4.99,4.99,4.99,2.45,4.99,4.18,3.40,3.30
3.88,4.66,4.99,4.77,4.37,4.46,4.99,4.99,4.99,4.99,4.99,3.05,4.70,3.51,3.77,3.69,4.46,4.99,4.84,4.99,4.29,3.74,4.14,4.34,4.99,4.99,4.99,2.45,4.99,4.17,3.40,3.29
3.88,4.66,4.99,4.79,4.37,4.46,4.99,4.99,4.99,4.99,4.99,3.05,4.70,3.51,3.77,3.68,4.45,4.99,4.85,4.99,4.29,3.75,4.14,4.33,4.99,4.99,4.99,2.44,4.99,4.18,3.40,3.29
3.88,4.66,4.99,4.78,4.37,4.46,4.99,4.99,4.99,4.99,4.99,3.05,4.70,3.51,3.77,3.68,4.47,4.99,4.84,4.99,4.30,3.75,4.15,4.33,4.99,4.99,4.99,2.45,4.99,4.17,3.39,3.29
3.88,4.66,4.99,4.77,4.37,4.46,4.99,4.99,4.99,4.99,4.99,3.04,4.70,3.51,3.77,3.69,4.47,4.99,4.84,4.99,4.30,3.74,4.14,4.33,4.99,4.99,4.99,2.44,4.99,4.17,3.40,3.29
3.88,4.66,4.99,4.77,4.36,4.46,4.99,4.99,4.99,4.99,4.99,3.04,4.70,3.51,3.77,3.69,4.46,4.99,4.84,4.99,4.30,3.75,4.13,4.32,4.99,4.99,4.99,2.44,4.99,4.17,3.40,3.30
3.87,4.67,4.99,4.77,4.36,4.46,4.99,4.99,4.99,4.99,4.99,3.05,4.70,3.51,3.77,3.68,4.46,4.99,4.84,4.99,4.29,3.74,4.14,4.33,4.99,4.99,4.99,2.45,4.99,4.18,3.41,3.30
3.88,4.68,4.99,4.73,4.37,4.46,4.99,4.99,4.99,4.99,4.99,3.05,4.71,3.51,3.77,3.68,4.46,4.99,4.84,4.99,4.30,3.75,4.13,4.31,4.99,4.99,4.99,2.44,4.99,4.18,3.40,3.30
3.88,4.68,4.99,4.72,4.37,4.45,4.99,4.99,4.99,4.99,4.99,3.07,4.71,3.52,3.77,3.68,4.46,4.99,4.84,4.99,4.30,3.75,4.13,4.31,4.99,4.99,4.99,2.43,4.99,4.18,3.40,3.31
3.89,4.67,4.99,4.76,4.38,4.46,4.99,4.99,4.99,4.99,4.99,3.06,4.71,3.51,3.77,3.68,4.48,4.99,4.84,4.99,4.30,3.75,4.12,4.31,4.99,4.99,4.99,2.44,4.99,4.18,3.41,3.31
3.89,4.66,4.99,4.76,4.38,4.46,4.99,4.99,4.99,4.99,4.99,3.05,4.70,3.51,3.77,3.68,4.47,4.99,4.84,4.99,4.31,3.75,4.12,4.31,4.99,4.99,4.99,2.44,4.99,4.18,3.41,3.32
3.89,4.67,4.99,4.76,4.38,4.46,4.99,4.99,4.99,4.99,4.99,3.05,4.70,3.52,3.76,3.68,4.47,4.99,4.84,4.99,4.31,3.76,4.13,4.31,4.99,4.99,4.99,2.44,4.99,4.19,3.43,3.31
3.88,4.66,4.99,4.75,4.37,4.47,4.99,4.99,4.99,4.99,4.99,3.04,4.70,3.52,3.76,3.68,4.47,4.99,4.84,4.99,4.31,3.75,4.13,4.30,4.99,4.99,4.99,2.45,4.99,4.18,3.40,3.30
3.88,4.66,4.99,4.74,4.38,4.46,4.99,4.99,4.99,4.99,4.99,3.10,4.70,3.51,3.76,3.69,4.46,4.99,4.84,4.99,4.31,3.76,4.14,4.30,4.99,4.99,4.99,2.46,4.99,4.17,3.41,3.30
3.88,4.65,4.99,4.74,4.36,4.46,4.99,4.99,4.99,4.99,4.99,3.08,4.69,3.52,3.77,3.68,4.47,4.99,4.84,4.99,4.31,3.76,4.15,4.31,4.99,4.99,4.99,2.46,4.99,4.18,3.40,3.30
3.88,4.66,4.99,4.72,4.37,4.47,4.99,4.99,4.99,4.99,4.99,3.08,4.70,3.52,3.76,3.69,4.46,4.99,4.84,4.99,4.31,3.76,4.15,4.32,4.99,4.99,4.99,2.45,4.99,4.18,3.41,3.30
3.87,4.64,4.99,4.74,4.38,4.48,4.99,4.99,4.99,4.99,4.99,3.08,4.69,3.52,3.75,3.68,4.47,4.99,4.84,4.99,4.30,3.75,4.14,4.31,4.99,4.99,4.99,2.44,4.99,4.17,3.40,3.31
3.87,4.65,4.99,4.74,4.37,4.48,4.99,4.99,4.99,4.99,4.99,3.07,4.70,3.52,3.76,3.70,4.47,4.99,4.84,4.99,4.30,3.75,4.14,4.30,4.99,4.99,4.99,2.44,4.99,4.17,3.40,3.31
3.88,4.65,4.99,4.75,4.38,4.48,4.99,4.99,4.99,4.99,4.99,3.07,4.69,3.51,3.76,3.70,4.46,4.99,4.84,4.99,4.30,3.75,4.13,4.30,4.99,4.99,4.99,2.44,4.99,4.17,3.40,3.30
3.88,4.64,4.99,4.75,4.38,4.47,4.99,4.99,4.99,4.99,4.99,3.06,4.70,3.51,3.76,3.69,4.47,4.99,4.84,4.99,4.30,3.76,4.13,4.30,4.99,4.99,4.99,2.44,4.99,4.17,3.39,3.30
3.89,4.64,4.99,4.72,4.38,4.47,4.99,4.99,4.99,4.99,4.99,3.07,4.69,3.51,3.75,3.69,4.48,4.99,4.84,4.99,4.30,3.75,4.13,4.30,4.99,4.99,4.99,2.44,4.99,4.17,3.39,3.31
3.88,4.64,4.99,4.74,4.38,4.47,4.99,4.99,4.99,4.99,4.99,3.07,4.69,3.51,3.75,3.69,4.48,4.99,4.84,4.99,4.31,3.75,4.14,4.30,4.99,4.99,4.99,2.43,4.99,4.18,3.39,3.32
3.88,4.65,4.99,4.72,4.38,4.47,4.99,4.99,4.99,4.99,4.99,3.06,4.69,3.51,3.75,3.70,4.48,4.99,4.84,4.99,4.31,3.75,4.13,4.30,4.99,4.99,4.99,2.43,4.99,4.18,3.39,3.32
3.88,4.65,4.99,4.71,4.38,4.47,4.99,4.99,4.99,4.99,4.99,3.06,4.69,3.52,3.75,3.69,4.48,4.99,4.84,4.99,4.30,3.75,4.13,4.30,4.99,4.99,4.99,2.43,4.99,4.17,3.39,3.30
3.88,4.65,4.99,4.75,4.38,4.47,4.99,4.99,4.99,4.99,4.99,3.06,4.69,3.51,3.75,3.69,4.48,4.99,4.84,4.99,4.30,3.75,4.13,4.29,4.99,4.99,4.99,2.43,4.99,4.18,3.39,3.30
3.88,4.64,4.99,4.74,4.38,4.47,4.99,4.99,4.99,4.99,4.99,3.05,4.69,3.51,3.76,3.69,4.48,4.99,4.85,4.99,4.31,3.75,4.13,4.29,4.99,4.99,4.99,2.42,4.99,4.17,3.39,3.30
3.88,4.65,4.99,4.74,4.38,4.47,4.99,4.99,4.99,4.99,4.99,3.06,4.69,3.51,3.75,3.69,4.49,4.99,4.84,4.99,4.31,3.75,4.13,4.31,4.99,4.99,4.99,2.43,4.99,4.18,3.39,3.30
3.44,4.55,4.99,4.99,3.72,4.04,4.53,4.99,4.99,4.99,4.99,2.95,4.99,3.16,3.24,3.11,4.46,4.99,4.86,4.99,4.30,3.51,3.69,3.77,4.99,4.99,4.99,2.45,4.99,3.88,3.13,2.99,5,2019-11-26
3.44,4.55,4.99,4.99,3.73,4.03,4.53,4.99,4.99,4.99,4.99,2.94,4.99,3.15,3.24,3.11,4.45,4.99,4.86,4.99,4.28,3.50,3.69,3.76,4.99,4.99,4.99,2.46,4.99,3.88,3.13,3.00
3.46,4.55,4.99,4.99,3.73,4.04,4.53,4.99,4.99,4.99,4.99,2.95,4.99,3.15,3.24,3.10,4.46,4.99,4.86,4.99,4.26,3.50,3.67,3.76,4.99,4.99,4.99,2.47,4.99,3.89,3.13,2.99
3.45,4.55,4.99,4.99,3.72,4.04,4.54,4.99,4.99,4.99,4.99,2.94,4.99,3.16,3.25,3.09,4.46,4.99,4.86,4.99,4.25,3.50,3.67,3.76,4.99,4.99,4.99,2.49,4.99,3.89,3.13,2.99
3.44,4.54,4.99,4.99,3.72,4.02,4.53,4.99,4.99,4.99,4.99,2.93,4.99,3.15,3.24,3.09,4.46,4.99,4.85,4.99,4.26,3.50,3.67,3.77,4.99,4.99,4.99,2.49,4.99,3.88,3.13,2.98
3.42,4.54,4.99,4.99,3.70,4.03,4.54,4.99,4.99,4.99,4.99,2.92,4.99,3.14,3.24,3.07,4.46,4.99,4.85,4.99,4.27,3.50,3.67,3.77,4.99,4.99,4.99,2.48,4.99,3.88,3.13,2.98
3.42,4.54,4.99,4.99,3.69,4.01,4.52,4.99,4.99,4.99,4.99,2.96,4.99,3.14,3.23,3.06,4.45,4.99,4.85,4.99,4.27,3.50,3.67,3.78,4.99,4.99,4.99,2.50,4.99,3.90,3.13,2.97
3.43,4.54,4.99,4.99,3.69,4.00,4.51,4.99,4.99,4.99,4.99,2.93,4.99,3.14,3.25,3.04,4.46,4.99,4.86,4.99,4.27,3.51,3.66,3.78,4.99,4.99,4.99,2.50,4.99,3.90,3.13,2.97
3.43,4.54,4.99,4.99,3.69,4.00,4.51,4.99,4.99,4.99,4.99,2.92,4.99,3.13,3.23,3.04,4.44,4.99,4.85,4.99,4.27,3.51,3.67,3.79,4.99,4.99,4.99,2.50,4.99,3.90,3.13,2.97
3.42,4.55,4.99,4.99,3.69,4.00,4.51,4.99,4.99,4.99,4.99,2.92,4.99,3.14,3.24,3.04,4.43,4.99,4.85,4.99,4.28,3.50,3.66,3.78,4.99,4.99,4.99,2.49,4.99,3.90,3.13,2.97
3.41,4.55,4.99,4.99,3.68,4.00,4.51,4.99,4.99,4.99,4.99,2.92,4.99,3.13,3.23,3.03,4.45,4.99,4.85,4.99,4.28,3.50,3.67,3.77,4.99,4.99,4.99,2.49,4.99,3.90,3.13,2.97
3.42,4.54,4.99,4.99,3.69,4.01,4.51,4.99,4.99,4.99,4.99,2.91,4.99,3.13,3.23,3.04,4.45,4.99,4.85,4.99,4.28,3.50,3.66,3.78,4.99,4.99,4.99,2.51,4.99,3.89,3.13,2.97
3.41,4.54,4.99,4.99,3.69,4.01,4.52,4.99,4.99,4.99,4.99,2.91,4.99,3.13,3.23,3.03,4.46,4.99,4.86,4.99,4.28,3.50,3.65,3.77,4.99,4.99,4.99,2.50,4.99,3.89,3.13,2.98
3.41,4.55,4.99,4.99,3.69,4.01,4.51,4.99,4.99,4.99,4.99,2.91,4.99,3.13,3.23,3.02,4.46,4.99,4.87,4.99,4.28,3.50,3.66,3.78,4.99,4.99,4.99,2.50,4.99,3.89,3.12,2.98
3.41,4.55,4.99,4.99,3.68,4.00,4.50,4.99,4.99,4.99,4.99,2.92,4.99,3.13,3.23,3.03,4.45,4.99,4.88,4.99,4.28,3.50,3.65,3.77,4.99,4.99,4.99,2.51,4.99,3.88,3.12,2.97
3.42,4.56,4.99,4.99,3.68,4.01,4.51,4.99,4.99,4.99,4.99,2.93,4.99,3.14,3.24,3.04,4.46,4.99,4.87,4.99,4.28,3.50,3.64,3.77,4.99,4.99,4.99,2.53,4.99,3.90,3.12,2.97
3.43,4.56,4.99,4.99,3.68,4.00,4.51,4.99,4.99,4.99,4.99,2.93,4.99,3.14,3.23,3.03,4.47,4.99,4.86,4.99,4.28,3.49,3.64,3.78,4.99,4.99,4.99,2.52,4.99,3.88,3.13,2.97
3.42,4.56,4.99,4.99,3.68,4.00,4.50,4.99,4.99,4.99,4.99,2.92,4.99,3.13,3.22,3.02,4.47,4.99,4.86,4.99,4.28,3.49,3.64,3.77,4.99,4.99,4.99,2.50,4.99,3.88,3.13,2.97
3.41,4.56,4.99,4.99,3.68,4.00,4.50,4.99,4.99,4.99,4.99,2.90,4.99,3.13,3.22,3.02,4.47,4.99,4.85,4.99,4.26,3.48,3.64,3.77,4.99,4.99,4.99,2.50,4.99,3.88,3.12,2.97
3.40,4.56,4.99,4.99,3.67,4.00,4.51,4.99,4.99,4.99,4.99,2.90,4.99,3.12,3.22,3.01,4.46,4.99,4.85,4.99,4.27,3.48,3.65,3.77,4.99,4.99,4.99,2.49,4.99,3.86,3.10,2.96
3.40,4.56,4.99,4.99,3.66,4.00,4.50,4.99,4.99,4.99,4.99,2.90,4.99,3.13,3.21,3.01,4.45,4.99,4.85,4.99,4.26,3.48,3.65,3.78,4.99,4.99,4.99,2.48,4.99,3.85,3.09,2.96
3.39,4.56,4.99,4.99,3.65,4.00,4.50,4.99,4.99,4.99,4.99,2.90,4.99,3.12,3.20,3.01,4.44,4.99,4.85,4.99,4.26,3.48,3.64,3.78,4.99,4.99,4.99,2.48,4.99,3.85,3.10,2.95
3.40,4.55,4.99,4.99,3.65,4.00,4.50,4.99,4.99,4.99,4.99,2.92,4.99,3.11,3.19,3.01,4.45,4.99,4.86,4.99,4.26,3.48,3.64,3.77,4.99,4.99,4.99,2.47,4.99,3.87,3.10,2.95
3.41,4.55,4.99,4.99,3.68,4.01,4.49,4.99,4.99,4.99,4.99,3.00,4.99,3.11,3.20,3.01,4.45,4.99,4.86,4.99,4.26,3.49,3.64,3.78,4.99,4.99,4.99,2.47,4.99,3.88,3.10,2.95
3.42,4.56,4.99,4.99,3.68,4.01,4.49,4.99,4.99,4.99,4.99,2.98,4.99,3.11,3.19,3.01,4.44,4.99,4.85,4.99,4.25,3.49,3.64,3.77,4.99,4.99,4.99,2.46,4.99,3.88,3.09,2.94
3.42,4.55,4.99,4.99,3.68,4.01,4.50,4.99,4.99,4.99,4.99,2.96,4.99,3.11,3.19,3.00,4.44,4.99,4.86,4.99,4.25,3.48,3.64,3.77,4.99,4.99,4.99,2.46,4.99,3.83,3.09,2.95
3.41,4.55,4.99,4.99,3.68,4.00,4.50,4.99,4.99,4.99,4.99,2.95,4.99,3.12,3.19,3.00,4.44,4.99,4.86,4.99,4.24,3.48,3.65,3.77,4.99,4.99,4.99,2.47,4.99,3.83,3.09,2.95
3.42,4.55,4.99,4.99,3.68,4.01,4.49,4.99,4.99,4.99,4.99,2.96,4.99,3.12,3.19,3.00,4.45,4.99,4.85,4.99,4.25,3.47,3.64,3.77,4.99,4.99,4.99,2.46,4.99,3.84,3.08,2.94
3.44,4.55,4.99,4.99,3.68,4.00,4.49,4.99,4.99,4.99,4.99,2.95,4.99,3.11,3.19,2.99,4.45,4.99,4.85,4.99,4.25,3.47,3.64,3.77,4.99,4.99,4.99,2.46,4.99,3.83,3.08,2.93
3.43,4.55,4.99,4.99,3.69,4.00,4.50,4.99,4.99,4.99,4.99,2.94,4.99,3.11,3.18,2.98,4.45,4.99,4.85,4.99,4.25,3.47,3.65,3.77,4.99,4.99,4.99,2.46,4.99,3.84,3.08,2.94
3.43,4.56,4.99,4.99,3.69,4.00,4.48,4.99,4.99,4.99,4.99,2.96,4.99,3.11,3.17,2.98,4.45,4.99,4.85,4.99,4.25,3.47,3.66,3.77,4.99,4.99,4.99,2.46,4.99,3.84,3.08,2.93
3.44,4.56,4.99,4.99,3.69,4.00,4.49,4.99,4.99,4.99,4.99,2.94,4.99,3.12,3.18,2.98,4.46,4.99,4.85,4.99,4.25,3.47,3.65,3.76,4.99,4.99,4.99,2.47,4.99,3.83,3.08,2.93
3.42,4.56,4.99,4.99,3.71,4.00,4.49,4.99,4.99,4.99,4.99,2.94,4.99,3.12,3.18,2.98,4.46,4.99,4.86,4.99,4.25,3.47,3.65,3.76,4.99,4.99,4.99,2.48,4.99,3.83,3.08,2.93
3.44,4.56,4.99,4.99,3.71,4.00,4.49,4.99,4.99,4.99,4.99,2.95,4.99,3.12,3.18,2.98,4.47,4.99,4.86,4.99,4.25,3.46,3.65,3.76,4.99,4.99,4.99,2.47,4.99,3.84,3.08,2.93
3.43,4.56,4.99,4.99,3.70,4.00,4.48,4.99,4.99,4.99,4.99,2.97,4.99,3.11,3.18,2.97,4.46,4.99,4.86,4.99,4.31,3.48,3.66,3.76,4.99,4.99,4.99,2.47,4.99,3.92,3.09,2.94
3.47,4.57,4.99,4.99,3.71,4.03,4.49,4.99,4.99,4.99,4.99,3.11,4.99,3.11,3.19,2.99,4.47,4.99,4.85,4.99,4.31,3.51,3.68,3.76,4.99,4.99,4.99,2.48,4.99,3.92,3.11,2.94
3.46,4.57,4.99,4.99,3.71,4.05,4.49,4.99,4.99,4.99,4.99,3.09,4.99,3.12,3.19,2.98,4.47,4.99,4.86,4.99,4.30,3.48,3.66,3.76,4.99,4.99,4.99,2.50,4.99,3.87,3.09,2.93
3.45,4.57,4.99,4.99,3.76,4.06,4.50,4.99,4.99,4.99,4.99,3.05,4.99,3.12,3.18,2.98,4.47,4.99,4.86,4.99,4.27,3.47,3.64,3.76,4.99,4.99,4.99,2.50,4.99,3.84,3.08,2.94
3.44,4.57,4.99,4.99,3.74,4.04,4.48,4.99,4.99,4.99,4.99,2.98,4.99,3.11,3.17,2.97,4.45,4.99,4.86,4.99,4.28,3.47,3.64,3.76,4.99,4.99,4.99,2.50,4.99,3.83,3.07,2.94
3.45,4.57,4.99,4.99,3.75,4.04,4.49,4.99,4.99,4.99,4.99,3.00,4.99,3.11,3.16,2.97,4.46,4.99,4.86,4.99,4.27,3.47,3.65,3.76,4.99,4.99,4.99,2.51,4.99,3.82,3.07,2.93
3.45,4.57,4.99,4.99,3.74,4.05,4.48,4.99,4.99,4.99,4.99,2.98,4.99,3.12,3.16,2.96,4.46,4.99,4.86,4.99,4.28,3.46,3.65,3.76,4.99,4.99,4.99,2.50,4.99,3.82,3.07,2.94
3.43,4.57,4.99,4.99,3.73,4.05,4.49,4.99,4.99,4.99,4.99,2.99,4.99,3.12,3.17,2.95,4.46,4.99,4.87,4.99,4.27,3.46,3.66,3.76,4.99,4.99,4.99,2.52,4.99,3.82,3.07,2.93
3.43,4.57,4.99,4.99,3.72,4.04,4.49,4.99,4.99,4.99,4.99,3.01,4.99,3.10,3.16,2.96,4.46,4.99,4.86,4.99,4.29,3.46,3.66,3.76,4.99,4.99,4.99,2.48,4.99,3.82,3.07,2.93
3.42,4.57,4.99,4.99,3.72,4.05,4.49,4.99,4.99,4.99,4.99,3.00,4.99,3.10,3.16,2.95,4.47,4.99,4.86,4.99,4.29,3.46,3.66,3.76,4.99,4.99,4.99,2.47,4.99,3.82,3.08,2.92
3.41,4.56,4.99,4.99,3.73,4.06,4.49,4.99,4.99,4.99,4.99,2.99,4.99,3.10,3.16,2.95,4.46,4.99,4.87,4.99,4.29,3.46,3.66,3.78,4.99,4.99,4.99,2.46,4.99,3.82,3.07,2.91
3.40,4.55,4.99,4.99,3.72,4.05,4.49,4.99,4.99,4.99,4.99,2.98,4.99,3.09,3.16,2.95,4.44,4.99,4.86,4.99,4.30,3.46,3.66,3.79,4.99,4.99,4.99,2.46,4.99,3.83,3.07,2.92
3.40,4.55,4.99,4.99,3.74,4.05,4.49,4.99,4.99,4.99,4.99,2.97,4.99,3.10,3.16,2.94,4.43,4.99,4.86,4.99,4.29,3.45,3.66,3.78,4.99,4.99,4.99,2.46,4.99,3.82,3.07,2.92
3.39,4.55,4.99,4.99,3.74,4.05,4.48,4.99,4.99,4.99,4.99,2.97,4.99,3.09,3.16,2.94,4.44,4.99,4.86,4.99,4.29,3.46,3.67,3.78,4.99,4.99,4.99,2.46,4.99,3.81,3.07,2.92
3.38,4.55,4.99,4.99,3.75,4.05,4.48,4.99,4.99,4.99,4.99,2.98,4.99,3.09,3.15,2.94,4.44,4.99,4.86,4.99,4.29,3.45,3.66,3.78,4.99,4.99,4.99,2.46,4.99,3.80,3.07,2.92
3.38,4.55,4.99,4.99,3.76,4.07,4.48,4.99,4.99,4.99,4.99,2.95,4.99,3.10,3.16,2.94,4.44,4.99,4.86,4.99,4.28,3.44,3.64,3.77,4.99,4.99,4.99,2.46,4.99,3.81,3.07,2.92
3.39,4.56,4.99,4.99,3.76,4.07,4.48,4.99,4.99,4.99,4.99,2.95,4.99,3.11,3.16,2.93,4.44,4.99,4.86,4.99,4.28,3.45,3.65,3.78,4.99,4.99,4.99,2.45,4.99,3.82,3.07,2.91
3.42,4.57,4.99,4.99,3.75,4.06,4.48,4.99,4.99,4.99,4.99,2.95,4.99,3.11,3.16,2.93,4.44,4.99,4.86,4.99,4.29,3.45,3.66,3.79,4.99,4.99,4.99,2.45,4.99,3.82,3.08,2.92
3.42,4.57,4.99,4.99,3.74,4.05,4.48,4.99,4.99,4.99,4.99,2.96,4.99,3.10,3.16,2.93,4.44,4.99,4.86,4.99,4.30,3.46,3.65,3.79,4.99,4.99,4.99,2.45,4.99,3.83,3.08,2.92
3.41,4.56,4.99,4.99,3.74,4.04,4.48,4.99,4.99,4.99,4.99,2.95,4.99,3.10,3.15,2.94,4.44,4.99,4.86,4.99,4.29,3.46,3.65,3.78,4.99,4.99,4.99,2.44,4.99,3.83,3.08,2.93
3.40,4.56,4.99,4.99,3.74,4.02,4.48,4.99,4.99,4.99,4.99,2.95,4.99,3.10,3.15,2.94,4.44,4.99,4.86,4.99,4.31,3.46,3.65,3.78,4.99,4.99,4.99,2.45,4.99,3.84,3.08,2.93
3.58,4.72,4.99,4.99,4.52,4.54,4.99,4.99,4.99,4.99,4.99,2.83,4.99,3.40,3.41,3.49,4.56,4.99,4.89,4.99,4.46,3.82,4.08,4.13,4.99,4.99,4.99,2.45,4.99,4.04,3.46,3.37,6,2019-11-26
3.57,4.71,4.99,4.99,4.50,4.49,4.99,4.99,4.99,4.99,4.99,2.83,4.99,3.40,3.41,3.48,4.57,4.99,4.89,4.99,4.50,3.83,4.07,4.13,4.99,4.99,4.99,2.46,4.99,4.05,3.47,3.36
3.60,4.70,4.99,4.99,4.48,4.49,4.99,4.99,4.99,4.99,4.99,2.92,4.99,3.39,3.39,3.49,4.57,4.99,4.88,4.99,4.52,3.83,4.07,4.14,4.99,4.99,4.99,2.49,4.99,4.04,3.47,3.36
3.55,4.70,4.99,4.99,4.49,4.49,4.99,4.99,4.99,4.99,4.99,2.87,4.99,3.39,3.39,3.48,4.57,4.99,4.99,4.99,4.53,3.83,4.08,4.14,4.99,4.99,4.99,2.50,4.99,4.04,3.47,3.39
3.57,4.70,4.99,4.99,4.56,4.50,4.99,4.99,4.99,4.99,4.99,2.85,4.99,3.39,3.39,3.47,4.58,4.99,4.99,4.99,4.51,3.82,4.08,4.14,4.99,4.99,4.99,2.50,4.99,4.04,3.47,3.39
3.54,4.69,4.99,4.99,4.56,4.50,4.99,4.99,4.99,4.99,4.99,2.84,4.99,3.39,3.39,3.47,4.55,4.99,4.99,4.99,4.51,3.82,4.09,4.13,4.99,4.99,4.99,2.50,4.99,4.03,3.46,3.39
3.56,4.71,4.99,4.99,4.58,4.54,4.99,4.99,4.99,4.99,4.99,2.83,4.99,3.39,3.39,3.47,4.55,4.99,4.90,4.99,4.50,3.82,4.07,4.12,4.99,4.99,4.99,2.49,4.99,4.04,3.45,3.38
3.56,4.71,4.99,4.99,4.55,4.53,4.99,4.99,4.99,4.99,4.99,2.82,4.99,3.39,3.39,3.47,4.55,4.99,4.90,4.99,4.49,3.82,4.06,4.11,4.99,4.99,4.99,2.49,4.99,4.03,3.45,3.39
3.54,4.71,4.99,4.99,4.52,4.53,4.99,4.99,4.99,4.99,4.99,2.81,4.99,3.38,3.37,3.47,4.55,4.99,4.89,4.99,4.49,3.82,4.05,4.10,4.99,4.99,4.99,2.48,4.99,4.03,3.44,3.36
3.53,4.70,4.99,4.99,4.49,4.48,4.99,4.99,4.99,4.99,4.99,2.82,4.99,3.38,3.36,3.45,4.55,4.99,4.89,4.99,4.50,3.82,4.06,4.09,4.99,4.99,4.99,2.48,4.99,4.02,3.43,3.36
3.53,4.70,4.99,4.99,4.47,4.47,4.99,4.99,4.99,4.99,4.99,2.80,4.99,3.38,3.35,3.45,4.54,4.99,4.89,4.99,4.50,3.82,4.05,4.10,4.99,4.99,4.99,2.48,4.99,4.02,3.43,3.35
3.52,4.70,4.99,4.99,4.49,4.47,4.99,4.99,4.99,4.99,4.99,2.80,4.99,3.37,3.35,3.44,4.54,4.99,4.89,4.99,4.51,3.82,4.05,4.09,4.99,4.99,4.99,2.48,4.99,4.01,3.42,3.35
3.50,4.68,4.99,4.99,4.47,4.47,4.99,4.99,4.99,4.99,4.99,2.78,4.99,3.36,3.33,3.44,4.53,4.99,4.89,4.99,4.50,3.81,4.06,4.09,4.99,4.99,4.99,2.48,4.99,4.01,3.41,3.35
3.52,4.69,4.99,4.99,4.49,4.48,4.99,4.99,4.99,4.99,4.99,2.78,4.99,3.36,3.33,3.45,4.55,4.99,4.89,4.99,4.50,3.81,4.06,4.09,4.99,4.99,4.99,2.48,4.99,4.01,3.42,3.35
3.52,4.69,4.99,4.99,4.49,4.48,4.99,4.99,4.99,4.99,4.99,2.77,4.99,3.36,3.33,3.44,4.55,4.99,4.89,4.99,4.49,3.81,4.05,4.10,4.99,4.99,4.99,2.49,4.99,4.01,3.41,3.35
3.50,4.70,4.99,4.99,4.53,4.49,4.99,4.99,4.99,4.99,4.99,2.78,4.99,3.36,3.33,3.45,4.53,4.99,4.89,4.99,4.49,3.81,4.05,4.10,4.99,4.99,4.99,2.48,4.99,4.02,3.41,3.35
3.51,4.69,4.99,4.99,4.52,4.48,4.99,4.99,4.99,4.99,4.99,2.78,4.99,3.36,3.33,3.44,4.53,4.99,4.89,4.99,4.48,3.80,4.05,4.10,4.99,4.99,4.99,2.50,4.99,4.03,3.41,3.35
3.50,4.69,4.99,4.99,4.51,4.49,4.99,4.99,4.99,4.99,4.99,2.77,4.99,3.36,3.32,3.45,4.55,4.99,4.90,4.99,4.48,3.80,4.05,4.11,4.99,4.99,4.99,2.51,4.99,4.02,3.41,3.34
3.53,4.69,4.99,4.99,4.52,4.49,4.99,4.99,4.99,4.99,4.99,2.77,4.99,3.36,3.33,3.45,4.54,4.99,4.89,4.99,4.47,3.80,4.06,4.10,4.99,4.99,4.99,2.52,4.99,4.02,3.40,3.35
3.52,4.69,4.99,4.99,4.52,4.48,4.99,4.99,4.99,4.99,4.99,2.76,4.99,3.36,3.32,3.45,4.55,4.99,4.90,4.99,4.47,3.81,4.06,4.11,4.99,4.99,4.99,2.53,4.99,4.02,3.40,3.35
3.53,4.68,4.99,4.99,4.54,4.49,4.99,4.99,4.99,4.99,4.99,2.76,4.99,3.36,3.32,3.45,4.56,4.99,4.89,4.99,4.49,3.80,4.06,4.11,4.99,4.99,4.99,2.53,4.99,4.01,3.40,3.36
3.52,4.67,4.99,4.99,4.52,4.48,4.99,4.99,4.99,4.99,4.99,2.76,4.99,3.36,3.32,3.45,4.56,4.99,4.90,4.99,4.48,3.81,4.07,4.11,4.99,4.99,4.99,2.53,4.99,4.00,3.40,3.36
3.52,4.68,4.99,4.99,4.51,4.48,4.99,4.99,4.99,4.99,4.99,2.76,4.99,3.35,3.31,3.45,4.57,4.99,4.99,4.99,4.49,3.81,4.06,4.13,4.99,4.99,4.99,2.54,4.99,4.04,3.41,3.36
3.51,4.69,4.99,4.99,4.50,4.48,4.99,4.99,4.99,4.99,4.99,2.80,4.99,3.35,3.31,3.44,4.56,4.99,4.99,4.99,4.50,3.80,4.06,4.12,4.99,4.99,4.99,2.56,4.99,4.03,3.41,3.34
3.50,4.67,4.99,4.99,4.49,4.48,4.99,4.99,4.99,4.99,4.99,2.79,4.99,3.35,3.32,3.43,4.56,4.99,4.99,4.99,4.49,3.80,4.05,4.11,4.99,4.99,4.99,2.56,4.99,4.03,3.40,3.34
3.48,4.65,4.99,4.99,4.54,4.48,4.99,4.99,4.99,4.99,4.99,2.78,4.99,3.35,3.31,3.44,4.56,4.99,4.99,4.99,4.49,3.80,4.06,4.12,4.99,4.99,4.99,2.57,4.99,4.03,3.40,3.34
3.50,4.68,4.99,4.99,4.53,4.48,4.99,4.99,4.99,4.99,4.99,2.76,4.99,3.35,3.31,3.43,4.57,4.99,4.99,4.99,4.50,3.80,4.06,4.12,4.99,4.99,4.99,2.57,4.99,4.02,3.40,3.34
3.49,4.67,4.99,4.99,4.51,4.48,4.99,4.99,4.99,4.99,4.99,2.75,4.99,3.35,3.31,3.43,4.56,4.99,4.99,4.99,4.51,3.80,4.06,4.12,4.99,4.99,4.99,2.58,4.99,4.02,3.41,3.36
3.49,4.68,4.99,4.99,4.53,4.49,4.99,4.99,4.99,4.99,4.99,2.75,4.99,3.35,3.30,3.44,4.56,4.99,4.99,4.99,4.50,3.79,4.07,4.11,4.99,4.99,4.99,2.56,4.99,4.03,3.41,3.36
3.49,4.67,4.99,4.99,4.53,4.49,4.99,4.99,4.99,4.99,4.99,2.73,4.99,3.34,3.30,3.44,4.58,4.99,4.99,4.99,4.51,3.79,4.06,4.10,4.99,4.99,4.99,2.55,4.99,4.02,3.40,3.36
3.51,4.69,4.99,4.99,4.51,4.49,4.99,4.99,4.99,4.99,4.99,2.73,4.99,3.33,3.30,3.44,4.57,4.99,4.99,4.99,4.50,3.78,4.06,4.11,4.99,4.99,4.99,2.54,4.99,4.02,3.39,3.33
3.49,4.68,4.99,4.99,4.49,4.49,4.99,4.99,4.99,4.99,4.99,2.76,4.99,3.33,3.30,3.44,4.57,4.99,4.99,4.99,4.50,3.78,4.05,4.10,4.99,4.99,4.99,2.53,4.99,4.01,3.38,3.33
3.49,4.68,4.99,4.99,4.52,4.49,4.99,4.99,4.99,4.99,4.99,2.74,4.99,3.33,3.30,3.44,4.57,4.99,4.90,4.99,4.49,3.78,4.06,4.11,4.99,4.99,4.99,2.53,4.99,3.98,3.38,3.33
3.49,4.67,4.99,4.99,4.53,4.49,4.99,4.99,4.99,4.99,4.99,2.73,4.99,3.33,3.29,3.44,4.58,4.99,4.90,4.99,4.49,3.78,4.05,4.11,4.99,4.99,4.99,2.54,4.99,3.99,3.35,3.33
3.49,4.67,4.99,4.99,4.52,4.49,4.99,4.99,4.99,4.99,4.99,2.72,4.99,3.33,3.29,3.43,4.58,4.99,4.99,4.99,4.47,3.78,4.06,4.11,4.99,4.99,4.99,2.54,4.99,3.99,3.35,3.33
3.49,4.66,4.99,4.99,4.51,4.49,4.99,4.99,4.99,4.99,4.99,2.72,4.99,3.33,3.29,3.43,4.57,4.99,4.99,4.99,4.47,3.78,4.05,4.12,4.99,4.99,4.99,2.55,4.99,3.99,3.35,3.33
3.48,4.66,4.99,4.99,4.51,4.49,4.99,4.99,4.99,4.99,4.99,2.72,4.99,3.33,3.28,3.42,4.57,4.99,4.99,4.99,4.47,3.77,4.05,4.12,4.99,4.99,4.99,2.55,4.99,4.00,3.36,3.33
3.49,4.66,4.99,4.99,4.53,4.48,4.99,4.99,4.99,4.99,4.99,2.73,4.99,3.33,3.29,3.43,4.57,4.99,4.99,4.99,4.46,3.77,4.05,4.13,4.99,4.99,4.99,2.53,4.99,4.00,3.37,3.33
3.50,4.67,4.99,4.99,4.52,4.46,4.99,4.99,4.99,4.99,4.99,2.73,4.99,3.33,3.28,3.43,4.57,4.99,4.99,4.99,4.49,3.78,4.06,4.13,4.99,4.99,4.99,2.53,4.99,4.01,3.36,3.33
3.50,4.66,4.99,4.99,4.50,4.48,4.99,4.99,4.99,4.99,4.99,2.72,4.99,3.33,3.28,3.43,4.57,4.99,4.99,4.99,4.48,3.78,4.05,4.12,4.99,4.99,4.99,2.53,4.99,4.01,3.37,3.33
3.49,4.67,4.99,4.99,4.52,4.47,4.99,4.99,4.99,4.99,4.99,2.72,4.99,3.33,3.28,3.44,4.56,4.99,4.99,4.99,4.49,3.78,4.04,4.12,4.99,4.99,4.99,2.53,4.99,4.01,3.36,3.33
3.50,4.66,4.99,4.99,4.51,4.48,4.99,4.99,4.99,4.99,4.99,2.71,4.99,3.33,3.28,3.44,4.56,4.99,4.99,4.99,4.49,3.78,4.05,4.12,4.99,4.99,4.99,2.54,4.99,4.01,3.36,3.33
3.48,4.66,4.99,4.99,4.53,4.48,4.99,4.99,4.99,4.99,4.99,2.71,4.99,3.33,3.28,3.43,4.56,4.99,4.99,4.99,4.47,3.77,4.05,4.12,4.99,4.99,4.99,2.54,4.99,4.00,3.36,3.33
3.48,4.66,4.99,4.99,4.53,4.49,4.99,4.99,4.99,4.99,4.99,2.72,4.99,3.33,3.27,3.43,4.55,4.99,4.99,4.99,4.47,3.77,4.05,4.12,4.99,4.99,4.99,2.56,4.99,4.00,3.37,3.33
3.49,4.65,4.99,4.99,4.53,4.49,4.99,4.99,4.99,4.99,4.99,2.71,4.99,3.32,3.27,3.43,4.55,4.99,4.99,4.99,4.49,3.78,4.05,4.13,4.99,4.99,4.99,2.56,4.99,4.02,3.37,3.33
3.50,4.66,4.99,4.99,4.54,4.49,4.99,4.99,4.99,4.99,4.99,2.71,4.99,3.32,3.27,3.43,4.58,4.99,4.99,4.99,4.47,3.77,4.06,4.12,4.99,4.99,4.99,2.56,4.99,4.01,3.37,3.34
3.50,4.65,4.99,4.99,4.54,4.49,4.99,4.99,4.99,4.99,4.99,2.72,4.99,3.32,3.27,3.42,4.58,4.99,4.99,4.99,4.47,3.77,4.06,4.11,4.99,4.99,4.99,2.56,4.99,4.01,3.38,3.35
3.49,4.66,4.99,4.99,4.55,4.48,4.99,4.99,4.99,4.99,4.99,2.71,4.99,3.33,3.27,3.44,4.58,4.99,4.99,4.99,4.48,3.78,4.06,4.13,4.99,4.99,4.99,2.58,4.99,4.02,3.37,3.35
3.48,4.66,4.99,4.99,4.55,4.49,4.99,4.99,4.99,4.99,4.99,2.71,4.99,3.33,3.27,3.43,4.58,4.99,4.99,4.99,4.47,3.78,4.06,4.11,4.99,4.99,4.99,2.60,4.99,4.02,3.37,3.35
3.48,4.65,4.99,4.99,4.55,4.49,4.99,4.99,4.99,4.99,4.99,2.71,4.99,3.32,3.27,3.43,4.58,4.99,4.99,4.99,4.48,3.78,4.07,4.13,4.99,4.99,4.99,2.60,4.99,4.02,3.38,3.35
3.47,4.65,4.99,4.99,4.55,4.49,4.99,4.99,4.99,4.99,4.99,2.71,4.99,3.32,3.26,3.43,4.58,4.99,4.99,4.99,4.48,3.78,4.07,4.12,4.99,4.99,4.99,2.59,4.99,4.01,3.38,3.35
3.46,4.65,4.99,4.99,4.54,4.49,4.99,4.99,4.99,4.99,4.99,2.71,4.99,3.32,3.26,3.43,4.58,4.99,4.99,4.99,4.48,3.78,4.07,4.12,4.99,4.99,4.99,2.58,4.99,4.02,3.37,3.35
3.47,4.64,4.99,4.99,4.54,4.49,4.99,4.99,4.99,4.99,4.99,2.73,4.99,3.32,3.26,3.42,4.58,4.99,4.99,4.99,4.49,3.78,4.07,4.13,4.99,4.99,4.99,2.58,4.99,4.00,3.37,3.35
3.47,4.64,4.99,4.99,4.54,4.49,4.99,4.99,4.99,4.99,4.99,2.73,4.99,3.32,3.26,3.42,4.58,4.99,4.90,4.99,4.48,3.78,4.06,4.12,4.99,4.99,4.99,2.56,4.99,4.00,3.36,3.34
3.46,4.65,4.99,4.99,4.55,4.49,4.99,4.99,4.99,4.99,4.99,2.72,4.99,3.32,3.26,3.43,4.58,4.99,4.99,4.99,4.48,3.78,4.06,4.13,4.99,4.99,4.99,2.55,4.99,3.99,3.36,3.33
4.22,4.99,4.99,4.99,4.83,4.99,4.99,4.99,4.99,4.99,4.99,2.92,4.67,3.65,3.96,3.51,4.58,4.99,4.99,4.99,4.79,4.15,4.13,4.47,4.99,4.99,4.99,2.50,4.73,4.27,3.69,3.38,7,2019-11-27
4.23,4.99,4.99,4.99,4.84,4.99,4.99,4.99,4.99,4.99,4.99,2.96,4.66,3.64,3.96,3.50,4.60,4.99,4.99,4.99,4.81,4.16,4.14,4.49,4.99,4.99,4.99,2.49,4.70,4.27,3.70,3.38
4.23,4.99,4.99,4.99,4.81,4.99,4.99,4.99,4.99,4.99,4.99,3.11,4.70,3.64,3.95,3.50,4.59,4.99,4.99,4.99,4.99,4.16,4.16,4.50,4.99,4.99,4.99,2.47,4.70,4.27,3.71,3.38
4.23,4.99,4.99,4.99,4.82,4.99,4.99,4.99,4.99,4.99,4.99,3.10,4.70,3.64,3.95,3.51,4.58,4.99,4.99,4.99,4.99,4.16,4.15,4.51,4.99,4.99,4.99,2.45,4.74,4.27,3.70,3.38
4.22,4.99,4.99,4.99,4.84,4.99,4.99,4.99,4.99,4.99,4.99,3.06,4.69,3.64,3.95,3.51,4.58,4.99,4.99,4.99,4.99,4.15,4.15,4.50,4.99,4.99,4.99,2.44,4.78,4.27,3.69,3.38
4.25,4.99,4.99,4.99,4.84,4.99,4.99,4.99,4.99,4.99,4.99,3.05,4.72,3.65,3.96,3.52,4.58,4.99,4.99,4.99,4.87,4.15,4.16,4.53,4.99,4.99,4.99,2.47,4.79,4.26,3.68,3.38
4.22,4.99,4.99,4.99,4.86,4.99,4.99,4.99,4.99,4.99,4.99,3.04,4.58,3.64,3.96,3.51,4.58,4.99,4.99,4.99,4.82,4.15,4.13,4.51,4.99,4.99,4.99,2.49,4.77,4.24,3.67,3.37
4.20,4.99,4.99,4.99,4.83,4.99,4.99,4.99,4.99,4.99,4.99,3.12,4.42,3.64,3.95,3.51,4.58,4.99,4.99,4.99,4.81,4.15,4.12,4.52,4.99,4.99,4.99,2.48,4.77,4.26,3.65,3.37
4.20,4.99,4.99,4.99,4.80,4.99,4.99,4.99,4.99,4.99,4.99,3.07,4.33,3.61,3.92,3.49,4.57,4.99,4.99,4.99,4.82,4.15,4.12,4.48,4.99,4.99,4.99,2.48,4.74,4.24,3.64,3.36
4.18,4.99,4.99,4.99,4.81,4.99,4.99,4.99,4.99,4.99,4.99,3.05,4.29,3.60,3.92,3.49,4.58,4.99,4.99,4.99,4.81,4.15,4.14,4.47,4.99,4.99,4.99,2.48,4.72,4.24,3.64,3.36
4.18,4.99,4.99,4.99,4.79,4.99,4.99,4.99,4.99,4.99,4.99,2.99,4.42,3.61,3.91,3.47,4.58,4.99,4.99,4.99,4.79,4.14,4.11,4.48,4.99,4.99,4.99,2.48,4.71,4.22,3.62,3.36
4.17,4.99,4.99,4.99,4.79,4.99,4.99,4.99,4.99,4.99,4.99,2.97,4.48,3.61,3.90,3.48,4.58,4.99,4.99,4.99,4.81,4.14,4.12,4.48,4.99,4.99,4.99,2.47,4.70,4.22,3.62,3.35
4.18,4.99,4.99,4.99,4.79,4.99,4.99,4.99,4.99,4.99,4.99,2.95,4.63,3.61,3.90,3.47,4.58,4.99,4.99,4.99,4.80,4.14,4.12,4.48,4.99,4.99,4.99,2.46,4.74,4.22,3.60,3.35
4.17,4.99,4.99,4.99,4.83,4.99,4.99,4.99,4.99,4.99,4.99,2.93,4.70,3.60,3.91,3.50,4.58,4.99,4.99,4.99,4.80,4.14,4.12,4.49,4.99,4.99,4.99,2.46,4.77,4.22,3.61,3.34
4.18,4.99,4.99,4.99,4.82,4.99,4.99,4.99,4.99,4.99,4.99,2.92,4.69,3.61,3.92,3.50,4.58,4.99,4.99,4.99,4.81,4.14,4.11,4.48,4.99,4.99,4.99,2.46,4.78,4.21,3.61,3.34
4.15,4.99,4.99,4.99,4.81,4.99,4.99,4.99,4.99,4.99,4.99,2.92,4.70,3.59,3.90,3.50,4.58,4.99,4.99,4.99,4.83,4.14,4.14,4.49,4.99,4.99,4.99,2.45,4.82,4.21,3.60,3.34
4.15,4.99,4.99,4.99,4.82,4.99,4.99,4.99,4.99,4.99,4.99,2.96,4.69,3.60,3.90,3.50,4.58,4.99,4.99,4.99,4.84,4.14,4.15,4.49,4.99,4.99,4.99,2.45,4.78,4.21,3.58,3.34
4.15,4.99,4.99,4.99,4.83,4.99,4.99,4.99,4.99,4.99,4.99,2.99,4.69,3.60,3.90,3.49,4.58,4.99,4.99,4.99,4.83,4.14,4.16,4.50,4.99,4.99,4.99,2.44,4.77,4.21,3.59,3.34
4.15,4.99,4.99,4.99,4.84,4.99,4.99,4.99,4.99,4.99,4.99,2.97,4.69,3.61,3.90,3.50,4.57,4.99,4.99,4.99,4.83,4.14,4.15,4.50,4.99,4.99,4.99,2.43,4.77,4.20,3.59,3.34
4.14,4.99,4.99,4.99,4.82,4.99,4.99,4.99,4.99,4.99,4.99,2.96,4.68,3.60,3.90,3.47,4.59,4.99,4.99,4.99,4.83,4.14,4.14,4.49,4.99,4.99,4.99,2.43,4.76,4.20,3.58,3.33
4.14,4.99,4.99,4.99,4.83,4.99,4.99,4.99,4.99,4.99,4.99,2.93,4.68,3.59,3.90,3.47,4.59,4.99,4.99,4.99,4.83,4.14,4.15,4.49,4.99,4.99,4.99,2.43,4.75,4.20,3.57,3.34
4.15,4.99,4.99,4.99,4.83,4.99,4.99,4.99,4.99,4.99,4.99,2.93,4.67,3.60,3.88,3.47,4.59,4.99,4.99,4.99,4.83,4.14,4.16,4.48,4.99,4.99,4.99,2.44,4.75,4.20,3.57,3.33
4.12,4.99,4.99,4.99,4.83,4.99,4.99,4.99,4.99,4.99,4.99,2.92,4.67,3.58,3.88,3.47,4.59,4.99,4.99,4.99,4.83,4.13,4.16,4.49,4.99,4.99,4.99,2.44,4.73,4.19,3.56,3.33
4.13,4.99,4.99,4.99,4.84,4.99,4.99,4.99,4.99,4.99,4.99,2.92,4.67,3.59,3.88,3.45,4.58,4.99,4.99,4.99,4.83,4.14,4.14,4.49,4.99,4.99,4.99,2.44,4.72,4.20,3.55,3.33
4.14,4.99,4.99,4.99,4.83,4.99,4.99,4.99,4.99,4.99,4.99,2.92,4.67,3.58,3.88,3.46,4.59,4.99,4.99,4.99,4.83,4.13,4.14,4.48,4.99,4.99,4.99,2.44,4.72,4.20,3.55,3.33
4.12,4.99,4.99,4.99,4.83,4.99,4.99,4.99,4.99,4.99,4.99,2.92,4.66,3.59,3.88,3.48,4.58,4.99,4.99,4.99,4.82,4.13,4.14,4.48,4.99,4.99,4.99,2.45,4.72,4.20,3.56,3.33
4.12,4.99,4.99,4.99,4.83,4.99,4.99,4.99,4.99,4.99,4.99,2.92,4.67,3.58,3.87,3.47,4.58,4.99,4.99,4.99,4.82,4.13,4.15,4.47,4.99,4.99,4.99,2.44,4.71,4.20,3.57,3.33
4.11,4.99,4.99,4.99,4.83,4.99,4.99,4.99,4.99,4.99,4.99,2.92,4.67,3.58,3.87,3.47,4.58,4.99,4.99,4.99,4.82,4.13,4.12,4.48,4.99,4.99,4.99,2.45,4.70,4.20,3.56,3.33
4.10,4.99,4.99,4.99,4.82,4.99,4.99,4.99,4.99,4.99,4.99,2.90,4.66,3.58,3.85,3.46,4.58,4.99,4.99,4.99,4.82,4.13,4.14,4.49,4.99,4.99,4.99,2.45,4.70,4.19,3.55,3.32
4.10,4.99,4.99,4.99,4.83,4.99,4.99,4.99,4.99,4.99,4.99,2.91,4.67,3.58,3.85,3.47,4.58,4.99,4.99,4.99,4.82,4.13,4.13,4.49,4.99,4.99,4.99,2.45,4.70,4.18,3.55,3.32
4.10,4.99,4.99,4.99,4.83,4.99,4.99,4.99,4.99,4.99,4.99,2.91,4.66,3.57,3.76,3.47,4.58,4.99,4.99,4.99,4.81,4.13,4.13,4.49,4.99,4.99,4.99,2.45,4.68,4.18,3.57,3.33
4.10,4.99,4.99,4.99,4.83,4.99,4.99,4.99,4.99,4.99,4.99,2.89,4.66,3.57,3.75,3.46,4.58,4.99,4.99,4.99,4.81,4.13,4.12,4.47,4.99,4.99,4.99,2.44,4.69,4.18,3.55,3.32
4.09,4.99,4.99,4.99,4.83,4.99,4.99,4.99,4.99,4.99,4.99,2.89,4.66,3.57,3.75,3.46,4.58,4.99,4.99,4.99,4.81,4.13,4.13,4.47,4.99,4.99,4.99,2.45,4.69,4.17,3.55,3.32
4.10,4.99,4.99,4.99,4.83,4.99,4.99,4.99,4.99,4.99,4.99,2.90,4.67,3.57,3.75,3.46,4.58,4.99,4.99,4.99,4.82,4.13,4.13,4.47,4.99,4.99,4.99,2.46,4.69,4.20,3.54,3.32
4.11,4.99,4.99,4.99,4.83,4.99,4.99,4.99,4.99,4.99,4.99,2.90,4.66,3.57,3.75,3.47,4.58,4.99,4.99,4.99,4.81,4.13,4.13,4.46,4.99,4.99,4.99,2.45,4.68,4.20,3.55,3.32
4.11,4.99,4.99,4.99,4.83,4.99,4.99,4.99,4.99,4.99,4.99,2.90,4.66,3.57,3.75,3.46,4.57,4.99,4.99,4.99,4.81,4.13,4.12,4.46,4.99,4.99,4.99,2.44,4.68,4.19,3.55,3.31
4.13,4.99,4.99,4.99,4.84,4.99,4.99,4.99,4.99,4.99,4.99,2.89,4.66,3.57,3.74,3.45,4.57,4.99,4.99,4.99,4.80,4.12,4.12,4.47,4.99,4.99,4.99,2.44,4.68,4.18,3.56,3.31
4.11,4.99,4.99,4.99,4.84,4.99,4.99,4.99,4.99,4.99,4.99,2.89,4.66,3.57,3.75,3.46,4.56,4.99,4.99,4.99,4.81,4.13,4.12,4.46,4.99,4.99,4.99,2.44,4.68,4.18,3.55,3.31
4.11,4.99,4.99,4.99,4.84,4.99,4.99,4.99,4.99,4.99,4.99,2.93,4.67,3.56,3.74,3.46,4.56,4.99,4.99,4.99,4.80,4.12,4.12,4.47,4.99,4.99,4.99,2.44,4.67,4.19,3.55,3.30
4.11,4.99,4.99,4.99,4.84,4.99,4.99,4.99,4.99,4.99,4.99,2.90,4.64,3.55,3.75,3.47,4.57,4.99,4.99,4.99,4.81,4.12,4.11,4.47,4.99,4.99,4.99,2.43,4.66,4.19,3.55,3.31
4.09,4.99,4.99,4.99,4.83,4.99,4.99,4.99,4.99,4.99,4.99,2.92,4.64,3.56,3.73,3.47,4.57,4.99,4.99,4.99,4.81,4.11,4.11,4.47,4.99,4.99,4.99,2.43,4.66,4.19,3.54,3.30
4.10,4.99,4.99,4.99,4.83,4.99,4.99,4.99,4.99,4.99,4.99,2.89,4.63,3.56,3.73,3.45,4.56,4.99,4.99,4.99,4.80,4.12,4.12,4.46,4.99,4.99,4.99,2.43,4.66,4.18,3.54,3.30
4.07,4.99,4.99,4.99,4.84,4.99,4.99,4.99,4.99,4.99,4.99,2.89,4.64,3.56,3.73,3.44,4.57,4.99,4.99,4.99,4.81,4.11,4.11,4.46,4.99,4.99,4.99,2.43,4.65,4.19,3.54,3.30
4.08,4.99,4.99,4.99,4.84,4.99,4.99,4.99,4.99,4.99,4.99,2.89,4.65,3.56,3.72,3.44,4.57,4.99,4.99,4.99,4.81,4.11,4.12,4.46,4.99,4.99,4.99,2.43,4.66,4.19,3.54,3.30
4.07,4.99,4.99,4.99,4.84,4.99,4.99,4.99,4.99,4.99,4.99,2.89,4.66,3.55,3.74,3.44,4.56,4.99,4.99,4.99,4.81,4.12,4.12,4.46,4.99,4.99,4.99,2.43,4.65,4.19,3.55,3.30
4.07,4.99,4.99,4.99,4.83,4.99,4.99,4.99,4.99,4.99,4.99,2.89,4.66,3.55,3.73,3.43,4.56,4.99,4.99,4.99,4.81,4.12,4.12,4.46,4.99,4.99,4.99,2.43,4.65,4.19,3.55,3.30
4.08,4.99,4.99,4.99,4.84,4.99,4.99,4.99,4.99,4.99,4.99,2.89,4.66,3.55,3.73,3.43,4.56,4.99,4.99,4.99,4.82,4.11,4.11,4.47,4.99,4.99,4.99,2.43,4.65,4.19,3.55,3.30
4.07,4.99,4.99,4.99,4.83,4.99,4.99,4.99,4.99,4.99,4.99,2.89,4.66,3.55,3.73,3.42,4.56,4.99,4.99,4.99,4.81,4.12,4.10,4.47,4.99,4.99,4.99,2.44,4.66,4.19,3.54,3.30
4.08,4.99,4.99,4.99,4.86,4.99,4.99,4.99,4.99,4.99,4.99,2.90,4.65,3.54,3.73,3.42,4.56,4.99,4.99,4.99,4.81,4.12,4.11,4.47,4.99,4.99,4.99,2.44,4.65,4.19,3.54,3.29
4.07,4.99,4.99,4.99,4.86,4.99,4.99,4.99,4.99,4.99,4.99,2.89,4.64,3.54,3.74,3.42,4.56,4.99,4.99,4.99,4.81,4.12,4.12,4.46,4.99,4.99,4.99,2.44,4.65,4.20,3.53,3.30
4.07,4.99,4.99,4.99,4.87,4.99,4.99,4.99,4.99,4.99,4.99,2.90,4.65,3.54,3.73,3.41,4.56,4.99,4.99,4.99,4.80,4.11,4.12,4.46,4.99,4.99,4.99,2.44,4.63,4.18,3.52,3.30
4.06,4.99,4.99,4.99,4.86,4.99,4.99,4.99,4.99,4.99,4.99,2.89,4.65,3.54,3.73,3.41,4.56,4.99,4.99,4.99,4.79,4.11,4.12,4.46,4.99,4.99,4.99,2.44,4.64,4.19,3.52,3.29
4.05,4.99,4.99,4.99,4.86,4.99,4.99,4.99,4.99,4.99,4.99,2.89,4.65,3.54,3.72,3.42,4.56,4.99,4.99,4.99,4.79,4.12,4.12,4.46,4.99,4.99,4.99,2.43,4.64,4.19,3.53,3.30
4.06,4.99,4.99,4.99,4.86,4.99,4.99,4.99,4.99,4.99,4.99,2.89,4.66,3.54,3.73,3.43,4.55,4.99,4.99,4.99,4.79,4.11,4.12,4.46,4.99,4.99,4.99,2.43,4.63,4.20,3.53,3.30
4.05,4.99,4.99,4.99,4.86,4.99,4.99,4.99,4.99,4.99,4.99,2.88,4.65,3.54,3.71,3.42,4.56,4.99,4.99,4.99,4.80,4.11,4.12,4.47,4.99,4.99,4.99,2.43,4.63,4.20,3.53,3.30
3.87,4.99,4.99,4.99,4.89,4.99,4.99,4.99,4.99,4.99,4.99,2.84,4.38,3.57,3.95,3.47,4.58,4.99,4.99,4.99,4.36,3.71,3.90,4.18,4.99,4.99,4.99,2.64,4.99,3.74,3.22,3.25,8,2019-11-27
3.88,4.99,4.99,4.99,4.89,4.99,4.99,4.99,4.99,4.99,4.99,2.81,4.39,3.57,3.95,3.48,4.59,4.99,4.99,4.99,4.36,3.71,3.89,4.18,4.99,4.99,4.99,2.64,4.99,3.75,3.23,3.26
3.88,4.99,4.99,4.99,4.89,4.99,4.99,4.99,4.99,4.99,4.99,2.79,4.42,3.57,3.94,3.47,4.58,4.99,4.99,4.99,4.38,3.73,3.89,4.17,4.99,4.99,4.99,2.61,4.99,3.77,3.21,3.25
3.87,4.99,4.99,4.99,4.99,4.99,4.99,4.99,4.99,4.99,4.99,2.83,4.53,3.57,3.96,3.48,4.61,4.99,4.99,4.99,4.38,3.73,3.89,4.18,4.99,4.99,4.99,2.59,4.99,3.78,3.23,3.25
3.89,4.99,4.99,4.99,4.99,4.99,4.99,4.99,4.99,4.99,4.99,2.89,4.59,3.57,3.95,3.48,4.61,4.99,4.99,4.99,4.37,3.73,3.89,4.17,4.99,4.99,4.99,2.59,4.99,3.75,3.24,3.24
3.88,4.99,4.99,4.99,4.99,4.99,4.99,4.99,4.99,4.99,4.99,2.85,4.60,3.57,3.95,3.48,4.54,4.99,4.99,4.99,4.37,3.71,3.90,4.18,4.99,4.99,4.99,2.59,4.99,3.75,3.22,3.24
3.88,4.99,4.99,4.99,4.89,4.99,4.99,4.99,4.99,4.99,4.99,2.83,4.59,3.57,3.95,3.50,4.52,4.99,4.99,4.99,4.38,3.72,3.89,4.19,4.99,4.99,4.99,2.58,4.99,3.75,3.22,3.23
3.87,4.99,4.99,4.99,4.84,4.99,4.99,4.99,4.99,4.99,4.99,2.83,4.60,3.56,3.95,3.48,4.54,4.99,4.99,4.99,4.37,3.73,3.89,4.19,4.99,4.99,4.99,2.58,4.99,3.75,3.21,3.24
3.88,4.99,4.99,4.99,4.99,4.99,4.99,4.99,4.99,4.99,4.99,2.82,4.63,3.56,3.95,3.49,4.54,4.99,4.99,4.99,4.37,3.71,3.90,4.20,4.99,4.99,4.99,2.58,4.99,3.76,3.21,3.25
3.88,4.99,4.99,4.99,4.99,4.99,4.99,4.99,4.99,4.99,4.99,2.81,4.62,3.55,3.94,3.48,4.55,4.99,4.99,4.99,4.38,3.72,3.89,4.19,4.99,4.99,4.99,2.57,4.99,3.76,3.21,3.24
3.89,4.99,4.99,4.99,4.99,4.99,4.99,4.99,4.99,4.99,4.99,2.83,4.60,3.56,3.94,3.47,4.49,4.99,4.99,4.99,4.38,3.71,3.88,4.19,4.99,4.99,4.99,2.57,4.99,3.75,3.21,3.23
3.88,4.99,4.99,4.99,4.99,4.99,4.99,4.99,4.99,4.99,4.99,2.84,4.58,3.56,3.93,3.47,4.52,4.99,4.99,4.99,4.37,3.72,3.88,4.19,4.99,4.99,4.99,2.57,4.99,3.75,3.20,3.23
3.88,4.99,4.99,4.99,4.89,4.99,4.99,4.99,4.99,4.99,4.99,2.86,4.51,3.55,3.93,3.47,4.52,4.99,4.99,4.99,4.38,3.72,3.89,4.20,4.99,4.99,4.99,2.60,4.99,3.76,3.20,3.23
3.90,4.99,4.99,4.99,4.88,4.99,4.99,4.99,4.99,4.99,4.99,2.89,4.48,3.56,3.94,3.48,4.49,4.99,4.99,4.99,4.38,3.72,3.87,4.18,4.99,4.99,4.99,2.60,4.99,3.75,3.20,3.22
3.89,4.99,4.99,4.99,4.89,4.99,4.99,4.99,4.99,4.99,4.99,2.85,4.46,3.55,3.93,3.47,4.50,4.99,4.99,4.99,4.38,3.71,3.88,4.19,4.99,4.99,4.99,2.61,4.99,3.73,3.20,3.23
3.89,4.99,4.99,4.99,4.99,4.99,4.99,4.99,4.99,4.99,4.99,2.82,4.44,3.56,3.92,3.48,4.50,4.99,4.99,4.99,4.37,3.70,3.87,4.18,4.99,4.99,4.99,2.61,4.99,3.71,3.19,3.22
3.89,4.99,4.99,4.99,4.99,4.99,4.99,4.99,4.99,4.99,4.99,2.82,4.44,3.55,3.92,3.48,4.48,4.99,4.99,4.99,4.36,3.71,3.86,4.20,4.99,4.99,4.99,2.61,4.99,3.66,3.18,3.22
3.87,4.99,4.99,4.99,4.99,4.99,4.99,4.99,4.99,4.99,4.99,2.82,4.43,3.55,3.92,3.48,4.47,4.99,4.99,4.99,4.37,3.71,3.88,4.19,4.99,4.99,4.99,2.60,4.99,3.67,3.19,3.22
3.89,4.99,4.99,4.99,4.99,4.99,4.99,4.99,4.99,4.99,4.99,2.81,4.44,3.55,3.92,3.47,4.48,4.99,4.99,4.99,4.37,3.70,3.88,4.20,4.99,4.99,4.99,2.60,4.99,3.70,3.19,3.23
3.89,4.99,4.99,4.99,4.99,4.99,4.99,4.99,4.99,4.99,4.99,2.85,4.43,3.55,3.93,3.47,4.46,4.99,4.99,4.99,4.37,3.71,3.88,4.20,4.99,4.99,4.99,2.60,4.99,3.70,3.20,3.22
3.89,4.99,4.99,4.99,4.99,4.99,4.99,4.99,4.99,4.99,4.99,2.85,4.42,3.55,3.92,3.47,4.47,4.99,4.99,4.99,4.37,3.71,3.88,4.19,4.99,4.99,4.99,2.60,4.99,3.69,3.20,3.22
3.90,4.99,4.99,4.99,4.99,4.99,4.99,4.99,4.99,4.99,4.99,2.86,4.41,3.55,3.93,3.47,4.46,4.99,4.99,4.99,4.37,3.71,3.88,4.20,4.99,4.99,4.99,2.59,4.99,3.70,3.20,3.23
3.90,4.99,4.99,4.99,4.99,4.99,4.99,4.99,4.99,4.99,4.99,2.84,4.40,3.55,3.92,3.46,4.45,4.99,4.99,4.99,4.37,3.70,3.88,4.20,4.99,4.99,4.99,2.59,4.99,3.68,3.20,3.22
3.89,4.99,4.99,4.99,4.99,4.99,4.99,4.99,4.99,4.99,4.99,2.85,4.39,3.55,3.91,3.46,4.46,4.99,4.99,4.99,4.38,3.70,3.87,4.20,4.99,4.99,4.99,2.60,4.99,3.68,3.19,3.22
3.90,4.99,4.99,4.99,4.99,4.99,4.99,4.99,4.99,4.99,4.99,2.84,4.40,3.55,3.92,3.46,4.46,4.99,4.99,4.99,4.38,3.70,3.87,4.19,4.99,4.99,4.99,2.60,4.99,3.68,3.19,3.22
3.87,4.99,4.99,4.99,4.99,4.99,4.99,4.99,4.99,4.99,4.99,2.83,4.41,3.55,3.91,3.46,4.46,4.99,4.99,4.99,4.38,3.70,3.86,4.19,4.99,4.99,4.99,2.60,4.99,3.66,3.19,3.22
3.89,4.99,4.99,4.99,4.99,4.99,4.99,4.99,4.99,4.99,4.99,2.84,4.40,3.55,3.92,3.46,4.45,4.99,4.99,4.99,4.38,3.70,3.86,4.19,4.99,4.99,4.99,2.62,4.99,3.64,3.19,3.23
3.88,4.99,4.99,4.99,4.99,4.99,4.99,4.99,4.99,4.99,4.99,2.85,4.40,3.55,3.92,3.46,4.46,4.99,4.99,4.99,4.38,3.69,3.86,4.19,4.99,4.99,4.99,2.61,4.99,3.64,3.18,3.23
3.87,4.99,4.99,4.99,4.99,4.99,4.99,4.99,4.99,4.99,4.99,2.84,4.39,3.55,3.92,3.46,4.46,4.99,4.99,4.99,4.38,3.68,3.86,4.19,4.99,4.99,4.99,2.60,4.99,3.65,3.18,3.23
3.89,4.99,4.99,4.99,4.99,4.99,4.99,4.99,4.99,4.99,4.99,2.83,4.40,3.55,3.92,3.46,4.46,4.99,4.99,4.99,4.38,3.69,3.87,4.19,4.99,4.99,4.99,2.60,4.99,3.67,3.17,3.22
3.88,4.99,4.99,4.99,4.99,4.99,4.99,4.99,4.99,4.99,4.99,2.86,4.41,3.55,3.92,3.46,4.47,4.99,4.99,4.99,4.38,3.69,3.86,4.19,4.99,4.99,4.99,2.60,4.99,3.65,3.16,3.22
3.87,4.99,4.99,4.99,4.99,4.99,4.99,4.99,4.99,4.99,4.99,2.86,4.41,3.55,3.92,3.47,4.46,4.99,4.99,4.99,4.38,3.69,3.86,4.19,4.99,4.99,4.99,2.60,4.99,3.65,3.16,3.22
3.87,4.99,4.99,4.99,4.99,4.99,4.99,4.99,4.99,4.99,4.99,2.85,4.40,3.55,3.90,3.45,4.47,4.99,4.99,4.99,4.38,3.69,3.86,4.18,4.99,4.99,4.99,2.59,4.99,3.64,3.15,3.22
3.87,4.99,4.99,4.99,4.99,4.99,4.99,4.99,4.99,4.99,4.99,2.84,4.41,3.54,3.89,3.45,4.47,4.99,4.99,4.99,4.38,3.69,3.86,4.17,4.99,4.99,4.99,2.59,4.99,3.64,3.16,3.22
3.87,4.99,4.99,4.99,4.99,4.99,4.99,4.99,4.99,4.99,4.99,2.83,4.42,3.54,3.88,3.44,4.46,4.99,4.99,4.99,4.38,3.68,3.86,4.17,4.99,4.99,4.99,2.58,4.99,3.64,3.16,3.21
3.87,4.99,4.99,4.99,4.99,4.99,4.99,4.99,4.99,4.99,4.99,2.83,4.40,3.54,3.89,3.44,4.47,4.99,4.99,4.99,4.39,3.68,3.86,4.17,4.99,4.99,4.99,2.59,4.99,3.64,3.16,3.21
3.87,4.99,4.99,4.99,4.83,4.99,4.99,4.99,4.99,4.99,4.99,2.82,4.41,3.54,3.88,3.45,4.46,4.99,4.99,4.99,4.38,3.68,3.87,4.17,4.99,4.99,4.99,2.58,4.99,3.64,3.15,3.21
3.86,4.99,4.99,4.99,4.84,4.99,4.99,4.99,4.99,4.99,4.99,2.81,4.40,3.54,3.88,3.45,4.44,4.99,4.99,4.99,4.38,3.68,3.86,4.17,4.99,4.99,4.99,2.59,4.99,3.65,3.15,3.21
3.87,4.99,4.99,4.99,4.84,4.99,4.99,4.99,4.99,4.99,4.99,2.81,4.43,3.54,3.90,3.46,4.43,4.99,4.99,4.99,4.38,3.68,3.86,4.17,4.99,4.99,4.99,2.59,4.99,3.63,3.14,3.21
3.87,4.99,4.99,4.99,4.85,4.99,4.99,4.99,4.99,4.99,4.99,2.81,4.41,3.54,3.90,3.46,4.44,4.99,4.99,4.99,4.38,3.68,3.86,4.18,4.99,4.99,4.99,2.59,4.99,3.65,3.14,3.21
3.87,4.99,4.99,4.99,4.85,4.99,4.99,4.99,4.99,4.99,4.99,2.81,4.42,3.54,3.90,3.47,4.45,4.99,4.99,4.99,4.38,3.68,3.85,4.18,4.99,4.99,4.99,2.58,4.99,3.64,3.14,3.21
3.87,4.99,4.99,4.99,4.84,4.99,4.99,4.99,4.99,4.99,4.99,2.82,4.43,3.54,3.90,3.47,4.39,4.99,4.99,4.99,4.38,3.68,3.85,4.17,4.99,4.99,4.99,2.58,4.99,3.62,3.13,3.20
3.86,4.99,4.99,4.99,4.85,4.99,4.99,4.99,4.99,4.99,4.99,2.82,4.41,3.54,3.90,3.46,4.38,4.99,4.99,4.99,4.38,3.68,3.85,4.17,4.99,4.99,4.99,2.58,4.99,3.62,3.13,3.20
3.86,4.99,4.99,4.99,4.84,4.99,4.99,4.99,4.99,4.99,4.99,2.82,4.41,3.54,3.90,3.46,4.38,4.99,4.99,4.99,4.38,3.69,3.85,4.17,4.99,4.99,4.99,2.58,4.99,3.62,3.14,3.21
3.87,4.99,4.99,4.99,4.84,4.99,4.99,4.99,4.99,4.99,4.99,2.81,4.41,3.54,3.90,3.45,4.37,4.99,4.99,4.99,4.38,3.68,3.85,4.17,4.99,4.99,4.99,2.58,4.99,3.62,3.14,3.21
3.87,4.99,4.99,4.99,4.84,4.99,4.99,4.99,4.99,4.99,4.99,2.80,4.39,3.54,3.88,3.45,4.37,4.99,4.99,4.99,4.38,3.68,3.85,4.17,4.99,4.99,4.99,2.58,4.99,3.62,3.14,3.20
3.88,4.99,4.99,4.99,4.81,4.99,4.99,4.99,4.99,4.99,4.99,2.81,4.43,3.54,3.88,3.44,4.37,4.99,4.99,4.99,4.38,3.68,3.86,4.17,4.99,4.99,4.99,2.58,4.99,3.63,3.14,3.20
3.87,4.99,4.99,4.99,4.84,4.99,4.99,4.99,4.99,4.99,4.99,2.79,4.43,3.53,3.88,3.44,4.37,4.99,4.99,4.99,4.38,3.69,3.86,4.17,4.99,4.99,4.99,2.58,4.99,3.62,3.14,3.20
3.87,4.99,4.99,4.99,4.83,4.99,4.99,4.99,4.99,4.99,4.99,2.79,4.43,3.54,3.88,3.45,4.37,4.99,4.99,4.99,4.38,3.68,3.86,4.17,4.99,4.99,4.99,2.58,4.99,3.62,3.14,3.20
3.87,4.99,4.99,4.99,4.83,4.99,4.99,4.99,4.99,4.99,4.99,2.78,4.43,3.54,3.87,3.45,4.36,4.99,4.99,4.99,4.38,3.68,3.85,4.17,4.99,4.99,4.99,2.58,4.99,3.62,3.14,3.20
3.88,4.99,4.99,4.99,4.84,4.99,4.99,4.99,4.99,4.99,4.99,2.78,4.45,3.54,3.87,3.45,4.36,4.99,4.99,4.99,4.38,3.68,3.86,4.17,4.99,4.99,4.99,2.58,4.99,3.61,3.14,3.20
3.87,4.99,4.99,4.99,4.81,4.99,4.99,4.99,4.99,4.99,4.99,2.78,4.44,3.54,3.88,3.44,4.36,4.99,4.99,4.99,4.38,3.68,3.86,4.16,4.99,4.99,4.99,2.58,4.99,3.61,3.13,3.20
3.87,4.99,4.99,4.99,4.85,4.99,4.99,4.99,4.99,4.99,4.99,2.77,4.43,3.54,3.88,3.44,4.36,4.99,4.99,4.99,4.38,3.68,3.86,4.16,4.99,4.99,4.99,2.58,4.99,3.61,3.15,3.21
3.87,4.99,4.99,4.99,4.85,4.99,4.99,4.99,4.99,4.99,4.99,2.77,4.43,3.54,3.87,3.45,4.36,4.99,4.99,4.99,4.37,3.68,3.85,4.17,4.99,4.99,4.99,2.58,4.99,3.60,3.15,3.20
3.87,4.99,4.99,4.99,4.84,4.99,4.99,4.99,4.99,4.99,4.99,2.78,4.43,3.54,3.87,3.44,4.36,4.99,4.99,4.99,4.37,3.67,3.86,4.16,4.99,4.99,4.99,2.58,4.99,3.61,3.14,3.20
