Watch3,2021-06-03 22:41:16,62
Watch3,2021-06-03 22:41:21,60
Watch3,2021-06-03 22:41:26,59
Watch3,2021-06-03 22:41:27,59
Watch3,2021-06-03 22:41:36,59
Watch3,2021-06-03 22:41:39,59
Watch3,2021-06-03 22:41:45,60
Watch3,2021-06-03 22:41:47,61
Watch3,2021-06-03 22:41:56,61
Watch3,2021-06-03 22:41:58,60
Watch3,2021-06-03 22:42:02,61
Watch3,2021-06-03 22:42:07,62
Watch3,2021-06-03 22:42:16,60
Watch3,2021-06-03 22:42:21,60
Watch3,2021-06-03 22:42:31,60
Watch3,2021-06-03 22:42:32,60
Watch3,2021-06-03 22:42:41,60
Watch3,2021-06-03 22:42:44,60
Watch3,2021-06-03 22:42:47,60
Watch3,2021-06-03 22:42:56,119
